Customer_ID,Recency_Days,Frequency_90D,Monetary_90D,Avg_Basket,Discount_Ratio,Return_Ratio,Web_Visits_30D,App_Sessions_30D,Review_Score,Region,Cluster
30001,24,9,505714,45856,0.47,0.05,16,10,4.7,Seoul,0
30002,42,2,73314,41320,0.22,0.01,10,4,4.0,Seoul,0
30003,39,10,215402,23642,0.2,0.14,11,14,3.3,Seoul,0
30004,21,4,343927,65800,0.15,0.07,9,3,4.0,Seoul,0
30005,2,19,1633920,70789,0.17,0.05,18,46,4.8,Seoul,0
30006,35,11,606920,46400,0.25,0.62,15,14,4.0,Metro,0
30007,26,10,365755,43662,0.31,0.03,19,0,4.2,Metro,0
30008,1,3,79248,47156,0.42,0.07,18,4,4.2,Metro,0
30009,9,22,1204062,55060,0.02,0.03,21,27,4.7,Other,0
30010,47,1,36134,37166,0.51,0.08,8,5,3.1,Seoul,0
30011,82,3,106301,30124,0.37,0.19,9,4,4.2,Metro,0
30012,0,5,89693,32520,0.45,0.71,4,22,4.0,Metro,0
30013,15,6,397125,46486,0.28,0.02,7,10,4.5,Other,0
30014,33,9,169045,40156,0.63,0.03,10,20,4.6,Metro,0
30015,141,1,19382,41756,0.18,0.03,6,2,3.8,Other,0
30016,31,9,235238,20224,0.8,0.15,16,11,4.2,Metro,0
30017,38,7,297009,46795,0.2,0.07,12,12,4.9,Other,0
30018,7,15,893897,47459,0.2,0.05,18,51,4.3,Seoul,0
30019,28,10,611793,53685,0.48,0.07,14,17,4.5,Seoul,0
30020,32,3,200852,44605,0.25,0.01,15,14,4.1,Metro,0
30021,20,6,269764,50725,0.49,0.17,11,0,4.2,Metro,0
30022,79,2,55708,31380,0.12,0.07,6,4,3.7,Metro,0
30023,8,4,97574,31032,0.23,0.61,18,13,3.9,Seoul,0
30024,25,5,234871,49921,0.35,0.09,7,11,4.5,Metro,0
30025,12,9,665967,49358,0.15,0.06,14,7,3.7,Seoul,0
30026,20,7,180143,35256,0.55,0.04,19,16,4.4,Metro,0
30027,82,0,0,24915,0.33,0.07,1,4,4.0,Seoul,0
30028,9,14,574784,54594,0.16,0.05,15,29,5.0,Metro,0
30029,10,5,180459,38759,0.8,0.06,22,20,4.3,Seoul,0
30030,19,5,397750,59658,0.27,0.28,8,6,4.1,Seoul,0
30031,25,7,385796,46174,0.35,0.05,15,10,4.9,Metro,0
30032,10,6,390559,46387,0.38,0.66,18,11,3.8,Seoul,0
30033,14,10,222951,33938,0.68,0.01,15,28,4.4,Metro,0
30034,60,3,62529,27537,0.24,0.11,5,3,4.2,Seoul,0
30035,54,2,58796,38176,0.27,0.13,0,3,3.7,Other,0
30036,19,10,601737,46843,0.72,0.1,21,13,4.8,Metro,0
30037,9,16,995502,52378,0.11,0.07,27,42,4.3,Seoul,0
30038,116,3,144232,31731,0.3,0.12,8,5,4.2,Metro,0
30039,16,4,4110667,115448,0.6,0.77,16,96,2.5,Other,-1
30040,6,5,253391,42308,0.35,0.21,15,12,4.5,Seoul,0
30041,59,2,72550,38842,0.43,0.23,13,4,4.1,Seoul,0
30042,54,7,338693,42617,0.2,0.14,21,1,4.6,Metro,0
30043,17,4,204779,46677,0.35,0.15,19,6,4.3,Other,0
30044,8,10,239908,42087,0.66,0.09,20,23,4.5,Metro,0
30045,28,3,95438,30830,0.39,0.01,16,7,4.6,Metro,0
30046,10,5,141777,55595,0.31,0.07,10,9,4.4,Metro,0
30047,35,2,85739,46899,0.26,0.05,4,5,4.2,Metro,0
30048,17,10,541001,58614,0.61,0.17,14,26,4.1,Seoul,0
30049,0,4,100515,40805,0.21,0.1,8,14,5.0,Seoul,0
30050,3,13,802698,58478,0.13,0.01,32,35,4.8,Metro,0
30051,25,7,275282,42822,0.78,0.12,16,14,4.2,Metro,0
30052,3,14,1006377,55215,0.03,0.06,28,35,5.0,Metro,0
30053,46,5,270840,42172,0.28,0.13,18,6,4.0,Other,0
30054,26,8,323428,31271,0.21,0.22,14,12,3.9,Other,0
30055,0,3,122070,43985,0.44,0.22,8,20,3.5,Seoul,0
30056,13,5,110771,30800,0.22,0.23,13,10,4.2,Other,0
30057,80,3,55050,32960,0.1,0.1,7,3,4.3,Seoul,0
30058,50,11,334247,27858,0.21,0.03,11,12,4.6,Other,0
30059,10,18,865035,44920,0.1,0.04,24,25,4.7,Seoul,0
30060,4,17,947174,41914,0.08,0.08,18,42,4.8,Other,0
30061,31,2,60312,36429,0.29,0.05,11,9,4.7,Metro,0
30062,66,2,86737,59330,0.27,0.03,7,5,2.8,Seoul,0
30063,0,3,68468,40781,0.36,0.11,13,6,4.2,Seoul,0
30064,19,7,327754,35281,0.32,0.28,9,7,4.8,Metro,0
30065,23,2,110223,45572,0.54,0.26,6,14,4.3,Metro,0
30066,31,6,225056,54036,0.65,0.14,21,4,3.7,Metro,0
30067,25,10,448077,44964,0.34,0.12,11,7,4.6,Seoul,0
30068,11,7,230343,41191,0.89,0.12,18,17,4.6,Other,0
30069,0,25,1682779,57103,0.05,0.07,20,25,4.8,Metro,0
30070,87,2,84564,40210,0.19,0.05,3,5,3.7,Metro,0
30071,25,10,491504,41350,0.61,0.15,20,25,4.8,Seoul,0
30072,106,2,69508,36590,0.19,0.02,6,1,3.8,Seoul,0
30073,4,4,93710,23052,0.27,0.03,15,7,4.0,Seoul,0
30074,9,14,744019,46683,0.86,0.08,14,21,4.0,Seoul,0
30075,10,18,1260396,66065,0.08,0.15,28,23,4.7,Seoul,0
30076,0,10,468916,45816,0.81,0.03,12,24,4.9,Metro,0
30077,19,11,325931,34975,0.71,0.13,7,25,4.2,Seoul,0
30078,17,4,212969,42834,0.31,0.05,4,12,4.0,Metro,0
30079,14,2,79799,48227,0.12,0.22,5,8,4.7,Metro,0
30080,34,4,105486,39668,0.6,0.09,8,8,4.7,Metro,0
30081,18,5,240071,45840,0.3,0.03,7,8,4.4,Other,0
30082,82,2,80775,27322,0.1,0.05,7,2,3.8,Metro,0
30083,18,11,379834,45384,0.4,0.12,7,11,3.9,Metro,0
30084,18,7,209482,39122,0.62,0.04,22,21,4.6,Seoul,0
30085,3,21,1441551,55635,0.25,0.04,8,44,5.0,Metro,0
30086,9,12,907022,61506,0.21,0.03,20,49,4.5,Seoul,0
30087,22,6,227244,33102,0.23,0.1,7,16,3.8,Metro,0
30088,80,2,63865,35212,0.11,0.02,7,1,3.5,Other,0
30089,19,8,277631,37329,0.56,0.15,23,19,5.0,Other,0
30090,15,6,296930,53841,0.35,0.03,16,17,4.4,Metro,0
30091,19,11,371929,40021,0.8,0.05,8,14,3.9,Other,0
30092,43,6,166661,40394,0.34,0.19,8,4,4.3,Other,0
30093,88,3,37206,36012,0.33,0.29,6,1,3.6,Metro,0
30094,26,36,3964222,33176,1.0,0.2,74,8,2.3,Other,-1
30095,15,5,256016,54786,0.85,0.07,18,17,4.6,Other,0
30096,38,4,124647,40040,0.43,0.1,1,11,4.1,Metro,0
30097,121,1,21575,33234,0.28,0.09,4,6,4.1,Metro,0
30098,13,18,1364217,63102,0.19,0.13,26,30,4.5,Metro,0
30099,7,13,480463,57134,0.19,0.05,15,43,4.6,Seoul,0
30100,8,5,237167,55567,0.61,0.68,8,11,3.4,Other,0
30101,6,6,330328,47560,0.39,0.51,29,22,3.9,Metro,0
30102,39,0,4104,47068,0.39,0.05,13,14,4.4,Seoul,0
30103,12,10,473155,46322,0.97,0.23,16,17,4.3,Metro,0
30104,19,4,326535,68047,0.25,0.46,9,6,3.7,Other,0
30105,10,10,252058,28554,0.11,0.14,10,19,4.3,Metro,0
30106,29,8,239416,54394,0.2,0.07,20,4,4.0,Other,0
30107,69,5,177930,41459,0.38,0.03,8,5,3.9,Metro,0
30108,12,10,279395,41442,0.78,0.12,24,25,4.5,Seoul,0
30109,11,18,770167,48484,0.06,0.07,25,41,5.0,Seoul,0
30110,30,7,412936,43531,0.62,0.44,10,9,2.8,Seoul,0
30111,94,2,91388,38336,0.42,0.16,11,4,3.4,Seoul,0
30112,11,9,359697,50712,0.81,0.07,17,19,4.2,Seoul,0
30113,11,10,406903,43319,0.92,0.07,21,19,3.7,Seoul,0
30114,34,9,211343,34159,0.23,0.36,12,11,3.8,Seoul,0
30115,1,9,353785,30534,0.82,0.08,16,12,4.2,Metro,0
30116,13,7,415175,59283,0.44,0.3,18,15,4.2,Metro,0
30117,11,9,621955,53138,0.41,0.21,11,7,4.1,Metro,0
30118,13,2,62881,33906,0.4,0.02,9,7,4.1,Seoul,0
30119,111,1,48828,45798,0.43,0.13,0,2,4.3,Metro,0
30120,7,6,287027,46000,0.13,0.03,15,8,4.2,Seoul,0
30121,38,7,395829,34396,0.31,0.12,6,12,4.2,Metro,0
30122,36,9,325329,33159,0.5,0.13,18,9,4.0,Metro,0
30123,8,19,1460499,56562,0.1,0.02,24,34,4.6,Seoul,0
30124,89,2,119802,46429,0.21,0.18,0,1,4.3,Seoul,0
30125,13,16,889047,64657,0.2,0.08,13,46,4.8,Metro,0
30126,74,3,87751,40669,0.31,0.11,2,3,4.5,Metro,0
30127,5,7,428264,53648,0.85,0.15,15,25,4.5,Other,0
30128,3,26,1938044,59239,0.03,0.05,23,34,4.9,Metro,0
30129,7,22,1643620,60986,0.45,0.09,18,39,4.9,Seoul,0
30130,21,7,73371,20519,0.21,0.16,10,12,4.5,Metro,0
30131,13,5,212236,40905,0.6,0.07,22,13,4.8,Other,0
30132,14,6,215247,44153,0.13,0.26,23,16,3.3,Metro,0
30133,24,7,389533,48709,0.42,0.06,4,7,4.1,Metro,0
30134,0,9,235738,26208,0.9,0.06,23,16,4.5,Seoul,0
30135,17,7,267818,38891,0.4,0.06,15,16,4.3,Metro,0
30136,10,21,1014397,51300,0.1,0.05,24,25,4.9,Seoul,0
30137,34,10,375197,38248,0.28,0.43,6,13,3.8,Metro,0
30138,65,3,75066,44120,0.11,0.05,5,2,3.5,Metro,0
30139,53,2,102236,50065,0.2,0.03,11,12,3.9,Metro,0
30140,6,19,713075,53381,0.04,0.09,26,25,5.0,Metro,0
30141,77,2,56485,46989,0.17,0.1,5,4,5.0,Metro,0
30142,52,2,65500,42299,0.11,0.06,6,3,4.0,Metro,0
30143,37,13,638748,57574,0.42,0.58,13,5,3.7,Other,0
30144,20,5,144701,45029,0.25,0.11,6,1,4.0,Other,0
30145,93,2,87573,40222,0.32,0.06,6,5,3.5,Metro,0
30146,0,13,369807,30803,0.83,0.08,12,26,4.8,Metro,0
30147,12,12,702035,49894,0.83,0.16,24,23,4.3,Other,0
30148,19,5,182214,32043,0.18,0.1,14,13,4.4,Metro,0
30149,103,3,74205,41274,0.29,0.16,6,3,5.0,Seoul,0
30150,12,23,1228869,54050,0.01,0.02,24,44,4.8,Metro,0
30151,23,8,129098,50569,0.35,0.25,10,2,3.7,Seoul,0
30152,9,7,308405,47673,0.27,0.2,16,7,4.7,Metro,0
30153,5,10,848217,54589,0.07,0.03,22,39,4.6,Other,0
30154,28,10,342121,38684,0.05,0.04,11,10,4.4,Seoul,0
30155,15,21,1281752,64344,0.12,0.16,24,34,4.7,Seoul,0
30156,42,7,305896,51776,0.37,0.04,14,7,4.2,Seoul,0
30157,13,8,255265,30916,0.83,0.11,13,13,4.2,Seoul,0
30158,23,5,214700,40566,0.15,0.06,11,13,4.4,Seoul,0
30159,35,9,226039,35925,0.26,0.15,4,20,3.7,Other,0
30160,1,3,135244,41284,0.26,0.09,16,0,4.3,Seoul,0
30161,15,12,410284,36223,0.14,0.07,15,50,4.6,Other,0
30162,26,5,242114,38516,0.27,0.38,10,13,3.3,Metro,0
30163,12,8,490140,51445,0.73,0.16,6,12,4.5,Seoul,0
30164,8,14,683650,55244,0.37,0.12,22,50,5.0,Seoul,0
30165,14,5,360960,39673,0.5,0.14,8,7,3.5,Metro,0
30166,67,3,165990,50893,0.29,0.1,10,0,4.3,Metro,0
30167,26,4,82873,29644,0.72,0.06,2,11,4.6,Metro,0
30168,3,3,67758,19271,0.28,0.09,10,9,3.8,Other,0
30169,0,8,221980,42567,0.68,0.24,18,17,4.3,Seoul,0
30170,14,6,282862,45896,0.12,0.55,14,23,3.5,Other,0
30171,25,8,284741,46997,0.71,0.18,21,15,4.7,Other,0
30172,29,3,196691,57822,0.33,0.11,9,0,4.5,Seoul,0
30173,4,10,398474,40202,0.54,0.12,10,9,4.0,Metro,0
30174,4,14,325864,24098,0.25,0.55,8,11,3.4,Seoul,0
30175,8,12,582908,45664,0.87,0.11,8,13,4.7,Metro,0
30176,9,18,1332083,54364,0.25,0.02,17,39,4.6,Metro,0
30177,66,1,35858,38901,0.33,0.07,3,3,4.0,Other,0
30178,20,2,35285,57036,0.23,0.52,26,9,3.6,Other,0
30179,21,4,242467,53191,0.48,0.07,16,16,3.8,Metro,0
30180,29,6,321339,56303,0.55,0.1,9,11,4.2,Metro,0
30181,22,5,262077,51118,0.5,0.12,11,14,4.2,Metro,0
30182,23,7,274604,39275,0.34,0.05,15,13,4.2,Other,0
30183,0,7,325460,41416,0.31,0.08,12,9,4.4,Seoul,0
30184,57,23,1786035,146533,0.88,0.37,5,49,1.4,Seoul,-1
30185,12,0,6995,37456,0.33,0.03,17,4,3.8,Metro,0
30186,31,6,403557,47870,0.3,0.1,17,10,3.5,Other,0
30187,54,2,72678,43832,0.41,0.08,9,4,4.1,Seoul,0
30188,12,21,969020,44028,0.11,0.06,28,23,4.8,Metro,0
30189,8,4,158910,47256,0.14,0.03,7,3,3.9,Metro,0
30190,23,7,159872,41730,0.87,0.07,15,23,4.5,Seoul,0
30191,25,12,329773,52092,0.2,0.37,9,12,4.1,Metro,0
30192,17,11,356936,34542,0.67,0.16,25,23,4.7,Other,0
30193,2,11,670092,60374,0.07,0.08,26,34,4.4,Seoul,0
30194,13,2,78988,39914,0.61,0.19,14,15,4.6,Metro,0
30195,11,11,441983,44510,0.62,0.06,18,26,4.2,Metro,0
30196,10,8,233991,29281,0.82,0.21,22,20,4.2,Other,0
30197,20,7,296057,46943,0.56,0.11,20,16,4.0,Seoul,0
30198,21,6,399329,53441,0.07,0.04,8,12,3.9,Metro,0
30199,15,6,372576,48521,0.78,0.1,19,15,4.5,Metro,0
30200,5,10,479636,43379,0.82,0.21,26,24,4.2,Other,0
30201,34,6,166440,42974,0.24,0.12,6,9,4.9,Other,0
30202,23,9,472032,43137,0.32,0.21,18,11,4.4,Metro,0
30203,28,8,320239,32527,0.55,0.12,15,15,3.8,Metro,0
30204,2,14,949064,49204,0.04,0.03,26,28,4.7,Other,0
30205,12,16,1039159,52144,0.16,0.04,32,36,4.6,Seoul,0
30206,153,1,506381,145647,0.22,0.41,53,15,4.6,Seoul,-1
30207,8,15,975341,69790,0.1,0.02,20,28,4.8,Seoul,0
30208,17,4,218378,47109,0.28,0.09,8,16,4.6,Metro,0
30209,6,19,1047521,63080,0.14,0.06,19,25,4.8,Metro,0
30210,4,4,146334,31993,0.51,0.19,22,13,3.8,Metro,0
30211,62,6,213104,35720,0.49,0.01,10,17,3.8,Metro,0
30212,25,5,210334,45486,0.11,0.17,7,17,4.5,Metro,0
30213,10,10,291880,23682,0.67,0.09,18,10,4.5,Metro,0
30214,36,13,516671,48568,0.21,0.06,9,18,4.5,Other,0
30215,0,6,220628,43858,0.45,0.11,19,17,3.9,Metro,0
30216,21,6,98803,33883,0.21,0.12,6,0,3.4,Other,0
30217,7,30,2360458,59596,0.24,0.07,20,17,5.0,Seoul,0
30218,0,18,1132155,58046,0.06,0.04,12,36,5.0,Other,0
30219,34,2,88134,43471,0.44,0.23,5,25,3.8,Seoul,0
30220,84,2,64196,32590,0.55,0.05,12,4,4.5,Other,0
30221,18,7,283388,34120,0.92,0.2,10,17,4.4,Metro,0
30222,75,4,208565,50007,0.54,0.16,2,2,4.0,Metro,0
30223,20,4,242274,68066,0.09,0.07,10,12,4.1,Seoul,0
30224,41,5,252698,47815,0.41,0.57,13,17,2.5,Metro,0
30225,17,9,328849,38460,0.87,0.06,22,20,4.5,Metro,0
30226,29,13,1325229,63484,0.12,0.38,22,0,3.1,Other,0
30227,6,13,553962,53683,0.11,0.06,13,17,4.7,Metro,0
30228,19,3,109356,38304,0.31,0.1,11,11,4.1,Seoul,0
30229,34,2,82115,47095,0.07,0.07,0,14,5.0,Other,0
30230,4,11,570718,70995,0.02,0.03,26,32,4.5,Other,0
30231,11,15,791544,61417,0.13,0.09,14,41,4.5,Seoul,0
30232,46,2,96345,41596,0.45,0.06,0,2,3.0,Other,0
30233,19,8,298827,40881,0.17,0.28,15,20,3.6,Seoul,0
30234,22,5,156220,37742,0.31,0.13,10,2,3.7,Metro,0
30235,12,5,279416,48176,0.24,0.47,22,9,4.2,Other,0
30236,20,5,199573,34541,0.13,0.06,11,4,4.1,Other,0
30237,133,6,334140,35237,0.61,0.05,7,2,3.9,Metro,0
30238,25,9,359571,43468,0.52,0.12,8,19,4.2,Seoul,0
30239,11,12,511053,49004,0.13,0.04,16,29,4.8,Metro,0
30240,9,18,540677,43799,0.12,0.04,21,26,4.7,Seoul,0
30241,25,5,109748,39020,0.6,0.12,16,13,4.2,Metro,0
30242,10,5,212439,43857,0.28,0.18,16,12,3.9,Other,0
30243,10,6,163283,46716,0.82,0.11,24,13,4.6,Seoul,0
30244,37,6,285418,37097,0.59,0.06,13,7,4.0,Metro,0
30245,18,6,298250,44212,0.5,0.15,6,5,4.1,Seoul,0
30246,24,8,229714,36247,0.64,0.07,7,6,4.3,Other,0
30247,43,9,306640,52688,0.36,0.08,17,6,4.6,Metro,0
30248,39,2,61074,37439,0.24,0.06,8,0,4.3,Metro,0
30249,46,0,17030,36253,0.25,0.06,6,3,3.9,Other,0
30250,94,3,97697,38040,0.54,0.15,0,5,3.4,Seoul,0
30251,60,6,329011,45681,0.43,0.02,24,13,4.3,Seoul,0
30252,31,3,153399,41871,0.2,0.18,17,12,4.0,Seoul,0
30253,88,4,170778,39678,0.2,0.19,1,2,3.9,Metro,0
30254,0,9,294819,35400,0.83,0.24,22,12,4.4,Metro,0
30255,12,11,690126,59836,0.73,0.13,17,15,4.3,Metro,0
30256,4,5,174633,42852,0.22,0.06,14,6,4.6,Seoul,0
30257,22,6,196465,39607,0.46,0.05,7,15,4.3,Seoul,0
30258,9,18,933080,59535,0.28,0.08,20,34,4.8,Seoul,0
30259,1,14,707092,54553,0.07,0.05,27,28,4.6,Other,0
30260,46,2,105294,44074,0.17,0.05,12,0,4.3,Metro,0
30261,9,24,1050807,43568,0.19,0.11,22,36,5.0,Metro,0
30262,22,5,343966,56479,0.37,0.02,5,0,3.9,Metro,0
30263,4,7,319478,40157,0.88,0.18,11,20,4.6,Seoul,0
30264,10,13,1097601,58429,0.06,0.06,17,27,4.4,Seoul,0
30265,10,4,142559,33571,0.47,0.48,13,13,4.3,Other,0
30266,15,0,0,34888,0.71,0.09,18,17,4.5,Metro,0
30267,12,10,318495,40692,0.84,0.13,15,34,4.5,Other,0
30268,10,7,309840,35343,0.7,0.14,23,17,4.6,Other,0
30269,12,16,858570,52848,0.15,0.05,28,34,4.6,Other,0
30270,15,19,1172488,59245,0.02,0.02,26,32,4.5,Seoul,0
30271,0,20,1376606,58534,0.2,0.03,14,35,4.7,Seoul,0
30272,5,7,284420,33710,0.75,0.07,16,23,4.4,Metro,0
30273,5,21,1113943,50134,0.38,0.08,24,48,4.9,Metro,0
30274,35,2,69274,37859,0.41,0.11,15,14,4.7,Metro,0
30275,50,34,3780793,18380,0.97,0.75,74,64,1.9,Metro,-1
30276,61,3,113198,36426,0.3,0.03,4,1,4.3,Metro,0
30277,22,7,341810,49077,0.86,0.14,16,9,4.3,Seoul,0
30278,17,3,56116,36092,0.52,0.12,6,0,4.5,Metro,0
30279,48,5,81009,20663,0.37,0.25,10,8,4.0,Metro,0
30280,30,5,205543,48516,0.5,0.07,14,19,3.9,Metro,0
30281,4,18,1255495,60063,0.07,0.05,18,37,4.6,Metro,0
30282,11,10,548656,45593,0.63,0.16,29,22,4.2,Other,0
30283,30,8,369262,45613,0.92,0.03,22,15,4.4,Other,0
30284,14,12,686277,50937,0.71,0.18,23,18,4.5,Other,0
30285,25,3,95890,52705,0.34,0.22,13,2,3.6,Metro,0
30286,59,3,66091,25296,0.09,0.09,7,5,4.5,Metro,0
30287,8,20,1191645,51017,0.08,0.06,18,39,4.7,Seoul,0
30288,84,2,56186,52195,0.11,0.06,5,6,3.3,Other,0
30289,23,6,371768,46921,0.26,0.11,12,15,4.2,Seoul,0
30290,7,13,773084,51537,0.04,0.07,33,30,4.8,Metro,0
30291,11,3,118642,64012,0.39,0.06,14,8,3.8,Other,0
30292,6,20,1650334,50742,0.19,0.05,23,37,4.6,Seoul,0
30293,29,2,114991,53864,0.45,0.51,18,18,4.2,Metro,0
30294,11,20,1611178,64048,0.14,0.09,21,33,4.8,Seoul,0
30295,16,9,306384,39762,0.31,0.06,7,15,3.8,Seoul,0
30296,13,8,503329,55967,0.36,0.52,15,21,3.3,Seoul,0
30297,13,10,259900,37292,0.28,0.6,8,14,3.5,Other,0
30298,13,9,487808,34940,0.22,0.21,7,16,4.5,Seoul,0
30299,52,9,373054,53655,0.53,0.14,8,12,4.4,Other,0
30300,37,6,331278,54214,0.32,0.05,5,6,3.8,Metro,0
30301,13,7,473602,52883,0.21,0.12,12,5,3.1,Seoul,0
30302,3,22,1027991,52755,0.11,0.02,23,35,4.8,Metro,0
30303,47,5,172049,33273,0.45,0.12,5,8,3.7,Seoul,0
30304,41,7,286301,36710,0.48,0.02,13,2,5.0,Other,0
30305,17,10,231669,28216,0.41,0.04,4,14,4.2,Other,0
30306,58,22,4031981,59645,0.03,0.41,66,16,4.1,Seoul,-1
30307,61,0,0,40170,0.32,0.15,7,1,3.9,Seoul,0
30308,31,3,158092,60757,0.42,0.14,16,0,3.9,Other,0
30309,16,12,527110,45407,0.81,0.06,15,28,4.6,Other,0
30310,3,9,722439,65980,0.2,0.03,27,40,4.5,Metro,0
30311,95,4,104686,37616,0.25,0.11,9,3,3.6,Metro,0
30312,86,2,64197,45264,0.38,0.09,3,4,3.6,Metro,0
30313,14,8,295722,34528,0.9,0.26,12,16,4.4,Seoul,0
30314,102,4,114620,38386,0.22,0.13,6,2,3.8,Metro,0
30315,74,2,52686,35513,0.32,0.33,10,0,4.3,Seoul,0
30316,16,7,246456,46961,0.85,0.24,23,10,4.5,Other,0
30317,91,2,70340,36024,0.34,0.09,4,5,3.5,Seoul,0
30318,17,7,142516,34718,0.31,0.04,13,17,4.5,Metro,0
30319,22,9,350318,34114,0.71,0.04,25,11,4.1,Metro,0
30320,13,9,253471,42166,0.21,0.48,21,12,4.1,Metro,0
30321,21,7,355980,56724,0.59,0.54,9,10,2.4,Seoul,0
30322,70,4,158672,48010,0.18,0.05,4,3,3.3,Seoul,0
30323,22,9,231561,38654,0.73,0.03,12,19,4.3,Other,0
30324,37,1,45420,32141,0.55,0.02,4,6,3.9,Other,0
30325,31,5,218303,42062,0.32,0.05,14,9,3.8,Other,0
30326,20,6,367392,44056,0.31,0.06,11,7,4.3,Seoul,0
30327,10,7,278286,48996,0.3,0.01,18,18,4.2,Seoul,0
30328,24,7,405591,41828,0.2,0.29,11,13,3.7,Seoul,0
30329,31,9,411762,36886,0.23,0.1,4,15,4.1,Metro,0
30330,2,4,170680,41680,0.62,0.04,15,19,4.6,Other,0
30331,41,2,73096,39438,0.4,0.07,10,7,3.8,Seoul,0
30332,20,15,520761,40970,0.49,0.11,13,18,4.1,Metro,0
30333,33,8,300851,37568,0.37,0.16,11,14,4.3,Other,0
30334,36,10,577165,55542,0.25,0.17,9,14,4.1,Seoul,0
30335,3,12,806932,69268,0.11,0.02,18,31,4.6,Seoul,0
30336,16,5,135869,42943,0.49,0.02,15,10,4.6,Seoul,0
30337,6,19,1126311,49090,0.21,0.18,19,32,4.8,Metro,0
30338,1,5,206762,48713,0.19,0.32,17,11,3.7,Seoul,0
30339,2,5,140772,31632,0.1,0.05,26,31,5.0,Metro,0
30340,11,8,425368,47026,0.23,0.4,17,12,3.3,Metro,0
30341,7,18,1000006,63356,0.32,0.04,13,31,5.0,Seoul,0
30342,33,6,279148,31794,0.21,0.22,13,23,4.4,Metro,0
30343,5,6,204442,41117,0.33,0.08,14,12,4.3,Seoul,0
30344,22,6,140681,26558,0.3,0.1,7,11,3.9,Other,0
30345,16,5,302328,57787,0.28,0.1,14,14,4.5,Metro,0
30346,24,10,456281,48224,0.52,0.07,12,6,3.3,Other,0
30347,5,9,539615,54911,0.22,0.4,16,3,3.8,Seoul,0
30348,17,11,336170,29462,0.92,0.04,20,10,4.4,Seoul,0
30349,34,12,471250,46490,0.36,0.11,8,0,4.7,Metro,0
30350,6,20,1236322,52264,0.04,0.06,28,36,5.0,Seoul,0
30351,33,5,91119,23917,0.42,0.3,19,6,4.6,Other,0
30352,14,8,203575,35227,0.76,0.07,23,30,4.4,Seoul,0
30353,0,12,274075,41748,0.5,0.13,12,7,4.3,Metro,0
30354,56,5,358240,56882,0.72,0.15,8,11,4.8,Metro,0
30355,86,4,108588,39619,0.45,0.09,6,6,3.5,Metro,0
30356,30,8,433458,54661,0.16,0.04,11,10,4.0,Metro,0
30357,28,3,174357,41041,0.1,0.18,13,7,4.8,Metro,0
30358,23,4,196480,53974,0.42,0.12,20,1,4.5,Seoul,0
30359,82,4,120362,37719,0.4,0.01,3,3,3.1,Other,0
30360,22,5,294616,57132,0.19,0.03,15,7,4.1,Metro,0
30361,32,2,77926,41662,0.16,0.47,14,11,3.6,Seoul,0
30362,4,14,855485,48071,0.11,0.04,12,32,4.8,Seoul,0
30363,10,14,862108,50290,0.17,0.1,21,47,4.6,Seoul,0
30364,7,12,768660,51681,0.23,0.03,12,56,4.7,Metro,0
30365,38,8,312804,41609,0.39,0.03,9,12,4.8,Seoul,0
30366,92,0,5928,34516,0.17,0.14,3,6,3.9,Seoul,0
30367,13,7,324366,54862,0.32,0.01,15,16,4.3,Seoul,0
30368,29,2,108797,54458,0.27,0.05,13,6,4.1,Seoul,0
30369,26,3,115522,41842,0.83,0.11,16,27,4.4,Other,0
30370,43,3,124398,50550,0.29,0.01,4,10,4.5,Other,0
30371,27,2,107005,51421,0.24,0.01,5,9,4.1,Seoul,0
30372,26,8,326635,37725,0.76,0.07,16,19,4.6,Other,0
30373,85,1,25724,35436,0.46,0.12,5,3,4.0,Seoul,0
30374,20,7,397372,49884,0.87,0.06,8,9,4.5,Seoul,0
30375,10,9,526478,51082,0.91,0.14,13,28,4.0,Seoul,0
30376,11,14,1068625,65378,0.08,0.06,16,30,4.7,Seoul,0
30377,9,3,99090,35235,0.43,0.54,26,16,3.7,Seoul,0
30378,37,3,138316,46645,0.15,0.04,5,2,4.4,Seoul,0
30379,62,2,12977,30669,0.43,0.29,8,2,3.4,Seoul,0
30380,31,7,321220,35141,0.62,0.05,8,5,3.8,Other,0
30381,8,6,422219,50064,0.27,0.07,7,14,4.3,Seoul,0
30382,5,5,290117,51272,0.47,0.52,18,25,4.6,Metro,0
30383,35,6,366501,41870,0.18,0.06,7,12,4.3,Other,0
30384,77,3,170916,43358,0.25,0.13,3,7,4.0,Seoul,0
30385,84,3,123741,43653,0.4,0.03,6,3,4.1,Other,0
30386,22,3,147560,65760,0.29,0.68,12,23,3.8,Other,0
30387,29,6,156410,34862,0.39,0.07,14,23,4.2,Seoul,0
30388,24,12,611689,46048,0.4,0.39,13,14,4.1,Other,0
30389,6,14,895781,56279,0.15,0.02,30,37,4.6,Metro,0
30390,24,4,302307,56686,0.08,0.15,17,4,4.2,Metro,0
30391,34,6,275139,41939,0.36,0.04,6,9,4.0,Other,0
30392,7,13,865388,65269,0.07,0.07,28,43,4.8,Seoul,0
30393,11,10,443087,45110,0.18,0.24,11,10,3.9,Other,0
30394,47,7,269358,44268,0.46,0.11,18,6,4.6,Seoul,0
30395,5,13,971324,58954,0.22,0.06,29,33,4.8,Seoul,0
30396,91,3,109289,39725,0.36,0.12,10,6,3.1,Metro,0
30397,60,3,80684,28991,0.31,0.03,16,16,4.3,Seoul,0
30398,6,3,61688,34157,0.83,0.09,26,25,4.6,Metro,0
30399,86,1,34618,36481,0.24,0.13,10,2,4.0,Seoul,0
30400,61,4,89994,26144,0.49,0.1,6,0,4.0,Seoul,0
30401,19,8,209012,42418,0.91,0.13,20,19,4.2,Metro,0
30402,20,6,114874,43362,0.19,0.37,14,17,4.1,Other,0
30403,18,5,93397,40339,0.17,0.04,10,8,4.2,Seoul,0
30404,7,15,1022421,52526,0.08,0.02,13,27,4.5,Seoul,0
30405,20,7,136366,30413,0.2,0.42,12,18,5.0,Metro,0
30406,39,4,251953,49963,0.41,0.29,10,7,3.6,Seoul,0
30407,24,8,311196,53079,0.88,0.09,23,25,4.0,Metro,0
30408,23,8,335681,43129,0.45,0.1,20,14,4.5,Seoul,0
30409,10,15,838680,51877,0.15,0.05,16,49,4.9,Other,0
30410,22,10,344110,33056,0.32,0.35,6,10,3.6,Seoul,0
30411,10,3,116283,39824,0.35,0.06,19,5,3.9,Other,0
30412,41,6,395868,46002,0.41,0.05,20,11,4.0,Other,0
30413,5,23,1504974,59493,0.09,0.09,24,40,4.3,Seoul,0
30414,174,32,2963720,57195,0.98,0.34,19,92,3.4,Metro,-1
30415,9,14,1259356,61563,0.09,0.03,26,38,4.7,Other,0
30416,0,8,254856,41060,0.52,0.14,16,15,4.6,Other,0
30417,4,17,1199239,62974,0.13,0.08,17,47,4.9,Metro,0
30418,32,4,88171,28291,0.6,0.03,11,8,3.9,Metro,0
30419,22,8,410110,39151,0.81,0.03,17,12,4.0,Metro,0
30420,17,5,188921,25973,0.2,0.37,26,17,3.8,Metro,0
30421,48,7,272852,42058,0.77,0.09,6,10,4.2,Other,0
30422,10,14,807847,52908,0.28,0.08,19,41,4.8,Seoul,0
30423,5,14,920864,56402,0.18,0.17,15,35,4.6,Other,0
30424,10,9,592018,59672,0.13,0.05,32,27,5.0,Metro,0
30425,31,5,335691,43173,0.46,0.06,13,13,4.2,Metro,0
30426,28,8,447956,58925,0.34,0.05,10,10,4.3,Other,0
30427,12,9,535599,48022,0.81,0.24,18,19,4.3,Metro,0
30428,13,5,309290,53858,0.14,0.06,12,7,4.3,Metro,0
30429,7,10,472139,51928,0.12,0.02,19,31,4.6,Seoul,0
30430,14,3,76226,30575,0.05,0.16,0,12,4.3,Metro,0
30431,10,2,68968,37053,0.25,0.45,20,9,4.0,Seoul,0
30432,23,5,339118,55058,0.1,0.08,10,5,4.6,Other,0
30433,20,7,290097,41643,0.36,0.0,19,15,4.3,Seoul,0
30434,33,8,214682,28515,0.43,0.12,13,24,4.8,Metro,0
30435,13,11,603107,45920,0.05,0.09,22,45,4.3,Metro,0
30436,1,14,408094,40081,0.7,0.08,20,9,4.5,Metro,0
30437,2,17,887421,48550,0.03,0.08,23,40,4.8,Metro,0
30438,12,6,150176,30911,0.29,0.05,0,10,4.1,Metro,0
30439,16,8,416550,55288,0.53,0.09,15,13,4.2,Seoul,0
30440,23,3,65868,47091,0.18,0.2,18,4,5.0,Seoul,0
30441,26,8,172114,34153,0.24,0.01,4,10,3.9,Metro,0
30442,17,7,490245,50896,0.81,0.1,25,11,4.4,Metro,0
30443,26,7,259459,57247,0.38,0.02,13,13,4.0,Metro,0
30444,20,6,285972,37837,0.79,0.11,15,21,4.2,Other,0
30445,12,4,92159,38678,0.85,0.03,17,19,4.1,Metro,0
30446,23,5,149439,49389,0.24,0.03,10,12,4.1,Metro,0
30447,7,4,183249,37888,0.37,0.53,10,5,3.1,Metro,0
30448,16,9,325851,40696,0.42,0.09,14,6,4.9,Other,0
30449,1,20,1582409,53072,0.07,0.06,29,34,4.3,Seoul,0
30450,32,7,270595,45691,0.14,0.14,15,7,4.4,Other,0
30451,5,9,671400,60298,0.22,0.06,16,49,4.5,Other,0
30452,39,9,237504,35108,0.48,0.17,11,9,4.5,Metro,0
30453,29,4,321656,60992,0.34,0.21,12,9,4.1,Seoul,0
30454,7,7,264028,47531,0.56,0.16,14,10,4.2,Seoul,0
30455,1,14,881078,65072,0.06,0.03,29,34,4.8,Other,0
30456,26,5,126608,42704,0.89,0.12,8,16,4.1,Metro,0
30457,3,23,759734,69633,0.11,0.77,59,55,1.6,Metro,-1
30458,93,2,48414,43313,0.2,0.05,7,4,3.8,Metro,0
30459,71,30,887654,78693,0.51,0.37,4,15,4.4,Seoul,-1
30460,2,7,282904,31405,0.36,0.04,32,16,3.8,Other,0
30461,45,6,173935,44752,0.37,0.05,16,15,4.1,Metro,0
30462,1,11,579333,44152,0.1,0.12,14,43,4.6,Seoul,0
30463,23,8,350039,42605,0.2,0.42,22,12,3.5,Metro,0
30464,9,12,473792,42759,0.95,0.16,23,10,4.4,Metro,0
30465,23,2,182665,68927,0.23,0.09,14,4,4.6,Metro,0
30466,41,11,403339,30348,0.54,0.18,9,20,4.1,Seoul,0
30467,45,10,573875,50337,0.43,0.11,12,14,4.4,Other,0
30468,35,6,2809089,124725,0.18,0.12,61,77,1.2,Metro,-1
30469,9,15,871703,50221,0.15,0.03,29,37,4.8,Metro,0
30470,35,6,250809,43628,0.22,0.07,12,7,3.4,Other,0
30471,59,3,82791,25240,0.19,0.06,3,2,3.3,Other,0
30472,100,2,42424,39335,0.1,0.04,7,4,3.9,Other,0
30473,7,20,1441615,52137,0.16,0.21,12,50,4.5,Seoul,0
30474,5,14,867780,61358,0.17,0.04,21,41,4.9,Seoul,0
30475,22,9,237852,28635,0.77,0.22,27,15,4.2,Seoul,0
30476,3,12,445230,39526,0.77,0.02,22,14,4.0,Seoul,0
30477,102,5,107577,38417,0.35,0.02,11,3,2.9,Seoul,0
30478,36,4,185079,46595,0.32,0.2,13,9,4.1,Metro,0
30479,36,4,250487,53279,0.34,0.19,1,9,3.9,Seoul,0
30480,75,4,135177,44144,0.24,0.05,10,3,4.1,Other,0
30481,62,5,199232,30834,0.11,0.12,6,6,4.3,Other,0
30482,17,13,350598,48048,0.59,0.08,19,24,4.3,Seoul,0
30483,22,7,259911,36831,0.26,0.14,9,4,4.3,Seoul,0
30484,17,6,155416,36514,0.82,0.13,27,17,4.2,Metro,0
30485,5,16,913318,50775,0.09,0.05,32,35,4.4,Seoul,0
30486,61,4,85229,30439,0.24,0.11,7,4,3.8,Other,0
30487,53,2,97239,42277,0.68,0.11,4,3,4.5,Seoul,0
30488,20,8,374022,46905,0.57,0.04,20,17,4.5,Other,0
30489,11,10,496201,40681,0.35,0.13,11,1,4.9,Seoul,0
30490,35,13,354266,36796,0.39,0.05,10,7,4.6,Metro,0
30491,7,5,361584,55615,0.27,0.09,14,15,4.0,Seoul,0
30492,20,5,298406,54450,0.32,0.1,21,2,3.7,Seoul,0
30493,17,6,192597,32883,0.15,0.09,15,9,4.4,Metro,0
30494,24,13,612616,43876,0.87,0.01,22,16,4.5,Seoul,0
30495,32,7,310819,46429,0.39,0.15,15,8,4.3,Other,0
30496,28,4,256109,52438,0.18,0.07,16,7,4.3,Metro,0
30497,57,2,26175,36634,0.27,0.11,3,2,3.6,Metro,0
30498,17,3,57816,28688,0.27,0.1,19,8,4.0,Other,0
30499,71,1,22536,21863,0.22,0.04,5,4,3.5,Seoul,0
30500,20,5,213837,55493,0.21,0.05,27,13,4.5,Other,0
30501,48,7,288803,42414,0.35,0.06,14,6,4.1,Other,0
30502,16,10,330817,38919,0.26,0.06,14,8,3.7,Metro,0
30503,11,7,298379,35105,0.29,0.75,3,14,3.7,Metro,0
30504,23,3,196683,55571,0.45,0.07,14,12,4.7,Metro,0
30505,32,9,691256,53177,0.33,0.06,14,6,4.3,Metro,0
30506,26,6,179447,30682,0.4,0.26,9,14,4.7,Metro,0
30507,8,10,212117,40602,0.74,0.15,19,8,4.8,Seoul,0
30508,32,5,279676,49489,0.24,0.11,13,16,4.5,Seoul,0
30509,64,3,142716,37950,0.53,0.15,7,4,3.8,Metro,0
30510,5,22,1215348,51562,0.12,0.05,26,34,5.0,Metro,0
30511,14,18,866360,43704,0.08,0.06,25,35,4.6,Other,0
30512,38,2,145213,49126,0.23,0.1,9,7,4.5,Seoul,0
30513,4,13,704125,58867,0.1,0.02,16,29,5.0,Metro,0
30514,18,11,377495,51504,0.66,0.24,19,17,4.6,Seoul,0
30515,4,12,553428,39621,0.95,0.05,17,21,4.1,Metro,0
30516,4,12,330604,40109,0.86,0.12,22,19,3.7,Metro,0
30517,10,10,392636,40522,0.92,0.15,13,22,3.9,Metro,0
30518,42,7,178602,23376,0.41,0.31,17,16,5.0,Metro,0
30519,2,17,1085743,53709,0.07,0.03,18,24,4.5,Metro,0
30520,26,7,405988,48051,0.08,0.11,28,6,4.5,Metro,0
30521,79,36,1815669,27956,0.66,0.45,69,66,3.9,Seoul,-1
30522,43,3,136013,52462,0.25,0.07,8,2,5.0,Other,0
30523,17,13,385155,42564,0.82,0.02,20,22,4.2,Other,0
30524,127,1,1596814,171147,0.5,0.48,71,71,1.7,Other,-1
30525,10,13,747488,49768,0.15,0.07,30,37,5.0,Seoul,0
30526,65,2,39617,42389,0.31,0.04,6,5,3.8,Seoul,0
30527,29,7,203877,43883,0.17,0.64,9,8,2.9,Other,0
30528,37,6,134846,50576,0.39,0.32,7,20,3.4,Other,0
30529,14,10,289990,35302,0.32,0.08,18,10,4.1,Metro,0
30530,26,9,465070,47369,0.67,0.13,14,31,3.9,Seoul,0
30531,27,5,256907,44104,0.33,0.01,7,11,3.6,Seoul,0
30532,5,5,219758,38182,0.25,0.03,16,7,3.7,Seoul,0
30533,77,2,39093,28515,0.15,0.1,7,3,5.0,Other,0
30534,29,2,78906,37279,0.46,0.04,14,5,4.7,Metro,0
30535,6,18,1269918,52924,0.16,0.12,25,31,4.5,Other,0
30536,27,11,182901,31692,0.87,0.17,21,11,4.2,Metro,0
30537,0,9,228683,23308,0.25,0.28,5,10,4.5,Metro,0
30538,12,8,362039,48076,0.65,0.05,30,19,4.4,Seoul,0
30539,16,12,583073,42477,0.78,0.08,21,20,4.2,Metro,0
30540,13,6,321398,52589,0.37,0.1,11,21,4.5,Seoul,0
30541,17,12,385048,54066,0.32,0.7,14,17,3.8,Seoul,0
30542,35,6,363516,53446,0.41,0.03,0,8,3.9,Seoul,0
30543,31,5,314721,43649,0.21,0.05,4,15,3.8,Other,0
30544,3,8,205206,49097,0.45,0.48,6,17,2.8,Metro,0
30545,15,18,1269519,64016,0.16,0.04,27,31,4.3,Other,0
30546,68,3,96026,41757,0.43,0.1,0,4,3.9,Other,0
30547,57,2,112985,45862,0.17,0.04,7,0,3.5,Seoul,0
30548,5,11,503282,46961,0.05,0.06,22,34,4.7,Metro,0
30549,25,7,314731,46336,0.12,0.05,6,21,4.1,Other,0
30550,27,2,40674,24200,0.26,0.16,4,5,4.9,Seoul,0
30551,98,3,51984,35700,0.45,0.29,2,2,4.0,Seoul,0
30552,21,7,339241,45878,0.78,0.2,24,16,4.5,Metro,0
30553,19,4,198967,58743,0.68,0.14,23,14,4.2,Other,0
30554,6,7,312182,57197,0.3,0.55,19,6,3.7,Metro,0
30555,10,17,1013939,48267,0.11,0.12,20,35,4.9,Metro,0
30556,13,11,341323,38418,0.68,0.04,6,21,4.2,Seoul,0
30557,15,6,179369,33427,0.83,0.11,17,20,4.9,Seoul,0
30558,74,2,100852,48396,0.13,0.03,7,4,3.8,Seoul,0
30559,20,4,102429,36397,0.2,0.08,5,9,4.6,Metro,0
30560,81,1,14773,25806,0.51,0.1,10,6,4.3,Seoul,0
30561,11,16,950299,65018,0.07,0.03,27,35,4.9,Seoul,0
30562,13,6,169315,43357,0.71,0.05,20,12,4.4,Other,0
30563,15,7,282335,52674,0.46,0.1,19,10,4.1,Seoul,0
30564,18,4,173113,45219,0.26,0.06,6,8,4.5,Seoul,0
30565,33,6,193431,43561,0.45,0.16,13,7,4.9,Metro,0
30566,22,7,356098,56242,0.24,0.02,11,7,4.1,Seoul,0
30567,0,10,258286,31290,0.32,0.08,11,0,3.7,Metro,0
30568,5,18,1331285,55606,0.06,0.17,24,49,4.9,Metro,0
30569,79,2,20012,35760,0.08,0.06,6,4,4.5,Metro,0
30570,10,7,182969,25522,0.38,0.07,10,8,4.9,Metro,0
30571,13,13,529097,44465,0.56,0.07,8,7,4.4,Metro,0
30572,15,9,606539,47002,0.24,0.1,8,6,4.4,Other,0
30573,85,3,97534,36279,0.39,0.11,9,5,3.6,Metro,0
30574,22,6,153968,41121,0.17,0.22,16,10,3.8,Seoul,0
30575,21,4,150767,32784,0.2,0.07,0,22,3.9,Seoul,0
30576,12,11,621330,44548,0.1,0.11,17,12,4.6,Metro,0
30577,12,10,300488,31555,0.4,0.53,15,8,3.0,Metro,0
30578,32,6,281849,46270,0.27,0.24,10,11,4.1,Seoul,0
30579,1,8,403825,50913,0.36,0.03,13,8,3.8,Metro,0
30580,12,12,534245,48101,0.9,0.15,17,15,4.7,Seoul,0
30581,80,2,76327,34676,0.35,0.1,5,1,4.4,Metro,0
30582,16,4,175112,33073,0.25,0.11,15,13,3.7,Metro,0
30583,4,19,1535701,60358,0.05,0.1,21,40,4.9,Metro,0
30584,77,0,8241,49007,0.25,0.05,12,3,3.8,Seoul,0
30585,0,8,123707,18241,0.45,0.38,18,9,3.7,Seoul,0
30586,34,7,291156,39317,0.33,0.06,19,10,4.5,Seoul,0
30587,13,8,264081,38231,0.75,0.09,18,14,4.7,Seoul,0
30588,11,0,0,36189,0.83,0.14,12,22,4.3,Seoul,0
30589,6,11,243911,31269,0.95,0.03,13,12,4.7,Other,0
30590,10,18,1409030,58214,0.16,0.13,14,52,4.5,Seoul,0
30591,19,0,0,49815,0.25,0.63,18,12,3.7,Seoul,0
30592,90,3,184135,47778,0.09,0.12,1,2,3.4,Other,0
30593,20,11,217029,32428,0.71,0.06,25,17,4.3,Metro,0
30594,31,7,300858,45692,0.53,0.09,8,6,4.4,Metro,0
30595,9,15,950976,54717,0.2,0.02,28,31,4.9,Other,0
30596,18,11,348450,39088,0.74,0.07,0,8,4.7,Metro,0
30597,22,6,174037,52976,0.13,0.27,10,12,4.9,Metro,0
30598,36,11,631869,51189,0.41,0.37,4,5,3.2,Seoul,0
30599,22,11,567886,58995,0.31,0.44,7,25,3.6,Seoul,0
30600,28,7,367832,38564,0.24,0.06,14,8,4.2,Other,0
30601,95,2,72061,35580,0.28,0.29,6,2,3.5,Seoul,0
30602,26,5,157399,47673,0.2,0.17,22,9,3.9,Other,0
30603,21,4,111066,31395,0.43,0.5,1,4,3.6,Metro,0
30604,32,10,296386,38315,0.32,0.05,9,9,3.6,Metro,0
30605,4,7,341128,42726,0.3,0.26,19,13,4.2,Seoul,0
30606,30,1,51015,39286,0.47,0.17,11,18,4.1,Seoul,0
30607,41,2,88018,40195,0.37,0.03,14,15,4.3,Metro,0
30608,120,16,2705638,98406,0.64,0.81,50,13,4.4,Other,-1
30609,22,8,250369,37217,0.15,0.09,12,4,4.6,Seoul,0
30610,103,1,19208,29863,0.39,0.07,8,0,3.3,Metro,0
30611,22,7,428951,49614,0.32,0.05,16,5,4.9,Metro,0
30612,27,5,356731,51378,0.31,0.08,12,11,3.8,Other,0
30613,0,4,197515,40851,0.45,0.48,10,7,2.6,Other,0
30614,25,8,527214,60242,0.33,0.6,18,7,3.5,Metro,0
30615,27,10,418023,41184,0.82,0.18,19,9,4.0,Metro,0
30616,25,7,290074,39397,0.41,0.1,17,17,4.3,Seoul,0
30617,47,9,321897,44564,0.46,0.01,10,8,4.0,Seoul,0
30618,17,8,443323,56456,0.79,0.03,24,13,4.3,Metro,0
30619,2,13,865087,61652,0.07,0.04,18,32,4.6,Seoul,0
30620,0,11,810447,64299,0.25,0.01,29,31,4.7,Other,0
30621,31,3,138037,39539,0.24,0.16,12,3,3.7,Seoul,0
30622,58,2,56497,48184,0.08,0.05,6,3,3.9,Metro,0
30623,40,4,56496,49497,0.22,0.48,13,10,3.9,Other,0
30624,80,3,106781,44199,0.27,0.12,10,5,3.9,Metro,0
30625,32,7,233376,43412,0.16,0.28,15,15,4.5,Metro,0
30626,43,0,0,37866,0.44,0.07,0,6,4.5,Metro,0
30627,16,6,143665,34564,0.36,0.18,7,11,4.7,Metro,0
30628,9,3,202490,63674,0.03,0.01,23,52,4.7,Seoul,0
30629,7,6,191442,33184,0.29,0.17,9,8,4.6,Metro,0
30630,44,7,451350,58735,0.29,0.04,13,20,4.3,Seoul,0
30631,18,10,430441,55052,0.53,0.7,20,0,3.3,Metro,0
30632,20,8,321261,36305,0.21,0.13,12,6,4.4,Metro,0
30633,6,16,977804,45516,0.07,0.02,24,29,5.0,Other,0
30634,65,3,117054,43239,0.56,0.08,6,1,4.3,Other,0
30635,6,13,1011705,65439,0.12,0.04,27,17,4.6,Other,0
30636,0,18,845190,52137,0.11,0.04,26,29,4.6,Seoul,0
30637,29,1,59900,48716,0.39,0.12,17,5,4.0,Metro,0
30638,25,7,301033,46511,0.2,0.07,14,8,4.3,Metro,0
30639,35,1,40920,32279,0.11,0.32,11,5,4.3,Seoul,0
30640,18,6,252006,46816,0.5,0.16,10,12,4.1,Metro,0
30641,26,3,187050,45657,0.14,0.1,13,9,4.5,Seoul,0
30642,18,6,306408,42783,0.3,0.09,17,15,4.0,Seoul,0
30643,40,11,4687926,88074,0.54,0.99,49,70,4.0,Other,-1
30644,11,8,215444,30152,0.82,0.04,18,16,4.5,Seoul,0
30645,58,8,423365,39077,0.31,0.03,9,23,4.6,Metro,0
30646,16,6,285431,42976,0.31,0.16,26,9,4.7,Other,0
30647,5,13,805412,53645,0.09,0.01,21,27,5.0,Other,0
30648,32,4,162093,47256,0.47,0.09,5,3,4.4,Metro,0
30649,59,3,66559,35250,0.27,0.06,8,8,4.3,Other,0
30650,4,18,971369,61649,0.09,0.1,34,28,4.6,Metro,0
30651,71,4,137914,43180,0.3,0.12,5,2,3.7,Metro,0
30652,38,6,343357,55934,0.26,0.15,10,6,4.1,Metro,0
30653,25,5,102100,49184,0.23,0.14,17,13,4.0,Metro,0
30654,10,6,182604,44348,0.87,0.08,25,13,4.5,Metro,0
30655,27,7,131135,21351,0.23,0.17,19,13,4.3,Metro,0
30656,14,7,192160,36918,0.73,0.06,16,19,4.1,Metro,0
30657,15,5,172146,40983,0.38,0.11,10,13,3.8,Other,0
30658,18,10,369956,43560,0.74,0.08,13,8,3.9,Other,0
30659,45,10,471854,62166,0.47,0.1,8,9,3.8,Other,0
30660,90,4,93039,31004,0.42,0.18,6,2,3.8,Other,0
30661,12,10,319398,38127,0.6,0.12,18,17,4.5,Metro,0
30662,22,6,292309,46218,0.27,0.01,7,8,3.8,Metro,0
30663,4,11,654892,49248,0.8,0.13,16,17,4.3,Seoul,0
30664,7,12,658252,59324,0.15,0.02,18,35,5.0,Seoul,0
30665,9,5,235886,49204,0.84,0.09,15,9,4.3,Metro,0
30666,24,8,223983,36476,0.28,0.1,17,15,4.0,Seoul,0
30667,14,5,139902,48757,0.28,0.25,6,16,3.8,Seoul,0
30668,9,3,103962,46582,0.16,0.26,9,3,3.6,Seoul,0
30669,14,4,139811,41208,0.61,0.07,17,19,4.9,Other,0
30670,73,4,115990,33248,0.07,0.04,1,1,3.6,Metro,0
30671,9,18,1305321,52957,0.13,0.05,26,19,4.5,Seoul,0
30672,21,8,210337,23937,0.29,0.05,13,19,3.7,Other,0
30673,12,4,208833,37908,0.18,0.31,10,9,4.3,Seoul,0
30674,26,8,311402,45420,0.46,0.24,14,15,3.9,Other,0
30675,38,4,179025,38487,0.3,0.06,14,11,4.2,Metro,0
30676,88,2,81975,38045,0.53,0.06,5,2,4.0,Seoul,0
30677,23,3,118242,55248,0.32,0.47,22,11,3.5,Metro,0
30678,68,4,74084,22533,0.22,0.12,5,3,3.8,Metro,0
30679,16,14,1244874,61701,0.02,0.08,21,45,4.8,Seoul,0
30680,63,3,83134,35259,0.43,0.01,7,2,3.9,Metro,0
30681,7,16,1159388,56119,0.09,0.03,25,20,4.8,Seoul,0
30682,19,8,478527,52074,0.83,0.06,14,5,4.3,Seoul,0
30683,11,18,1263866,50416,0.12,0.01,29,34,4.9,Other,0
30684,59,1,43129,31661,0.3,0.06,9,0,4.6,Seoul,0
30685,28,2,102005,43386,0.43,0.15,8,6,4.1,Metro,0
30686,4,6,292127,47321,0.72,0.03,14,14,4.2,Seoul,0
30687,89,3,88062,39371,0.4,0.04,6,5,4.7,Other,0
30688,12,12,251800,31108,0.61,0.42,20,7,4.1,Other,0
30689,38,9,321809,31029,0.43,0.07,6,15,4.3,Seoul,0
30690,0,5,203701,39126,0.28,0.02,12,10,4.6,Seoul,0
30691,16,10,335585,51748,0.59,0.02,12,23,3.9,Metro,0
30692,42,4,97793,19496,0.22,0.06,15,11,4.3,Other,0
30693,16,5,63779,41698,0.77,0.12,20,5,4.1,Seoul,0
30694,11,13,417879,48663,0.78,0.04,13,22,4.7,Metro,0
30695,14,6,286603,42594,0.27,0.41,16,10,4.0,Other,0
30696,9,5,279398,37431,0.38,0.15,10,10,3.8,Seoul,0
30697,34,4,173242,44090,0.28,0.18,15,0,4.6,Metro,0
30698,0,8,457236,53024,0.61,0.15,11,14,4.2,Seoul,0
30699,26,6,399898,65179,0.33,0.06,15,7,4.3,Other,0
30700,10,7,255790,36622,0.78,0.11,12,11,4.2,Seoul,0
30701,9,14,558283,35912,0.92,0.19,13,14,4.6,Seoul,0
30702,15,11,374104,57259,0.62,0.21,19,26,4.0,Metro,0
30703,22,6,217096,34399,0.58,0.07,21,14,4.1,Seoul,0
30704,36,6,114785,35629,0.58,0.04,7,12,4.3,Other,0
30705,22,15,639418,38947,0.65,0.09,22,28,4.1,Other,0
30706,15,9,405882,47551,0.48,0.22,11,12,4.3,Metro,0
30707,25,6,333476,39976,0.16,0.2,21,8,4.9,Seoul,0
30708,36,10,448837,40308,0.28,0.07,9,15,4.1,Metro,0
30709,67,3,44678,28991,0.26,0.05,7,3,3.6,Seoul,0
30710,26,4,83786,41435,0.26,0.12,10,4,4.3,Metro,0
30711,17,6,145008,41971,0.5,0.52,6,10,4.3,Other,0
30712,34,6,228901,43800,0.3,0.16,14,20,4.6,Metro,0
30713,6,2,101478,41572,0.34,0.05,12,9,4.2,Other,0
30714,30,4,193105,66798,0.26,0.59,13,15,3.3,Metro,0
30715,37,4,163212,59806,0.44,0.22,9,8,4.2,Other,0
30716,6,10,345710,28714,0.89,0.2,19,16,4.5,Metro,0
30717,46,4,197576,40315,0.16,0.13,16,10,4.1,Metro,0
30718,4,20,1312963,49336,0.25,0.02,20,32,4.9,Metro,0
30719,40,6,180377,32708,0.47,0.12,9,13,3.6,Seoul,0
30720,31,5,158513,30578,0.32,0.46,8,14,3.3,Seoul,0
30721,10,10,456267,44652,0.33,0.19,17,7,4.4,Seoul,0
30722,88,4,112486,39780,0.14,0.12,10,4,4.2,Seoul,0
30723,0,16,1155748,58282,0.07,0.05,26,42,4.7,Metro,0
30724,33,1,22691,35438,0.51,0.53,10,12,2.7,Other,0
30725,6,13,807328,54340,0.08,0.1,24,38,4.6,Metro,0
30726,1,14,752963,43996,0.19,0.1,18,44,5.0,Other,0
30727,13,9,390695,36079,0.93,0.02,21,17,4.3,Other,0
30728,7,19,1429088,61777,0.04,0.03,30,32,4.6,Metro,0
30729,56,2,74286,37185,0.48,0.15,0,4,3.6,Metro,0
30730,12,6,160702,33334,0.5,0.09,16,7,4.5,Metro,0
30731,0,9,376496,35040,0.52,0.18,18,23,4.1,Metro,0
30732,4,12,580092,51158,0.12,0.09,26,31,4.2,Seoul,0
30733,0,15,1290694,67737,0.05,0.05,19,38,4.3,Other,0
30734,79,3,144744,41754,0.22,0.13,8,3,4.6,Metro,0
30735,14,14,880748,43776,0.17,0.01,29,43,4.4,Metro,0
30736,26,5,226933,39680,0.57,0.07,5,10,3.1,Seoul,0
30737,15,10,406487,37308,0.87,0.03,20,21,4.6,Metro,0
30738,18,11,485520,44099,0.72,0.12,20,19,4.5,Metro,0
30739,52,3,76861,42739,0.29,0.02,8,1,3.2,Metro,0
30740,75,3,87016,36097,0.39,0.23,5,6,4.4,Metro,0
30741,5,16,883747,53554,0.04,0.07,17,42,4.8,Metro,0
30742,0,12,613041,49400,0.13,0.06,22,38,5.0,Metro,0
30743,32,5,109888,52538,0.17,0.02,16,7,4.2,Seoul,0
30744,11,9,484726,47197,0.03,0.12,19,37,4.3,Metro,0
30745,35,7,267619,40766,0.28,0.19,13,7,4.2,Seoul,0
30746,147,28,4286619,86490,0.65,0.69,21,112,1.3,Other,-1
30747,25,6,258824,45787,0.6,0.07,14,15,4.5,Seoul,0
30748,74,5,107821,32571,0.08,0.05,3,1,3.4,Seoul,0
30749,15,7,271265,47684,0.28,0.17,7,13,4.2,Metro,0
30750,24,8,268581,41115,0.39,0.2,9,6,4.4,Metro,0
30751,1,8,325502,34952,0.93,0.17,13,9,4.5,Metro,0
30752,6,9,233019,36472,0.84,0.12,25,9,4.1,Seoul,0
30753,15,11,491517,49585,0.86,0.26,19,26,4.8,Other,0
30754,57,2,69837,32477,0.29,0.15,0,1,3.8,Seoul,0
30755,15,4,26776,45349,0.3,0.06,8,11,4.0,Other,0
30756,3,11,616240,53937,0.84,0.18,23,28,4.4,Metro,0
30757,15,9,593892,50791,0.9,0.23,13,19,4.5,Metro,0
30758,5,9,620896,52612,0.12,0.62,9,19,3.3,Metro,0
30759,4,18,896481,51106,0.03,0.17,27,35,4.5,Metro,0
30760,31,28,3371783,89265,0.66,0.34,12,40,4.9,Seoul,-1
30761,13,12,353140,36733,0.25,0.08,14,5,4.3,Seoul,0
30762,18,7,191360,30476,0.67,0.1,16,7,4.5,Seoul,0
30763,11,20,1149009,69165,0.24,0.06,19,38,4.7,Metro,0
30764,4,9,659255,56147,0.05,0.11,27,51,5.0,Metro,0
30765,15,4,168629,37711,0.13,0.41,8,17,3.7,Other,0
30766,5,17,858821,48666,0.11,0.03,26,33,4.5,Metro,0
30767,5,7,414001,50326,0.79,0.08,11,13,4.1,Seoul,0
30768,8,20,905966,40371,0.14,0.09,20,32,4.8,Other,0
30769,9,18,741247,41229,0.14,0.06,33,31,4.6,Seoul,0
30770,30,5,275128,50302,0.27,0.14,22,11,4.9,Metro,0
30771,15,5,271597,54976,0.66,0.09,21,13,5.0,Metro,0
30772,24,4,106544,31140,0.22,0.05,12,6,3.5,Metro,0
30773,30,9,358487,35793,0.56,0.15,9,10,4.4,Seoul,0
30774,18,8,441751,43732,0.31,0.02,12,17,4.1,Metro,0
30775,139,30,1161772,138937,0.45,0.28,42,81,4.0,Seoul,-1
30776,33,4,237331,50422,0.28,0.22,11,6,4.0,Seoul,0
30777,11,8,378212,44904,0.24,0.01,15,5,4.7,Seoul,0
30778,6,11,372585,30128,0.69,0.1,15,15,4.4,Seoul,0
30779,20,5,250277,47613,0.75,0.14,10,11,4.2,Other,0
30780,4,27,2494135,99935,0.12,0.83,23,114,3.9,Seoul,-1
30781,24,7,280032,49579,0.76,0.23,15,13,4.4,Seoul,0
30782,22,7,320960,47892,0.47,0.46,14,11,4.2,Seoul,0
30783,90,1,28469,36382,0.17,0.11,8,3,5.0,Other,0
30784,28,7,219483,40154,0.34,0.2,12,25,4.3,Metro,0
30785,12,8,343355,42332,0.23,0.62,9,4,3.7,Other,0
30786,73,2,71000,37906,0.37,0.07,6,2,3.5,Other,0
30787,47,12,437256,45147,0.28,0.26,10,2,3.8,Metro,0
30788,15,8,402068,43577,0.68,0.08,28,21,4.3,Seoul,0
30789,29,9,325620,43503,0.22,0.06,6,10,4.7,Metro,0
30790,24,9,336113,33266,0.43,0.0,11,23,4.4,Metro,0
30791,10,10,359073,39710,0.69,0.05,21,19,4.7,Other,0
30792,70,3,65058,37382,0.21,0.24,8,2,3.9,Seoul,0
30793,5,9,274636,42743,0.49,0.18,21,27,4.8,Metro,0
30794,7,12,775661,49930,0.09,0.03,14,18,4.7,Other,0
30795,9,16,913593,53208,0.23,0.02,27,34,4.8,Seoul,0
30796,17,9,372486,45103,0.54,0.18,12,16,4.4,Other,0
30797,10,17,540580,36823,0.29,0.09,9,42,4.7,Seoul,0
30798,24,6,382401,50103,0.61,0.07,9,19,4.0,Metro,0
30799,23,8,220356,35412,0.51,0.05,18,12,3.9,Other,0
30800,18,3,110706,41817,0.36,0.09,8,11,4.0,Metro,0
30801,38,6,285994,49719,0.36,0.23,11,2,4.2,Other,0
30802,9,10,363977,49742,0.52,0.11,23,22,4.4,Seoul,0
30803,30,5,315939,61902,0.26,0.12,10,8,4.6,Seoul,0
30804,5,6,224650,33186,0.2,0.08,5,10,3.8,Seoul,0
30805,8,16,916279,54267,0.11,0.02,31,31,4.6,Other,0
30806,6,15,1172748,63222,0.06,0.01,23,36,4.9,Metro,0
30807,38,6,311348,43454,0.43,0.05,13,0,3.9,Seoul,0
30808,11,8,165601,31452,0.6,0.02,7,24,4.4,Other,0
30809,15,2,31851,33826,0.24,0.17,12,15,4.4,Other,0
30810,12,14,314642,38374,0.48,0.52,11,11,3.9,Metro,0
30811,1,12,902579,67983,0.13,0.03,13,52,4.5,Other,0
30812,9,18,790746,39844,0.04,0.07,16,38,4.3,Other,0
30813,33,3,124780,46045,0.29,0.32,9,3,3.1,Seoul,0
30814,17,5,245172,42782,0.28,0.17,23,5,4.0,Metro,0
30815,7,18,992619,48589,0.1,0.02,12,17,4.7,Seoul,0
30816,30,6,246048,39534,0.14,0.13,16,16,4.1,Other,0
30817,159,23,201898,125929,0.41,0.96,73,6,1.9,Other,-1
30818,105,15,4280160,37158,0.49,0.63,29,78,4.2,Other,-1
30819,22,4,128256,40009,0.21,0.17,16,15,4.5,Metro,0
30820,9,9,337165,37459,0.81,0.06,15,11,4.3,Metro,0
30821,5,17,1013111,48166,0.23,0.04,24,24,4.9,Other,0
30822,33,4,210127,43977,0.45,0.19,15,4,3.9,Seoul,0
30823,25,12,326928,42655,0.88,0.12,14,20,4.1,Metro,0
30824,125,12,3888609,133643,0.84,0.68,73,21,2.0,Other,-1
30825,18,3,190264,45954,0.4,0.07,18,9,4.9,Metro,0
30826,12,16,1008215,56166,0.08,0.05,14,33,4.6,Other,0
30827,23,9,409163,44424,0.33,0.24,11,4,4.8,Seoul,0
30828,1,11,703818,53006,0.87,0.26,13,19,3.9,Seoul,0
30829,37,8,429078,54313,0.13,0.08,7,5,3.9,Other,0
30830,23,7,209950,22908,0.77,0.04,16,20,4.8,Other,0
30831,12,13,578770,54969,0.5,0.02,11,9,3.8,Other,0
30832,39,5,190695,41118,0.38,0.17,9,11,4.1,Seoul,0
30833,61,1,62788,40972,0.33,0.11,9,4,3.8,Other,0
30834,27,8,383501,38315,0.37,0.03,14,13,4.5,Other,0
30835,29,3,128264,44806,0.41,0.02,10,9,4.5,Seoul,0
30836,16,10,510391,50269,0.32,0.1,21,13,4.1,Other,0
30837,13,5,332828,43373,0.36,0.24,21,11,3.2,Metro,0
30838,42,7,231915,50322,0.32,0.47,22,16,2.6,Seoul,0
30839,93,2,56900,33648,0.3,0.24,1,2,3.9,Other,0
30840,0,6,134237,33202,0.45,0.1,13,10,4.3,Other,0
30841,1,23,1223035,45242,0.31,0.15,25,29,4.7,Metro,0
30842,29,9,362975,51634,0.53,0.19,15,4,3.6,Metro,0
30843,33,9,452134,46555,0.18,0.07,20,5,4.3,Metro,0
30844,66,3,108389,34418,0.2,0.1,7,3,4.7,Other,0
30845,14,14,834337,68458,0.14,0.02,20,36,4.5,Seoul,0
30846,21,4,119290,58829,0.33,0.02,10,11,4.2,Metro,0
30847,105,0,13866,45496,0.28,0.17,5,8,3.7,Metro,0
30848,6,6,234528,36271,0.59,0.23,11,13,3.8,Seoul,0
30849,7,21,1883427,55348,0.21,0.19,19,33,4.9,Seoul,0
30850,9,6,263035,37029,0.46,0.49,15,24,4.2,Other,0
30851,11,9,373534,37724,0.66,0.03,13,18,4.6,Metro,0
30852,13,14,409385,31305,0.84,0.14,12,28,4.4,Other,0
30853,18,10,345069,45139,0.22,0.2,15,16,4.9,Seoul,0
30854,10,1,40647,34068,0.2,0.53,17,14,3.9,Metro,0
30855,12,8,335921,32414,0.77,0.19,19,13,4.2,Other,0
30856,100,4,73615,26101,0.6,0.02,7,0,3.5,Seoul,0
30857,29,5,211227,46895,0.31,0.09,12,13,4.2,Seoul,0
30858,27,7,335890,40988,0.6,0.07,13,14,4.5,Seoul,0
30859,104,4,172804,39495,0.38,0.11,7,2,3.7,Seoul,0
30860,33,7,173565,34472,0.29,0.1,10,15,4.6,Metro,0
30861,6,10,217366,45531,0.44,0.09,7,9,3.9,Other,0
30862,20,8,141051,39133,0.5,0.1,7,15,4.3,Other,0
30863,24,5,249578,43250,0.47,0.09,18,14,3.6,Metro,0
30864,33,1,57266,43373,0.24,0.07,14,14,4.2,Seoul,0
30865,8,13,736148,54015,0.15,0.04,25,44,4.8,Metro,0
30866,7,15,391330,42294,0.61,0.51,13,18,4.0,Seoul,0
30867,18,8,189903,33481,0.55,0.14,17,11,3.9,Metro,0
30868,31,6,318045,39092,0.48,0.08,8,13,4.2,Metro,0
30869,5,20,1579161,67742,0.13,0.04,26,26,4.7,Seoul,0
30870,16,9,543655,48900,0.89,0.1,23,12,4.5,Metro,0
30871,14,10,403242,39318,0.17,0.06,14,11,4.1,Metro,0
30872,0,21,1393653,54872,0.02,0.05,29,33,4.7,Seoul,0
30873,15,4,125309,39770,0.35,0.74,14,6,2.8,Metro,0
30874,94,4,159841,31433,0.27,0.11,8,3,3.8,Metro,0
30875,28,7,327035,43604,0.31,0.18,15,2,3.9,Seoul,0
30876,21,5,266323,47275,0.54,0.03,9,17,4.6,Metro,0
30877,63,3,84379,21928,0.31,0.07,1,0,4.3,Other,0
30878,9,11,354889,38277,0.67,0.28,9,13,4.5,Seoul,0
30879,21,3,73082,45892,0.32,0.12,10,15,4.4,Seoul,0
30880,54,6,328115,50842,0.27,0.09,19,11,4.2,Seoul,0
30881,76,2,53141,37351,0.14,0.05,10,4,4.0,Seoul,0
30882,21,7,164375,44409,0.23,0.33,11,14,5.0,Metro,0
30883,35,7,355266,50051,0.32,0.69,15,13,3.2,Seoul,0
30884,71,2,51101,28764,0.2,0.13,4,5,4.2,Seoul,0
30885,21,10,306403,25664,0.75,0.04,19,16,4.3,Metro,0
30886,92,3,29270,27333,0.35,0.18,6,0,4.4,Metro,0
30887,75,3,44432,58766,0.24,0.13,1,3,3.8,Seoul,0
30888,6,15,878411,58202,0.1,0.12,18,37,4.4,Seoul,0
30889,22,8,247406,40891,0.8,0.06,21,20,4.5,Other,0
30890,20,6,225086,60978,0.2,0.0,16,7,3.7,Other,0
30891,7,7,346758,56251,0.81,0.13,20,15,4.6,Other,0
30892,11,7,392507,46024,0.42,0.55,23,11,3.1,Metro,0
30893,19,9,155685,29353,0.88,0.11,17,24,4.6,Metro,0
30894,8,23,1222081,48994,0.14,0.06,22,38,4.4,Seoul,0
30895,88,18,1240946,58538,0.72,0.17,10,88,3.2,Metro,-1
30896,33,12,857578,74247,0.57,0.16,69,117,3.4,Seoul,-1
30897,12,11,491404,45731,0.79,0.16,15,18,4.1,Other,0
30898,14,13,611904,52974,0.79,0.08,22,17,4.5,Other,0
30899,25,5,164840,41654,0.64,0.2,20,10,4.8,Other,0
30900,18,4,164603,39511,0.42,0.09,10,9,4.6,Metro,0
30901,70,2,89216,42337,0.18,0.05,6,3,3.9,Metro,0
30902,9,14,727028,55496,0.87,0.13,9,29,4.5,Seoul,0
30903,10,18,865232,44036,0.27,0.12,18,36,4.7,Seoul,0
30904,108,4,128529,42533,0.31,0.05,6,4,4.1,Seoul,0
30905,20,8,550324,48280,0.19,0.41,21,7,3.4,Seoul,0
30906,25,0,0,71745,0.33,0.12,11,10,4.7,Seoul,0
30907,68,2,33688,37574,0.41,0.02,6,8,3.6,Seoul,0
30908,6,12,574170,50117,0.07,0.01,23,16,4.8,Metro,0
30909,20,8,253638,37381,0.7,0.08,17,18,5.0,Seoul,0
30910,17,12,588134,52122,0.92,0.1,18,28,4.3,Other,0
30911,15,4,107149,30939,0.33,0.07,14,3,4.8,Metro,0
30912,30,7,278518,47305,0.44,0.2,26,0,4.8,Seoul,0
30913,42,18,775511,44539,0.08,0.47,15,11,3.9,Seoul,0
30914,59,10,2389936,14873,0.14,0.48,19,15,4.6,Other,-1
30915,28,6,357698,58423,0.31,0.44,18,17,3.9,Seoul,0
30916,13,8,325303,47445,0.38,0.43,11,9,3.3,Other,0
30917,0,15,1248807,72496,0.13,0.01,17,36,4.8,Metro,0
30918,1,21,949741,60064,0.22,0.11,19,34,4.6,Metro,0
30919,13,7,413368,50470,0.81,0.03,13,14,3.9,Metro,0
30920,36,10,676046,63334,0.19,0.06,10,4,3.9,Other,0
30921,15,20,1633780,57196,0.12,0.04,19,42,4.8,Metro,0
30922,41,0,0,31968,0.43,0.1,12,6,4.1,Metro,0
30923,24,3,203873,57294,0.5,0.1,18,16,4.5,Seoul,0
30924,18,7,386178,57279,0.49,0.32,13,0,3.7,Metro,0
30925,17,4,128410,41772,0.71,0.04,17,23,4.1,Seoul,0
30926,16,5,179466,31590,0.55,0.2,20,15,4.2,Other,0
30927,6,8,278205,34988,0.81,0.11,14,29,4.6,Seoul,0
30928,17,5,191816,40620,0.45,0.22,13,13,3.9,Seoul,0
30929,25,6,250326,26204,0.34,0.2,23,5,4.9,Metro,0
30930,28,7,408400,48658,0.36,0.28,19,8,3.7,Seoul,0
30931,113,26,580528,115711,0.53,0.53,61,28,4.9,Metro,-1
30932,63,4,73221,28447,0.28,0.18,4,2,3.9,Seoul,0
30933,67,3,94714,36676,0.4,0.18,2,4,4.4,Metro,0
30934,32,5,232307,42387,0.32,0.01,23,11,4.4,Seoul,0
30935,15,9,331840,41508,0.39,0.06,9,10,4.2,Other,0
30936,7,9,396185,46159,0.85,0.23,13,23,4.4,Seoul,0
30937,15,7,123156,30408,0.17,0.29,11,7,3.6,Other,0
30938,3,12,698913,47189,0.29,0.06,24,41,5.0,Seoul,0
30939,179,32,3999392,28486,0.91,0.22,78,75,1.5,Seoul,-1
30940,13,15,1181097,62290,0.08,0.2,22,37,4.7,Seoul,0
30941,12,8,301525,45320,0.76,0.03,12,14,4.5,Metro,0
30942,13,3,177235,43304,0.37,0.1,13,0,3.7,Metro,0
30943,23,12,546210,42555,0.95,0.32,21,29,5.0,Metro,0
30944,96,3,89135,35158,0.18,0.05,8,3,4.0,Seoul,0
30945,79,3,34627,22606,0.29,0.04,1,2,4.5,Metro,0
30946,18,9,390436,41141,0.88,0.01,24,30,4.2,Other,0
30947,23,8,247524,28931,0.39,0.13,12,20,4.4,Metro,0
30948,42,11,419400,42158,0.26,0.25,12,15,3.5,Metro,0
30949,22,10,253150,46464,0.28,0.03,16,7,4.1,Other,0
30950,4,10,400291,51503,0.93,0.06,12,16,4.4,Metro,0
30951,14,4,181564,47637,0.25,0.04,13,14,4.2,Metro,0
30952,12,18,551437,44085,0.72,0.06,23,19,4.3,Seoul,0
30953,16,9,330869,38117,0.83,0.07,18,24,4.0,Metro,0
30954,19,7,327473,43031,0.78,0.08,7,6,3.8,Seoul,0
30955,24,10,378729,48778,0.36,0.35,13,13,3.8,Metro,0
30956,29,5,327015,54699,0.3,0.07,8,16,4.3,Other,0
30957,36,2,28684,25730,0.43,0.12,8,26,4.7,Metro,0
30958,16,5,322757,52281,0.36,0.07,7,14,3.9,Seoul,0
30959,84,3,196530,52330,0.09,0.15,8,3,3.4,Seoul,0
30960,9,5,193138,39746,0.25,0.01,12,9,4.6,Seoul,0
30961,15,7,427452,44865,0.3,0.16,16,9,4.8,Seoul,0
30962,80,2,62983,37285,0.17,0.09,11,4,4.1,Other,0
30963,3,17,558594,44138,0.03,0.06,25,38,4.8,Metro,0
30964,6,14,558493,42464,0.12,0.12,21,46,4.7,Other,0
30965,29,10,311470,32393,0.44,0.59,15,16,3.0,Metro,0
30966,31,3,96465,31338,0.41,0.08,13,3,4.2,Metro,0
30967,3,7,286759,48531,0.47,0.74,20,18,3.4,Seoul,0
30968,9,10,677114,56333,0.66,0.03,11,25,4.8,Metro,0
30969,20,3,155201,51001,0.14,0.02,18,4,3.9,Other,0
30970,5,11,618292,46355,0.65,0.14,21,24,4.2,Seoul,0
30971,14,10,398336,39271,0.66,0.16,10,15,4.3,Other,0
30972,10,25,1770576,50529,0.07,0.04,19,44,4.7,Metro,0
30973,4,17,2308953,70636,0.06,0.07,23,37,4.7,Metro,0
30974,21,9,813579,56982,0.32,0.74,8,8,3.5,Other,0
30975,18,9,354297,41689,0.84,0.13,15,5,4.5,Metro,0
30976,43,6,97189,36344,0.6,0.04,15,16,3.5,Seoul,0
30977,157,17,2342558,148927,0.13,0.87,38,30,4.6,Other,-1
30978,69,4,108492,26971,0.17,0.19,8,3,3.8,Metro,0
30979,8,7,228792,39726,0.3,0.02,14,13,4.1,Other,0
30980,16,13,577696,45244,0.63,0.07,18,20,4.0,Seoul,0
30981,162,14,1778454,120414,0.31,0.63,57,83,2.1,Metro,-1
30982,5,5,190227,48252,0.42,0.23,18,13,4.7,Metro,0
30983,28,8,234857,37849,0.29,0.11,5,12,4.7,Seoul,0
30984,81,3,52498,30497,0.25,0.08,4,1,3.2,Metro,0
30985,8,13,358035,39052,0.7,0.08,20,11,4.1,Metro,0
30986,2,7,396239,64356,0.51,0.58,12,18,3.8,Seoul,0
30987,26,9,270395,38433,0.86,0.14,19,8,4.4,Other,0
30988,13,16,1480301,70183,0.1,0.02,16,52,5.0,Metro,0
30989,13,7,278385,41921,0.92,0.09,26,20,4.3,Other,0
30990,16,5,247273,46155,0.38,0.08,15,0,3.9,Metro,0
30991,13,7,171738,33480,0.39,0.17,15,5,4.3,Seoul,0
30992,33,3,92131,54064,0.38,0.13,6,0,4.5,Other,0
30993,26,4,166129,49944,0.28,0.14,3,12,4.6,Seoul,0
30994,15,10,485525,52634,0.55,0.12,14,26,4.0,Seoul,0
30995,13,10,182619,32504,0.27,0.47,32,6,2.8,Metro,0
30996,55,2,70267,50292,0.29,0.04,10,5,4.5,Metro,0
30997,37,8,361543,36283,0.73,0.09,12,7,4.5,Metro,0
30998,17,8,1254026,190754,0.61,0.8,64,15,2.1,Other,-1
30999,53,25,4807098,38536,0.03,0.53,39,21,2.2,Seoul,-1
31000,9,7,324651,47537,0.87,0.04,18,17,4.6,Other,0
31001,9,15,869084,49606,0.23,0.12,20,26,4.9,Metro,0
31002,55,2,55222,33842,0.52,0.09,7,5,3.2,Seoul,0
31003,6,20,780491,41877,0.05,0.14,23,35,4.6,Metro,0
31004,22,12,307894,39133,0.8,0.07,20,25,4.3,Seoul,0
31005,34,2,87966,52975,0.3,0.13,16,10,4.8,Seoul,0
31006,69,5,171906,37855,0.34,0.1,5,5,3.2,Metro,0
31007,20,8,280942,42287,0.27,0.45,20,12,3.0,Metro,0
31008,18,10,355476,48083,0.74,0.17,22,22,4.4,Metro,0
31009,11,8,277731,46953,0.12,0.23,6,9,4.5,Metro,0
31010,102,0,8775,38828,0.33,0.07,3,4,4.2,Metro,0
31011,5,5,156621,34566,0.36,0.04,9,19,4.2,Other,0
31012,38,1,56674,49328,0.7,0.09,12,7,4.3,Metro,0
31013,32,1,46132,36607,0.16,0.07,5,1,3.7,Metro,0
31014,28,3,110930,35322,0.11,0.3,24,6,4.0,Metro,0
31015,16,17,790651,42060,0.73,0.12,23,10,4.4,Seoul,0
31016,6,13,466870,44412,0.69,0.23,16,15,4.7,Metro,0
31017,24,5,265618,49563,0.28,0.05,17,8,4.3,Seoul,0
31018,61,8,250744,28878,0.21,0.02,14,5,4.5,Metro,0
31019,10,9,674098,55624,0.05,0.02,23,32,4.5,Metro,0
31020,22,3,66702,33691,0.27,0.08,4,1,4.0,Seoul,0
31021,37,12,273398,21263,0.26,0.12,14,5,3.6,Seoul,0
31022,41,11,236438,39490,0.28,0.08,11,8,4.0,Metro,0
31023,23,4,339627,58841,0.47,0.52,8,19,3.1,Seoul,0
31024,14,4,126479,36490,0.44,0.15,20,8,4.3,Other,0
31025,24,8,478750,48845,0.16,0.08,14,11,4.6,Metro,0
31026,22,6,205574,43775,0.94,0.05,21,24,4.5,Metro,0
31027,9,12,554939,42922,0.52,0.39,14,10,3.3,Metro,0
31028,110,2,105198,56153,0.06,0.12,6,5,3.3,Metro,0
31029,35,5,77308,37130,0.63,0.03,9,2,4.6,Seoul,0
31030,44,3,94650,32072,0.24,0.23,6,1,4.0,Metro,0
31031,24,4,82152,37706,0.08,0.17,10,4,3.3,Metro,0
31032,26,9,356069,59443,0.4,0.05,11,11,4.7,Metro,0
31033,28,7,281134,54468,0.36,0.07,11,4,4.3,Seoul,0
31034,11,8,350444,45086,0.43,0.41,17,20,2.7,Seoul,0
31035,67,3,130887,30849,0.21,0.1,4,2,4.3,Seoul,0
31036,16,7,190155,29427,0.27,0.24,4,9,3.6,Seoul,0
31037,19,7,196395,27228,0.69,0.15,13,15,4.1,Other,0
31038,45,2,42736,41925,0.5,0.03,4,7,3.1,Metro,0
31039,69,4,146285,27721,0.37,0.22,8,4,4.0,Metro,0
31040,13,14,702559,56296,0.28,0.1,32,15,4.8,Metro,0
31041,6,20,1062372,61316,0.04,0.13,24,30,4.9,Metro,0
31042,14,2,64757,55300,0.19,0.08,9,11,3.9,Metro,0
31043,23,4,225385,57271,0.14,0.15,14,9,3.6,Other,0
31044,20,4,240426,41914,0.41,0.13,8,8,4.3,Other,0
31045,14,22,1173077,62286,0.16,0.03,22,38,5.0,Metro,0
31046,21,3,51431,20668,0.68,0.17,18,23,4.7,Metro,0
31047,14,3,132057,43586,0.58,0.16,21,16,4.3,Other,0
31048,14,7,239562,39654,0.26,0.05,13,11,4.0,Metro,0
31049,23,8,127008,26166,0.17,0.16,7,6,4.0,Seoul,0
31050,13,9,235142,36030,0.92,0.11,23,22,4.2,Other,0
31051,9,10,278074,31091,0.18,0.15,1,19,5.0,Seoul,0
31052,5,13,892990,53421,0.04,0.09,18,35,4.2,Seoul,0
31053,13,5,157307,30525,0.84,0.13,21,21,4.1,Metro,0
31054,10,12,805044,59448,0.17,0.07,27,29,5.0,Metro,0
31055,30,14,403881,36246,0.82,0.11,18,17,3.7,Seoul,0
31056,34,4,170520,42189,0.25,0.12,11,6,4.4,Seoul,0
31057,28,7,263094,44678,0.46,0.36,9,6,3.9,Seoul,0
31058,10,12,593289,48472,0.72,0.11,18,22,4.2,Seoul,0
31059,32,10,409224,38951,0.32,0.16,13,15,4.6,Metro,0
31060,33,5,248165,40102,0.11,0.02,9,14,4.1,Seoul,0
31061,25,11,636144,68079,0.35,0.65,12,0,3.6,Metro,0
31062,15,6,259717,46411,0.34,0.04,7,0,4.2,Metro,0
31063,6,8,309835,44505,0.61,0.13,21,5,4.5,Seoul,0
31064,13,6,356177,59176,0.43,0.08,15,4,4.2,Other,0
31065,11,8,359139,47402,0.83,0.1,29,11,4.0,Other,0
31066,27,9,472159,51301,0.44,0.73,12,9,4.5,Seoul,0
31067,72,1,41650,46170,0.4,0.04,8,3,4.4,Metro,0
31068,41,7,405664,37886,0.33,0.16,12,12,4.6,Metro,0
31069,9,18,1010881,49395,0.08,0.0,20,35,4.8,Metro,0
31070,107,2,83939,36391,0.3,0.17,4,0,3.2,Metro,0
31071,23,8,256130,37902,0.18,0.14,15,21,4.6,Seoul,0
31072,32,9,350107,41995,0.43,0.25,22,14,4.3,Metro,0
31073,89,4,172742,39032,0.43,0.09,6,2,4.0,Metro,0
31074,15,7,404685,55575,0.37,0.39,19,15,2.2,Seoul,0
31075,11,5,238897,40840,0.27,0.06,14,17,3.9,Seoul,0
31076,10,13,725911,45172,0.79,0.11,22,15,4.9,Metro,0
31077,22,6,580890,58448,0.51,0.1,14,9,4.8,Seoul,0
31078,49,1,41921,40364,0.35,0.15,3,5,3.9,Seoul,0
31079,39,4,183042,41429,0.32,0.05,8,18,4.3,Seoul,0
31080,23,14,408750,35568,0.89,0.03,20,25,3.7,Other,0
31081,5,6,238556,47436,0.87,0.06,11,9,4.2,Metro,0
31082,34,6,236198,37304,0.28,0.64,24,9,2.9,Seoul,0
31083,18,9,376102,36513,0.37,0.45,13,13,3.8,Seoul,0
31084,27,8,395098,51391,0.2,0.02,12,16,3.5,Other,0
31085,45,9,400368,38578,0.43,0.42,8,12,4.5,Other,0
31086,22,7,380124,66493,0.32,0.05,6,0,5.0,Metro,0
31087,32,4,312586,58832,0.6,0.1,7,8,4.4,Other,0
31088,29,3,114339,41563,0.32,0.12,13,7,4.2,Seoul,0
31089,37,3,88467,35284,0.11,0.23,14,0,4.1,Seoul,0
31090,85,4,212550,45326,0.28,0.07,3,4,3.8,Seoul,0
31091,10,6,237791,46100,0.64,0.1,14,18,4.0,Metro,0
31092,50,6,338084,38999,0.33,0.01,10,5,3.5,Metro,0
31093,15,8,415022,41178,0.92,0.06,16,20,4.7,Metro,0
31094,23,10,406906,42412,0.79,0.19,23,19,4.6,Metro,0
31095,25,9,290841,34593,0.49,0.03,9,11,4.5,Other,0
31096,65,0,0,43198,0.42,0.08,7,0,3.2,Other,0
31097,19,7,424465,47547,0.83,0.1,13,17,4.3,Seoul,0
31098,33,10,362319,44136,0.18,0.22,13,18,3.6,Metro,0
31099,23,3,48838,29004,0.34,0.1,9,9,4.9,Seoul,0
31100,25,10,348146,36754,0.54,0.09,21,14,4.0,Metro,0
31101,3,14,878596,59296,0.09,0.02,13,36,4.9,Seoul,0
31102,16,15,875300,49615,0.7,0.21,19,17,4.0,Other,0
31103,13,8,581597,63356,0.29,0.26,11,6,3.3,Seoul,0
31104,30,8,159142,38292,0.3,0.18,13,11,4.5,Metro,0
31105,8,15,665194,50942,0.08,0.05,21,41,4.4,Metro,0
31106,7,9,529995,43552,0.22,0.11,10,12,4.8,Metro,0
31107,76,0,3756905,120102,0.83,0.91,51,95,2.0,Metro,-1
31108,8,21,3287048,67563,0.29,0.92,0,68,4.8,Other,-1
31109,20,8,200590,41206,0.24,0.53,27,7,3.0,Metro,0
31110,13,5,226673,45956,0.74,0.08,20,24,4.5,Seoul,0
31111,20,8,341578,42016,0.82,0.05,17,14,4.2,Seoul,0
31112,99,4,102722,25886,0.49,0.28,4,0,3.6,Metro,0
31113,37,7,201340,45655,0.32,0.14,7,12,4.3,Metro,0
31114,22,13,485994,35543,0.39,0.41,17,29,2.6,Seoul,0
31115,32,5,245944,42245,0.38,0.57,19,11,3.5,Seoul,0
31116,4,14,782835,58028,0.03,0.01,17,42,4.9,Metro,0
31117,8,8,370234,55550,0.07,0.05,21,26,4.5,Metro,0
31118,9,5,86589,32413,0.49,0.21,18,4,4.3,Metro,0
31119,4,5,169097,52719,0.71,0.07,15,5,4.2,Seoul,0
31120,14,8,399823,52218,0.36,0.1,22,16,4.3,Metro,0
31121,97,27,1599979,179993,0.08,0.22,29,15,3.7,Metro,-1
31122,8,11,661824,61356,0.03,0.01,22,31,4.1,Seoul,0
31123,32,4,135345,40753,0.25,0.22,11,4,4.0,Seoul,0
31124,2,6,135363,32940,0.99,0.07,13,21,4.4,Other,0
31125,40,2,4580,35211,0.28,0.12,3,3,3.9,Metro,0
31126,12,4,207712,46644,0.19,0.1,12,14,4.3,Seoul,0
31127,31,4,193090,42475,0.17,0.22,9,16,4.5,Metro,0
31128,17,2,108446,43102,0.21,0.03,18,8,4.6,Other,0
31129,24,5,233391,37205,0.34,0.09,17,7,3.8,Metro,0
31130,144,28,641750,56619,0.58,1.0,5,1,2.4,Seoul,-1
31131,18,6,210497,45588,0.57,0.27,4,28,3.7,Metro,0
31132,19,5,162961,44315,0.52,0.17,10,7,4.5,Seoul,0
31133,7,16,601542,42437,0.05,0.02,22,49,4.8,Other,0
31134,53,5,254072,47019,0.25,0.05,10,4,4.5,Other,0
31135,9,5,73725,27436,0.16,0.46,12,7,4.5,Metro,0
31136,21,8,366355,38779,0.76,0.07,21,27,4.3,Other,0
31137,68,3,70508,37110,0.27,0.04,5,0,4.5,Seoul,0
31138,88,3,128075,51901,0.4,0.09,3,3,3.2,Metro,0
31139,7,9,482857,46481,0.06,0.16,29,27,4.7,Other,0
31140,5,7,116520,35808,0.54,0.06,14,7,3.4,Other,0
31141,51,3,78690,26688,0.47,0.05,7,4,4.4,Seoul,0
31142,108,38,442093,115685,0.45,0.58,52,28,3.9,Metro,-1
31143,25,5,111907,25887,0.39,0.09,14,5,4.6,Metro,0
31144,16,6,309951,54411,0.31,0.12,15,8,4.2,Metro,0
31145,101,2,57637,32895,0.13,0.04,3,3,4.8,Seoul,0
31146,15,7,294812,37224,0.75,0.18,18,12,3.9,Other,0
31147,30,1,39242,32218,0.14,0.09,14,10,4.7,Seoul,0
31148,13,6,129501,27715,0.4,0.05,13,14,5.0,Other,0
31149,81,0,3075320,141354,0.56,0.77,3,4,2.0,Metro,-1
31150,12,7,296811,38727,0.61,0.01,14,10,4.7,Metro,0
31151,7,15,964346,52840,0.09,0.01,14,30,5.0,Metro,0
31152,11,8,398861,45304,0.16,0.21,16,10,4.0,Seoul,0
31153,6,10,381344,43454,0.31,0.07,34,25,4.7,Metro,0
31154,21,11,674098,44507,0.9,0.12,13,26,4.0,Seoul,0
31155,26,3,91513,40593,0.26,0.06,14,9,4.0,Seoul,0
31156,8,23,1214837,51745,0.04,0.03,22,28,4.7,Metro,0
31157,4,25,1886715,52003,0.28,0.03,25,36,4.8,Seoul,0
31158,18,12,696403,65477,0.14,0.07,23,41,4.9,Metro,0
31159,74,3,68648,30490,0.43,0.17,0,3,4.8,Metro,0
31160,18,6,400036,50594,0.3,0.06,11,5,4.2,Seoul,0
31161,1,17,1133057,56140,0.2,0.04,12,35,4.6,Other,0
31162,15,9,444391,41144,0.18,0.1,24,9,4.4,Metro,0
31163,29,2,94840,41511,0.22,0.17,4,13,4.7,Seoul,0
31164,8,9,310255,50277,0.85,0.03,19,21,4.0,Other,0
31165,5,12,861951,63235,0.11,0.04,16,32,4.9,Seoul,0
31166,38,6,127748,42142,0.39,0.01,16,12,3.5,Other,0
31167,8,2,105233,58765,0.38,0.16,10,7,4.3,Seoul,0
31168,29,5,237917,39700,0.39,0.18,4,9,4.6,Seoul,0
31169,31,4,175955,66082,0.28,0.03,2,14,4.7,Seoul,0
31170,5,15,1117599,57413,0.24,0.13,19,25,4.6,Metro,0
31171,61,1,41162,32739,0.16,0.02,4,3,4.0,Other,0
31172,40,7,370429,61355,0.53,0.03,11,12,4.7,Other,0
31173,23,10,363965,35119,0.72,0.13,35,11,4.2,Metro,0
31174,22,5,123897,32843,0.32,0.18,22,6,3.5,Metro,0
31175,44,3,156534,51882,0.46,0.14,21,3,3.5,Other,0
31176,32,10,331520,38000,0.36,0.02,9,0,4.4,Metro,0
31177,20,2,118507,51392,0.26,0.08,5,3,3.9,Metro,0
31178,67,1,35710,40926,0.32,0.07,9,4,3.0,Seoul,0
31179,19,8,392227,65138,0.83,0.1,17,14,4.4,Other,0
31180,14,8,250341,37361,0.7,0.02,26,14,4.4,Seoul,0
31181,2,6,208946,44883,0.36,0.03,9,17,4.9,Metro,0
31182,15,23,1364582,50715,0.2,0.18,28,29,4.7,Metro,0
31183,2,14,803336,56070,0.08,0.06,14,23,4.8,Metro,0
31184,15,8,300639,44525,0.91,0.01,5,19,4.8,Seoul,0
31185,16,8,356005,42019,0.78,0.09,17,17,4.0,Metro,0
31186,29,8,347889,29161,0.54,0.11,10,21,4.3,Metro,0
31187,91,3,106573,44864,0.43,0.05,0,1,3.8,Metro,0
31188,19,6,243707,57934,0.32,0.74,18,13,3.3,Seoul,0
31189,9,15,1006206,60835,0.02,0.07,17,41,4.9,Seoul,0
31190,25,3,158982,42808,0.26,0.2,13,14,4.2,Metro,0
31191,54,3,207864,43780,0.13,0.04,9,2,4.5,Seoul,0
31192,62,3,98657,38937,0.1,0.01,8,7,3.2,Seoul,0
31193,37,5,390668,68699,0.4,0.08,22,6,3.7,Other,0
31194,3,8,217944,30705,0.34,0.46,14,9,3.5,Metro,0
31195,39,8,319133,36609,0.25,0.21,17,8,3.9,Metro,0
31196,8,10,354752,42323,0.82,0.15,23,25,4.5,Seoul,0
31197,11,3,112632,36453,0.58,0.17,18,23,4.2,Other,0
31198,13,4,248048,50512,0.24,0.15,15,7,3.8,Metro,0
31199,16,10,544797,49473,0.85,0.08,15,9,5.0,Metro,0
31200,36,6,300363,44971,0.48,0.18,13,8,4.1,Seoul,0
31201,23,6,119171,39087,0.26,0.02,3,12,4.0,Seoul,0
31202,16,0,7446,54820,0.27,0.07,2,12,4.4,Other,0
31203,42,6,330186,39753,0.2,0.02,8,5,4.7,Seoul,0
31204,19,5,188435,43552,0.42,0.25,6,12,4.1,Metro,0
31205,8,12,881192,64547,0.02,0.04,23,41,4.8,Metro,0
31206,8,21,1201047,53942,0.11,0.04,25,35,4.5,Other,0
31207,25,6,147119,46038,0.37,0.09,4,0,4.0,Seoul,0
31208,65,3,116768,38732,0.53,0.04,1,4,3.5,Seoul,0
31209,11,6,270764,36023,0.7,0.04,18,9,4.4,Metro,0
31210,86,3,156930,45093,0.22,0.03,8,5,4.0,Seoul,0
31211,24,4,165199,54879,0.26,0.19,17,17,4.0,Metro,0
31212,31,3,81319,40395,0.3,0.06,11,3,4.9,Metro,0
31213,41,4,271103,64252,0.13,0.14,8,10,3.8,Other,0
31214,68,3,136683,31224,0.35,0.07,3,4,3.1,Other,0
31215,4,8,257379,29617,0.78,0.05,23,22,4.2,Other,0
31216,44,5,115367,27763,0.24,0.08,6,13,4.3,Other,0
31217,174,38,1933666,116019,0.58,0.94,12,51,1.7,Seoul,-1
31218,36,8,242376,38496,0.18,0.05,16,11,3.8,Seoul,0
31219,5,5,290366,55026,0.36,0.05,12,13,3.4,Metro,0
31220,12,3,103051,41820,0.08,0.03,25,39,4.3,Seoul,0
31221,12,14,791701,41258,0.13,0.01,16,42,4.7,Seoul,0
31222,20,8,380629,52117,0.93,0.18,23,17,4.5,Other,0
31223,42,6,234347,38773,0.33,0.18,5,17,4.0,Other,0
31224,32,7,363698,45437,0.64,0.18,10,7,4.2,Other,0
31225,21,10,417346,50753,0.84,0.07,15,21,4.3,Metro,0
31226,38,5,160268,35217,0.33,0.11,21,11,3.8,Seoul,0
31227,75,2,131076,51872,0.26,0.06,8,2,4.8,Metro,0
31228,76,3,76041,33727,0.31,0.11,8,2,4.2,Other,0
31229,32,5,326691,55886,0.42,0.38,10,5,3.4,Metro,0
31230,5,16,1088194,52389,0.34,0.03,12,36,4.9,Seoul,0
31231,18,10,306625,27949,0.8,0.07,17,23,4.6,Metro,0
31232,59,37,4607363,110948,0.64,0.88,74,73,1.2,Metro,-1
31233,20,5,191994,47696,0.92,0.04,17,11,4.9,Metro,0
31234,25,5,308642,39228,0.43,0.14,12,16,3.7,Metro,0
31235,21,10,280107,28126,0.5,0.2,14,5,4.7,Seoul,0
31236,8,13,432008,36297,0.19,0.02,25,46,4.8,Seoul,0
31237,15,12,381575,41809,0.6,0.06,17,17,4.4,Metro,0
31238,65,1,41022,46185,0.21,0.19,8,0,4.1,Metro,0
31239,0,8,237534,33546,0.49,0.18,17,13,4.9,Metro,0
31240,0,19,1403137,69361,0.05,0.05,31,27,4.7,Seoul,0
31241,36,5,245469,50678,0.47,0.12,14,9,4.1,Other,0
31242,22,9,321024,48235,0.86,0.13,12,18,4.5,Seoul,0
31243,109,1,35634,42047,0.24,0.03,4,6,4.3,Metro,0
31244,7,21,1312203,59775,0.06,0.06,20,32,4.7,Other,0
31245,54,3,121517,33621,0.09,0.06,8,5,3.7,Metro,0
31246,8,3,111531,45883,0.84,0.08,22,17,4.1,Seoul,0
31247,49,9,308234,38441,0.26,0.13,10,9,4.1,Seoul,0
31248,6,6,251152,48857,0.97,0.1,20,12,4.4,Metro,0
31249,27,6,267183,43064,0.79,0.11,11,9,4.8,Metro,0
31250,26,5,120968,44155,0.3,0.28,7,18,3.9,Seoul,0
31251,4,10,448863,49915,0.12,0.03,15,31,4.8,Metro,0
31252,6,24,816886,46123,0.24,0.04,19,40,4.5,Other,0
31253,0,10,629424,63225,0.12,0.03,24,24,4.9,Metro,0
31254,10,0,1022,39358,0.51,0.21,6,12,4.6,Metro,0
31255,9,21,1003033,46091,0.26,0.08,21,47,4.9,Other,0
31256,32,0,0,50001,0.3,0.27,9,10,4.2,Seoul,0
31257,23,10,152372,29449,0.48,0.02,14,10,3.7,Seoul,0
31258,12,6,301594,42859,0.29,0.04,19,8,3.7,Metro,0
31259,23,6,203452,40731,0.51,0.2,14,9,4.4,Seoul,0
31260,15,1,42932,68703,0.41,0.7,19,12,3.5,Metro,0
31261,0,17,631339,46854,0.03,0.08,30,39,4.6,Metro,0
31262,89,3,227703,41869,0.41,0.13,11,1,4.0,Seoul,0
31263,6,10,309798,39933,0.66,0.16,15,31,4.3,Other,0
31264,23,10,594033,60171,0.12,0.4,17,5,3.1,Metro,0
31265,31,0,17219,35678,0.34,0.11,17,10,5.0,Metro,0
31266,38,6,307045,54819,0.38,0.09,2,15,4.1,Metro,0
31267,31,12,449941,40661,0.88,0.14,19,18,4.2,Metro,0
31268,23,8,234059,50922,0.27,0.51,10,24,4.1,Metro,0
31269,101,2,63463,39020,0.17,0.12,5,5,3.4,Seoul,0
31270,72,3,86794,23875,0.42,0.14,6,4,2.7,Metro,0
31271,25,9,467037,44643,0.33,0.61,14,12,2.9,Metro,0
31272,76,3,74595,37306,0.3,0.16,8,3,3.9,Metro,0
31273,86,0,1007,28010,0.31,0.13,0,4,4.7,Seoul,0
31274,19,3,85038,28256,0.47,0.07,14,12,3.5,Other,0
31275,8,14,776032,48872,0.08,0.02,28,49,4.8,Other,0
31276,17,7,105566,31505,0.89,0.11,13,15,4.5,Seoul,0
31277,7,17,348784,34787,0.83,0.24,15,19,3.8,Seoul,0
31278,2,14,1070119,55913,0.26,0.04,23,35,4.4,Metro,0
31279,20,5,141906,47132,0.45,0.01,14,8,4.5,Metro,0
31280,24,4,119788,47956,0.73,0.07,8,8,4.7,Seoul,0
31281,68,5,151937,42060,0.29,0.04,3,4,4.7,Metro,0
31282,37,1,48061,36868,0.23,0.3,9,4,3.8,Seoul,0
31283,70,1,59017,45019,0.38,0.14,6,3,3.8,Other,0
31284,46,5,196760,40329,0.36,0.05,12,18,4.3,Seoul,0
31285,9,4,253142,58344,0.47,0.43,9,20,3.4,Seoul,0
31286,24,8,364124,46280,0.58,0.39,9,21,3.5,Other,0
31287,108,4,122444,32426,0.42,0.11,5,3,3.1,Seoul,0
31288,9,10,537111,48640,0.62,0.17,21,21,4.9,Seoul,0
31289,86,3,63622,27633,0.28,0.21,3,2,4.4,Metro,0
31290,41,6,382253,61381,0.09,0.05,19,2,4.2,Metro,0
31291,77,2,46122,29390,0.31,0.11,6,5,4.1,Seoul,0
31292,32,7,323844,47748,0.5,0.04,14,3,3.9,Other,0
31293,31,6,231504,37407,0.19,0.08,10,6,3.8,Metro,0
31294,14,5,226140,44571,0.71,0.13,20,14,4.6,Seoul,0
31295,18,13,442590,42730,0.82,0.1,15,32,3.8,Other,0
31296,90,2,105156,54161,0.2,0.07,4,7,3.8,Metro,0
31297,4,16,1206808,59966,0.07,0.07,10,31,4.7,Seoul,0
31298,16,5,305008,50835,0.92,0.07,20,9,4.6,Other,0
31299,21,6,244375,49397,0.25,0.13,21,13,4.4,Seoul,0
31300,72,1,65459,62232,0.25,0.03,1,1,2.9,Other,0
31301,7,10,270086,32899,0.93,0.13,18,9,4.5,Other,0
31302,34,2,39341,39619,0.25,0.11,12,6,3.8,Other,0
31303,13,6,289135,40218,0.26,0.12,20,5,4.3,Metro,0
31304,16,6,243739,47041,0.69,0.04,13,8,4.8,Metro,0
31305,31,7,399384,54005,0.04,0.19,10,15,3.9,Metro,0
31306,9,8,406669,50113,0.23,0.42,15,3,2.9,Other,0
31307,1,6,231733,48746,0.5,0.07,12,3,4.6,Seoul,0
31308,45,9,4629228,30105,0.56,0.94,52,45,1.7,Metro,-1
31309,12,17,1167587,64541,0.13,0.01,18,40,4.7,Seoul,0
31310,28,8,403267,46733,0.41,0.42,26,17,4.1,Seoul,0
31311,76,2,39753,54011,0.24,0.05,10,3,3.0,Metro,0
31312,23,6,218746,38888,0.34,0.58,16,19,3.3,Other,0
31313,2,5,85433,21513,0.26,0.07,7,16,4.2,Seoul,0
31314,9,12,571301,63360,0.24,0.07,19,43,5.0,Metro,0
31315,12,15,1030099,55006,0.06,0.03,18,29,4.7,Other,0
31316,48,3,133190,47095,0.27,0.08,24,14,4.4,Seoul,0
31317,23,6,364334,57581,0.44,0.16,8,11,4.7,Metro,0
31318,13,13,921391,63164,0.1,0.01,23,19,4.9,Metro,0
31319,9,5,129240,33834,0.25,0.05,15,14,4.5,Other,0
31320,54,2,85938,45481,0.15,0.04,15,23,4.2,Seoul,0
31321,2,25,4682863,166491,0.25,0.07,63,8,2.9,Other,-1
31322,85,2,25528,26984,0.47,0.14,5,4,3.1,Seoul,0
31323,4,11,655104,49632,0.05,0.04,23,20,4.6,Metro,0
31324,16,5,147454,41930,0.24,0.08,6,10,4.2,Metro,0
31325,10,5,131921,33746,0.77,0.25,17,18,4.9,Other,0
31326,31,10,483431,50434,0.58,0.12,4,10,3.8,Seoul,0
31327,64,1,34061,29479,0.3,0.16,1,4,4.2,Seoul,0
31328,16,5,196378,39061,0.15,0.26,6,21,4.1,Seoul,0
31329,21,12,828347,52345,0.96,0.14,20,21,5.0,Metro,0
31330,14,8,375478,45811,0.63,0.25,20,16,4.3,Metro,0
31331,35,9,320553,51128,0.57,0.04,11,7,4.8,Metro,0
31332,69,2,48836,44193,0.2,0.02,4,3,4.2,Other,0
31333,25,8,372628,41386,0.56,0.17,15,9,4.3,Metro,0
31334,13,4,246420,48141,0.41,0.43,18,13,3.1,Other,0
31335,33,8,199375,37872,0.48,0.57,12,19,4.3,Seoul,0
31336,16,12,1042403,68453,0.49,0.07,11,19,3.9,Metro,0
31337,9,14,683647,48752,0.75,0.21,10,21,4.6,Metro,0
31338,9,7,331057,47275,0.4,0.12,9,15,4.5,Other,0
31339,16,6,406989,64614,0.3,0.2,9,4,4.3,Metro,0
31340,93,2,145338,54863,0.37,0.05,9,2,3.2,Metro,0
31341,13,13,765537,40433,0.12,0.08,12,37,4.2,Other,0
31342,13,6,287550,49850,0.5,0.36,11,11,3.4,Seoul,0
31343,21,9,1060392,175637,0.07,0.22,8,36,2.5,Other,-1
31344,4,7,264676,40604,0.14,0.17,10,14,3.9,Other,0
31345,32,6,342545,51812,0.55,0.51,13,10,3.7,Metro,0
31346,34,5,206332,44397,0.28,0.19,10,10,3.7,Other,0
31347,86,2,37141,39520,0.55,0.11,6,1,3.4,Metro,0
31348,88,3,71202,30604,0.24,0.03,4,0,4.4,Other,0
31349,73,2,25363,35715,0.37,0.14,6,5,5.0,Seoul,0
31350,1,11,529042,49631,0.07,0.05,27,47,4.7,Other,0
31351,38,5,224304,47514,0.28,0.2,7,9,3.8,Seoul,0
31352,17,7,155680,23369,0.28,0.07,8,3,3.9,Seoul,0
31353,99,16,3225856,192952,0.93,0.76,35,98,4.8,Seoul,-1
31354,17,4,143409,57275,0.65,0.13,18,16,4.7,Seoul,0
31355,0,4,326904,52684,0.41,0.13,16,13,4.5,Seoul,0
31356,10,14,365008,48550,0.19,0.04,22,25,4.7,Metro,0
31357,29,1,56962,45549,0.4,0.04,9,20,3.8,Metro,0
31358,68,1,34896,38709,0.33,0.11,8,4,3.8,Metro,0
31359,27,3,100739,48938,0.34,0.01,16,12,3.7,Metro,0
31360,11,8,351879,55990,0.86,0.04,9,21,3.8,Other,0
31361,13,10,281391,49592,0.42,0.17,13,15,4.5,Metro,0
31362,49,2,58288,45061,0.43,0.18,2,6,4.6,Metro,0
31363,24,5,209580,32375,0.31,0.12,22,6,4.2,Seoul,0
31364,5,18,787487,49944,0.13,0.15,24,33,4.7,Seoul,0
31365,53,4,94127,34008,0.63,0.07,7,2,4.4,Metro,0
31366,0,8,480218,44807,0.19,0.21,13,5,4.5,Seoul,0
31367,114,30,40276,102926,0.82,0.75,13,101,3.2,Other,-1
31368,3,16,933883,47325,0.09,0.03,26,32,4.7,Seoul,0
31369,18,12,548337,50227,0.83,0.07,20,16,4.3,Other,0
31370,22,11,591573,39887,0.76,0.05,25,15,4.4,Seoul,0
31371,9,24,1355425,51311,0.08,0.03,17,50,4.6,Metro,0
31372,12,6,297994,44988,0.55,0.56,18,22,3.2,Metro,0
31373,87,5,288750,41210,0.19,0.04,8,4,3.9,Other,0
31374,25,4,131200,44080,0.41,0.14,15,6,4.3,Seoul,0
31375,8,4,202146,40109,0.54,0.44,15,9,3.5,Other,0
31376,11,7,367775,59960,0.03,0.02,30,53,4.6,Seoul,0
31377,23,8,308928,32809,0.28,0.13,7,12,5.0,Seoul,0
31378,41,7,449501,57072,0.33,0.17,5,11,4.1,Other,0
31379,28,11,665110,60860,0.33,0.09,22,2,3.9,Metro,0
31380,87,3,111684,40201,0.67,0.09,6,1,4.2,Metro,0
31381,55,3,106968,38803,0.21,0.06,6,2,3.3,Metro,0
31382,11,18,1002582,68722,0.19,0.08,21,38,4.5,Seoul,0
31383,26,9,268260,40515,0.62,0.13,17,8,4.3,Other,0
31384,9,6,273085,38867,0.22,0.43,17,22,3.7,Metro,0
31385,20,11,551049,60439,0.42,0.32,7,15,3.6,Other,0
31386,8,16,679411,41197,0.12,0.11,31,42,4.3,Seoul,0
31387,39,8,3887484,34976,0.67,0.51,22,30,1.1,Seoul,-1
31388,19,11,300436,33121,0.7,0.1,10,19,4.4,Seoul,0
31389,12,9,365601,35155,0.58,0.58,13,15,3.8,Metro,0
31390,8,19,732527,44698,0.09,0.14,17,42,4.7,Seoul,0
31391,20,7,265163,47854,0.37,0.58,14,5,3.6,Metro,0
31392,15,5,259923,43440,0.32,0.01,15,12,4.3,Metro,0
31393,9,19,1105595,48668,0.14,0.03,31,25,4.6,Seoul,0
31394,8,15,954284,61126,0.06,0.02,17,41,4.9,Seoul,0
31395,7,3,167391,40708,0.23,0.08,16,10,4.1,Seoul,0
31396,13,8,408705,47571,0.86,0.08,23,25,4.8,Metro,0
31397,36,6,253025,39918,0.45,0.07,20,14,4.7,Seoul,0
31398,29,8,203475,34399,0.39,0.36,18,21,4.4,Other,0
31399,38,6,238368,32572,0.33,0.07,8,3,4.7,Seoul,0
31400,83,1,60071,34836,0.25,0.05,4,7,4.0,Metro,0
31401,79,2,45830,38968,0.2,0.13,7,2,3.7,Other,0
31402,9,17,867975,53360,0.11,0.06,37,27,4.3,Other,0
31403,36,2,113000,48985,0.15,0.42,16,7,3.8,Seoul,0
31404,2,17,679266,35565,0.75,0.06,9,11,4.2,Seoul,0
31405,15,10,519487,51172,0.64,0.25,25,15,4.0,Metro,0
31406,129,36,4583547,33348,0.16,0.44,27,21,3.9,Seoul,-1
31407,3,13,375777,41992,0.45,0.45,10,23,3.8,Other,0
31408,8,13,607756,49207,0.18,0.03,16,34,4.8,Other,0
31409,38,5,126544,47184,0.39,0.09,11,19,4.0,Metro,0
31410,22,8,338983,38158,0.09,0.21,9,0,4.5,Seoul,0
31411,16,6,350381,49277,0.34,0.23,13,15,4.6,Metro,0
31412,0,13,545315,45778,0.39,0.73,21,15,3.0,Other,0
31413,10,6,217667,39819,0.21,0.29,10,17,4.6,Other,0
31414,15,4,175463,41216,0.37,0.42,22,15,3.6,Seoul,0
31415,10,18,1291892,60734,0.12,0.12,28,44,5.0,Other,0
31416,14,10,331222,33224,0.38,0.41,16,5,3.6,Metro,0
31417,7,6,202979,37600,0.67,0.05,5,20,4.4,Metro,0
31418,20,3,74323,46947,0.32,0.06,13,9,3.8,Seoul,0
31419,45,9,398972,40595,0.45,0.06,5,9,4.0,Other,0
31420,6,6,188554,26240,0.27,0.31,11,9,2.9,Seoul,0
31421,18,7,338510,35367,0.29,0.04,18,15,4.2,Metro,0
31422,94,3,92468,37233,0.09,0.16,11,5,4.6,Seoul,0
31423,118,0,0,31745,0.29,0.07,10,4,3.6,Seoul,0
31424,86,3,95948,45076,0.31,0.01,4,0,3.4,Seoul,0
31425,61,2,98785,50597,0.31,0.05,5,3,3.4,Other,0
31426,90,1,46218,39361,0.19,0.09,10,4,4.3,Metro,0
31427,0,8,589249,62651,0.08,0.03,20,36,4.7,Seoul,0
31428,6,19,1195169,54850,0.12,0.05,26,44,4.7,Other,0
31429,27,5,240245,58146,0.3,0.1,11,11,4.0,Other,0
31430,54,3,116857,37632,0.29,0.04,8,4,3.8,Other,0
31431,11,8,264255,48161,0.32,0.42,8,10,4.0,Metro,0
31432,32,4,115076,31432,0.33,0.15,11,8,4.2,Metro,0
31433,1,16,875911,48470,0.18,0.09,22,45,4.8,Seoul,0
31434,14,12,465404,43647,0.89,0.16,14,29,4.2,Other,0
31435,0,5,124443,43255,0.9,0.03,20,21,4.6,Seoul,0
31436,16,8,170823,47474,0.31,0.43,10,2,3.7,Seoul,0
31437,19,6,317433,48925,0.74,0.06,13,13,4.9,Metro,0
31438,21,9,336331,55383,0.58,0.05,16,8,4.5,Metro,0
31439,26,5,131790,35358,0.34,0.65,10,17,3.7,Metro,0
31440,19,7,294335,45550,0.3,0.5,14,15,4.1,Seoul,0
31441,8,8,375899,43922,0.87,0.15,21,12,4.8,Other,0
31442,8,14,871955,57162,0.06,0.04,15,21,4.8,Seoul,0
31443,19,12,500490,39169,0.91,0.13,17,24,4.7,Seoul,0
31444,14,15,715342,53134,0.09,0.09,5,18,4.6,Metro,0
31445,26,5,154323,31398,0.76,0.11,0,16,4.2,Metro,0
31446,21,10,578996,53792,0.24,0.1,13,11,4.3,Other,0
31447,12,8,614117,47569,0.14,0.31,20,22,4.2,Other,0
31448,40,4,186451,51613,0.27,0.06,12,7,4.0,Metro,0
31449,27,7,327341,50523,0.4,0.07,9,13,4.3,Metro,0
31450,12,9,490316,48712,0.81,0.05,14,11,4.4,Seoul,0
31451,39,7,324098,36703,0.23,0.09,11,8,4.3,Seoul,0
31452,54,2,67913,38678,0.39,0.06,7,8,4.4,Metro,0
31453,15,6,347309,60963,0.28,0.05,7,8,3.8,Seoul,0
31454,20,4,141520,48482,0.32,0.38,13,11,2.8,Metro,0
31455,17,8,289874,44565,0.82,0.05,19,24,4.5,Metro,0
31456,5,15,777787,53072,0.12,0.05,37,44,4.5,Metro,0
31457,14,4,326000,61290,0.78,0.07,23,20,4.2,Metro,0
31458,119,4,251596,44070,0.24,0.08,8,0,3.1,Seoul,0
31459,17,6,382239,45579,0.25,0.48,21,25,3.4,Metro,0
31460,50,2,85040,39482,0.27,0.08,1,1,4.4,Metro,0
31461,23,2,66932,53169,0.35,0.05,14,0,4.1,Metro,0
31462,23,6,335926,48182,0.64,0.03,5,9,4.2,Seoul,0
31463,18,7,232389,41329,0.74,0.21,20,11,4.2,Metro,0
31464,15,11,435241,44114,0.52,0.1,23,10,4.5,Metro,0
31465,19,12,323344,38570,0.27,0.18,11,12,4.8,Other,0
31466,20,2,112952,35727,0.33,0.17,13,18,3.9,Other,0
31467,84,3,125127,47123,0.17,0.15,9,4,3.1,Other,0
31468,10,5,218838,44279,0.9,0.09,14,5,4.0,Other,0
31469,32,34,3054485,40638,0.29,0.77,46,10,4.1,Metro,-1
31470,8,13,521853,46555,0.78,0.17,22,14,4.7,Other,0
31471,15,10,427000,38613,0.11,0.38,24,6,3.6,Seoul,0
31472,25,10,403140,35232,0.86,0.05,22,20,4.3,Other,0
31473,8,21,1101268,50901,0.02,0.1,22,45,4.8,Metro,0
31474,75,3,62174,38851,0.2,0.1,5,1,3.6,Seoul,0
31475,26,10,289862,37473,0.18,0.06,0,10,4.0,Other,0
31476,55,6,153560,41322,0.51,0.13,9,10,3.8,Seoul,0
31477,67,3,113373,42689,0.28,0.01,7,5,3.8,Metro,0
31478,8,11,514605,52138,0.2,0.64,20,14,3.0,Seoul,0
31479,65,1,52755,51868,0.31,0.05,4,3,3.4,Metro,0
31480,102,3,115838,48142,0.44,0.06,11,4,3.1,Seoul,0
31481,86,3,78152,36745,0.54,0.17,3,6,4.3,Seoul,0
31482,10,29,2731756,62400,0.08,0.08,4,37,4.3,Seoul,0
31483,20,7,302414,45252,0.39,0.24,16,7,4.4,Metro,0
31484,17,10,366831,41459,0.72,0.06,10,24,4.6,Metro,0
31485,145,11,800561,172454,0.04,0.81,71,104,4.8,Seoul,-1
31486,0,21,988069,56999,0.21,0.12,24,38,4.9,Metro,0
31487,14,9,393671,47998,0.49,0.59,20,17,3.8,Seoul,0
31488,72,0,0,46651,0.56,0.02,12,1,4.2,Metro,0
31489,46,5,342519,63000,0.58,0.03,12,4,4.6,Seoul,0
31490,110,4,67817,29458,0.28,0.1,6,4,3.9,Metro,0
31491,5,14,883551,63286,0.02,0.14,26,42,4.6,Seoul,0
31492,24,7,277185,57315,0.35,0.04,9,6,3.9,Metro,0
31493,30,4,157566,32409,0.33,0.19,11,2,4.2,Other,0
31494,36,7,97306,36953,0.43,0.22,14,9,4.3,Seoul,0
31495,73,1,24125,36392,0.21,0.09,5,3,4.1,Metro,0
31496,18,6,219197,35192,0.27,0.18,10,11,4.2,Seoul,0
31497,45,3,146499,53693,0.3,0.13,15,4,3.6,Metro,0
31498,15,8,405311,50962,0.28,0.12,17,5,3.7,Other,0
31499,20,9,419941,47794,0.62,0.06,23,21,4.5,Metro,0
31500,19,8,403141,39525,0.25,0.27,10,13,4.4,Seoul,0
31501,19,9,464366,43004,0.42,0.01,15,9,4.7,Seoul,0
31502,24,9,309678,27507,0.07,0.64,19,16,3.9,Seoul,0
31503,90,3,75823,44669,0.18,0.09,3,3,3.0,Seoul,0
31504,48,4,97761,50238,0.21,0.08,4,3,4.2,Other,0
31505,28,5,239457,46038,0.43,0.13,9,5,3.7,Other,0
31506,29,9,559953,49035,0.31,0.11,10,7,3.3,Other,0
31507,17,11,847171,55281,0.28,0.29,15,13,4.4,Metro,0
31508,49,2,57518,31989,0.23,0.28,5,3,4.1,Metro,0
31509,17,6,207460,39671,0.5,0.16,20,10,4.8,Other,0
31510,24,6,386534,45982,0.18,0.11,22,13,4.4,Seoul,0
31511,8,19,1362095,65691,0.06,0.02,18,42,4.7,Metro,0
31512,21,7,279719,47531,0.75,0.15,17,16,3.8,Metro,0
31513,12,6,225610,42255,0.48,0.19,11,9,4.5,Seoul,0
31514,39,8,436752,47835,0.32,0.1,24,5,4.4,Seoul,0
31515,33,1,29491,42248,0.54,0.05,9,4,4.5,Metro,0
31516,8,10,602683,42677,0.89,0.08,17,27,4.8,Metro,0
31517,0,19,1139911,58672,0.06,0.03,18,33,4.6,Seoul,0
31518,24,6,210294,40934,0.5,0.26,14,10,3.4,Seoul,0
31519,15,7,246901,44813,0.85,0.1,13,15,4.8,Seoul,0
31520,18,10,235975,50058,0.86,0.24,21,23,4.5,Metro,0
31521,23,6,201035,40409,0.75,0.13,20,22,4.6,Metro,0
31522,21,3,123649,47740,0.28,0.1,17,1,5.0,Metro,0
31523,23,5,247017,42464,0.49,0.03,17,6,3.9,Other,0
31524,17,5,284968,54868,0.17,0.27,18,13,4.7,Metro,0
31525,14,6,219310,55639,0.39,0.11,10,6,4.9,Seoul,0
31526,33,10,321824,31837,0.65,0.13,21,23,4.6,Metro,0
31527,89,1,47776,37781,0.37,0.04,6,0,4.1,Metro,0
31528,81,3,85095,38024,0.11,0.09,8,5,4.1,Metro,0
31529,3,12,823889,50948,0.06,0.05,22,43,5.0,Metro,0
31530,17,11,371336,40136,0.75,0.08,18,21,4.1,Other,0
31531,9,4,172042,36221,0.8,0.04,19,23,4.4,Seoul,0
31532,11,11,720387,63323,0.05,0.07,29,32,4.7,Seoul,0
31533,12,7,372111,42360,0.28,0.05,15,5,4.2,Metro,0
31534,14,3,136649,62837,0.26,0.06,13,5,4.1,Metro,0
31535,11,16,973836,58725,0.08,0.09,23,37,4.6,Metro,0
31536,118,4,145579,37262,0.6,0.15,5,0,4.4,Metro,0
31537,37,9,229047,45957,0.38,0.05,11,8,4.0,Other,0
31538,37,7,588467,47915,0.44,0.06,12,15,3.7,Other,0
31539,9,6,255994,57063,0.4,0.28,5,5,3.0,Other,0
31540,61,1,26760,28271,0.51,0.03,8,7,3.8,Metro,0
31541,33,7,522336,62327,0.24,0.03,12,7,4.7,Other,0
31542,6,9,286099,27120,0.81,0.1,17,9,4.7,Seoul,0
31543,89,0,0,42006,0.33,0.01,10,1,3.9,Metro,0
31544,8,4,162160,41253,0.8,0.11,23,27,3.9,Other,0
31545,70,4,113219,27795,0.12,0.23,9,1,3.2,Seoul,0
31546,92,4,122397,47102,0.25,0.07,8,4,4.2,Metro,0
31547,9,3,90971,43393,0.68,0.11,21,7,4.5,Metro,0
31548,10,4,179478,54716,0.23,0.31,10,4,4.0,Metro,0
31549,0,7,245971,49145,0.85,0.21,19,20,4.4,Seoul,0
31550,9,17,558321,34025,0.78,0.21,17,18,4.6,Seoul,0
31551,8,19,1841617,75827,0.26,0.01,31,37,4.6,Other,0
31552,90,3,143617,48798,0.56,0.02,8,4,3.6,Other,0
31553,19,11,307538,42620,0.55,0.06,9,14,4.0,Metro,0
31554,74,0,5986,32892,0.44,0.01,3,4,3.6,Other,0
31555,15,13,576220,49897,0.8,0.02,8,12,4.2,Seoul,0
31556,34,5,227458,47078,0.21,0.02,11,15,4.1,Other,0
31557,7,6,457106,50872,0.26,0.64,7,4,3.9,Metro,0
31558,60,3,83696,27847,0.57,0.01,7,4,3.7,Other,0
31559,26,3,110623,40707,0.26,0.22,6,10,3.8,Seoul,0
31560,19,0,17278,46957,0.18,0.06,10,3,4.1,Metro,0
31561,15,7,497353,60359,0.2,0.34,21,13,3.6,Metro,0
31562,30,5,325823,49504,0.3,0.06,13,5,4.6,Seoul,0
31563,41,10,773777,47863,0.45,0.21,8,12,3.9,Other,0
31564,9,5,186375,46869,0.44,0.5,19,9,3.1,Other,0
31565,3,5,192799,42050,0.46,0.04,14,15,5.0,Other,0
31566,68,4,149067,37742,0.18,0.23,3,3,3.4,Other,0
31567,11,10,802864,57481,0.03,0.02,29,28,4.7,Other,0
31568,8,13,1097756,60582,0.04,0.07,21,29,5.0,Metro,0
31569,53,5,170094,33841,0.23,0.15,9,2,3.8,Metro,0
31570,82,2,88210,36323,0.11,0.11,7,4,4.3,Seoul,0
31571,19,3,110620,38732,0.22,0.12,9,2,3.3,Other,0
31572,39,2,43699,37276,0.36,0.1,13,7,4.1,Other,0
31573,15,7,251230,45887,0.22,0.07,10,13,4.2,Seoul,0
31574,42,5,144672,38072,0.58,0.14,15,12,4.6,Seoul,0
31575,9,18,1124672,57323,0.06,0.13,13,53,4.4,Metro,0
31576,12,11,507424,37977,0.75,0.05,16,21,4.0,Other,0
31577,35,7,209548,28813,0.3,0.07,17,19,4.6,Seoul,0
31578,12,8,246037,35888,0.25,0.1,10,5,4.6,Seoul,0
31579,26,6,209779,33450,0.57,0.61,6,24,3.5,Metro,0
31580,18,5,287924,39783,0.35,0.02,9,19,5.0,Seoul,0
31581,31,7,251896,36687,0.27,0.06,15,14,4.5,Other,0
31582,3,10,448150,45754,0.86,0.04,24,23,4.0,Metro,0
31583,55,32,4513904,92272,0.64,0.68,0,8,4.8,Seoul,-1
31584,15,12,3665044,137030,0.09,0.67,32,77,1.5,Other,-1
31585,36,6,324509,45681,0.2,0.02,9,5,4.3,Metro,0
31586,43,11,3726949,171550,0.13,0.9,41,93,4.1,Seoul,-1
31587,18,7,152150,28963,0.67,0.05,15,16,4.2,Metro,0
31588,31,1,33410,32306,0.15,0.11,6,13,4.6,Metro,0
31589,14,10,450915,43909,0.94,0.2,13,26,4.2,Other,0
31590,0,13,564419,50140,0.55,0.14,12,15,4.7,Metro,0
31591,11,11,437884,39545,0.72,0.1,13,18,4.3,Seoul,0
31592,6,16,955320,54207,0.27,0.04,21,28,4.9,Metro,0
31593,9,11,733345,45722,0.45,0.46,14,13,3.6,Seoul,0
31594,93,4,208697,51272,0.53,0.04,7,0,4.2,Seoul,0
31595,30,5,154314,33253,0.36,0.19,16,6,3.9,Seoul,0
31596,17,4,196160,54899,0.45,0.04,9,11,4.3,Metro,0
31597,17,13,720949,51707,0.88,0.19,19,17,4.7,Metro,0
31598,14,10,500871,46440,0.74,0.11,16,33,4.1,Metro,0
31599,86,10,4905803,95822,0.3,0.22,38,70,2.3,Metro,-1
31600,15,14,747001,54386,0.8,0.03,15,13,4.3,Other,0
31601,14,13,591765,43474,0.42,0.47,12,21,3.9,Seoul,0
31602,7,22,1272114,52930,0.13,0.03,25,38,4.8,Seoul,0
31603,24,4,157353,46279,0.17,0.09,5,7,4.0,Metro,0
31604,7,8,434751,56102,0.6,0.05,13,19,4.5,Seoul,0
31605,19,8,406127,46077,0.86,0.11,15,23,4.1,Seoul,0
31606,159,33,4352457,138714,0.16,0.51,49,22,4.1,Metro,-1
31607,80,20,4136779,25293,0.77,0.03,15,113,1.2,Other,-1
31608,19,11,556242,44100,0.8,0.08,20,12,4.3,Seoul,0
31609,93,4,96320,32871,0.2,0.1,4,4,2.7,Metro,0
31610,43,3,139866,45483,0.24,0.03,0,3,4.8,Seoul,0
31611,8,8,196605,32425,0.73,0.12,9,16,4.6,Other,0
31612,29,6,192576,37061,0.39,0.11,12,10,4.0,Seoul,0
31613,21,1,106817,50095,0.23,0.04,16,10,3.9,Seoul,0
31614,87,4,109752,30881,0.2,0.02,8,3,3.7,Other,0
31615,42,3,147593,41700,0.26,0.08,3,14,4.0,Metro,0
31616,5,5,186517,37583,0.9,0.19,14,17,4.4,Other,0
31617,4,10,670720,57354,0.12,0.15,22,40,5.0,Seoul,0
31618,39,6,392542,56787,0.43,0.08,6,14,4.9,Metro,0
31619,99,38,2175439,188036,0.86,0.74,23,32,1.2,Seoul,-1
31620,12,25,1398974,59169,0.21,0.1,26,35,4.8,Seoul,0
31621,17,7,386820,49129,0.89,0.1,18,16,3.8,Metro,0
31622,27,6,260902,45463,0.23,0.07,18,14,4.4,Other,0
31623,38,5,116266,35433,0.15,0.02,12,14,4.1,Other,0
31624,13,10,814344,64235,0.07,0.03,27,40,4.7,Other,0
31625,52,2,81920,38491,0.31,0.08,5,6,3.4,Seoul,0
31626,32,8,290597,55629,0.26,0.02,6,21,4.1,Other,0
31627,67,2,90171,41602,0.26,0.13,8,6,3.9,Metro,0
31628,19,6,256030,48991,0.64,0.2,20,17,4.3,Seoul,0
31629,18,9,237167,39826,0.87,0.22,19,14,3.9,Seoul,0
31630,90,2,51680,39085,0.07,0.02,8,5,3.6,Seoul,0
31631,55,4,132319,35969,0.42,0.07,8,5,3.9,Seoul,0
31632,25,7,263345,39774,0.32,0.17,14,11,4.1,Seoul,0
31633,8,5,141892,32734,0.14,0.1,9,11,4.3,Metro,0
31634,23,4,269945,57036,0.26,0.08,8,17,3.9,Seoul,0
31635,22,11,356605,47048,0.55,0.47,18,19,3.5,Other,0
31636,104,4,86734,34056,0.19,0.33,7,3,3.5,Metro,0
31637,80,3,108332,34746,0.46,0.05,1,4,4.5,Other,0
31638,86,36,2472832,167807,0.53,0.17,9,18,4.0,Metro,-1
31639,15,5,245499,54630,0.87,0.14,22,26,4.5,Metro,0
31640,21,5,282188,49067,0.37,0.01,20,10,4.4,Other,0
31641,24,1,24806,35529,0.07,0.04,10,4,4.6,Metro,0
31642,13,8,517090,57471,0.09,0.04,25,38,4.9,Metro,0
31643,84,3,99834,32599,0.42,0.12,10,4,5.0,Seoul,0
31644,12,13,625202,39522,0.8,0.03,11,12,4.6,Metro,0
31645,15,9,209314,45234,0.8,0.06,20,22,4.6,Other,0
31646,97,3,96117,40664,0.15,0.35,2,4,4.3,Other,0
31647,17,9,402592,45040,0.82,0.14,28,22,4.4,Seoul,0
31648,22,7,474160,42373,0.24,0.16,2,8,4.2,Metro,0
31649,12,5,153625,36538,0.5,0.59,10,15,3.3,Seoul,0
31650,38,3,130855,42113,0.41,0.12,10,8,3.7,Other,0
31651,17,6,148096,32687,0.87,0.07,18,12,3.9,Other,0
31652,32,7,252878,41227,0.79,0.03,18,16,4.5,Seoul,0
31653,8,2,120780,58662,0.86,0.04,21,18,4.5,Other,0
31654,5,16,882274,51297,0.02,0.09,20,28,4.7,Metro,0
31655,17,6,306754,59290,0.27,0.24,22,12,3.1,Other,0
31656,93,2,70693,52650,0.5,0.1,4,3,4.0,Seoul,0
31657,37,14,562377,35544,0.77,0.15,15,28,4.3,Metro,0
31658,40,9,283052,35260,0.21,0.1,8,18,4.3,Seoul,0
31659,91,4,157687,40874,0.45,0.01,5,4,3.6,Seoul,0
31660,3,11,507841,52385,0.09,0.08,25,39,4.9,Metro,0
31661,5,5,211502,46376,0.61,0.16,13,16,4.4,Other,0
31662,19,2,55451,35582,0.35,0.04,0,6,3.7,Seoul,0
31663,9,7,346569,42407,0.37,0.05,15,4,3.6,Other,0
31664,17,5,194389,33919,0.67,0.03,18,40,3.8,Metro,0
31665,23,3,184322,52744,0.42,0.81,9,9,4.4,Metro,0
31666,13,1,50300,52147,0.44,0.04,18,14,4.5,Seoul,0
31667,40,4,275917,50806,0.22,0.03,14,20,3.3,Metro,0
31668,6,13,566751,35471,0.58,0.07,10,23,4.4,Metro,0
31669,12,16,782923,44417,0.1,0.01,35,31,5.0,Metro,0
31670,36,7,262223,38347,0.4,0.02,11,3,4.3,Seoul,0
31671,16,10,311862,32100,0.82,0.07,20,20,4.4,Metro,0
31672,11,8,380637,50792,0.23,0.03,10,21,4.5,Metro,0
31673,7,8,296685,56709,0.12,0.2,11,5,5.0,Metro,0
31674,9,16,773653,68290,0.23,0.11,13,49,4.7,Metro,0
31675,18,8,345839,35569,0.14,0.29,16,1,3.5,Seoul,0
31676,27,7,357630,43820,0.5,0.63,5,6,3.3,Other,0
31677,47,8,290628,49902,0.15,0.09,1,3,4.1,Metro,0
31678,62,2,56430,42766,0.56,0.06,6,3,4.4,Metro,0
31679,30,8,423233,43425,0.32,0.19,12,10,3.9,Seoul,0
31680,22,5,159273,40838,0.44,0.13,17,8,4.4,Other,0
31681,74,9,1896343,193911,0.8,0.5,39,6,2.3,Other,-1
31682,2,8,512855,50598,0.57,0.02,16,7,5.0,Metro,0
31683,21,9,225960,31933,0.29,0.14,20,3,3.8,Metro,0
31684,21,9,399436,48587,0.65,0.11,21,23,4.0,Metro,0
31685,8,15,758459,50671,0.06,0.14,25,38,4.6,Metro,0
31686,129,23,2246533,57931,0.33,0.6,47,68,3.5,Other,-1
31687,40,6,190756,43301,0.43,0.03,9,13,4.2,Seoul,0
31688,20,5,286508,39996,0.41,0.11,5,7,4.5,Metro,0
31689,22,5,219271,43480,0.38,0.05,9,16,4.4,Metro,0
31690,53,3,97134,46658,0.22,0.05,5,4,3.5,Other,0
31691,29,4,190084,41624,0.46,0.09,14,13,4.1,Seoul,0
31692,16,9,228900,32864,0.31,0.46,13,17,3.0,Metro,0
31693,21,12,642076,50872,0.64,0.21,19,25,4.3,Metro,0
31694,12,7,171898,36527,0.45,0.03,24,8,3.5,Seoul,0
31695,29,9,393918,60259,0.12,0.09,8,7,4.1,Other,0
31696,15,7,148518,19733,0.24,0.1,8,0,3.6,Other,0
31697,11,9,256083,38281,0.85,0.07,17,10,4.5,Seoul,0
31698,19,6,258144,48423,0.24,0.05,11,14,4.2,Metro,0
31699,25,4,178535,49398,0.36,0.38,13,10,3.8,Metro,0
31700,20,11,389658,48496,0.42,0.06,13,11,4.3,Other,0
31701,8,5,171436,38848,0.33,0.46,15,8,3.1,Seoul,0
31702,23,6,253097,50976,0.29,0.34,19,31,4.1,Other,0
31703,69,2,47470,34392,0.08,0.21,4,5,4.1,Metro,0
31704,20,6,280184,43994,0.32,0.03,12,12,4.0,Metro,0
31705,84,4,90493,23565,0.43,0.18,8,2,3.6,Other,0
31706,21,12,577873,48665,0.21,0.63,20,10,3.4,Seoul,0
31707,4,13,782423,62740,0.29,0.0,33,29,4.6,Metro,0
31708,49,2,47883,38023,0.42,0.26,2,3,3.3,Seoul,0
31709,26,9,247226,45790,0.37,0.13,4,5,4.0,Seoul,0
31710,0,4,186907,42896,0.83,0.11,25,23,4.5,Seoul,0
31711,24,3,171625,49013,0.22,0.13,6,10,3.7,Seoul,0
31712,87,5,158848,44840,0.43,0.15,5,3,3.8,Metro,0
31713,0,0,10632,35746,0.57,0.35,18,9,3.4,Seoul,0
31714,23,7,194835,38554,0.38,0.04,16,4,5.0,Seoul,0
31715,18,11,452012,44880,0.73,0.17,25,14,4.5,Metro,0
31716,26,4,166061,40000,0.28,0.07,18,5,4.4,Metro,0
31717,14,10,272778,30682,0.86,0.12,22,13,4.0,Metro,0
31718,14,4,152705,40451,0.16,0.11,5,17,3.7,Other,0
31719,0,4,213628,47597,0.38,0.11,18,8,3.8,Other,0
31720,1,12,4203392,67618,0.62,0.7,34,50,3.4,Seoul,-1
31721,9,18,1174079,57212,0.34,0.03,15,38,4.8,Seoul,0
31722,11,13,441184,43426,0.67,0.11,24,29,4.3,Metro,0
31723,17,5,136524,33860,0.52,0.03,13,3,3.4,Other,0
31724,30,1,26578,42776,0.14,0.12,10,5,3.9,Seoul,0
31725,82,2,190459,54082,0.54,0.11,0,1,3.4,Seoul,0
31726,3,15,1248640,57430,0.09,0.11,28,28,4.5,Other,0
31727,11,5,192586,44449,0.68,0.16,16,17,5.0,Other,0
31728,18,5,241538,37830,0.33,0.15,14,4,4.5,Other,0
31729,10,20,1340222,54060,0.02,0.05,29,37,4.6,Metro,0
31730,71,4,151784,30158,0.14,0.08,3,6,4.6,Metro,0
31731,17,9,347226,44723,0.18,0.61,11,16,3.8,Metro,0
31732,13,15,1033960,48698,0.1,0.03,13,33,4.5,Seoul,0
31733,2,4,220475,34929,0.25,0.15,5,8,4.6,Seoul,0
31734,17,7,408940,49980,0.68,0.03,19,9,4.8,Other,0
31735,24,2,84057,39116,0.2,0.16,16,7,4.3,Metro,0
31736,38,7,99132,33311,0.24,0.08,10,8,4.2,Other,0
31737,29,8,239366,27151,0.4,0.27,8,13,4.8,Seoul,0
31738,8,10,314963,35283,0.76,0.03,17,24,4.7,Seoul,0
31739,8,8,255165,44142,0.5,0.11,10,17,3.8,Other,0
31740,17,10,651102,51858,0.3,0.2,16,12,3.9,Metro,0
31741,17,6,263716,36281,0.81,0.12,13,11,4.5,Other,0
31742,22,2,88352,46617,0.78,0.16,18,26,4.1,Metro,0
31743,14,12,705105,47252,0.16,0.1,26,28,4.8,Seoul,0
31744,31,8,507246,53779,0.4,0.51,15,10,4.4,Other,0
31745,19,3,121557,40614,0.23,0.12,12,5,4.9,Seoul,0
31746,23,3,154181,51689,0.49,0.12,14,3,4.2,Seoul,0
31747,51,25,130521,164044,0.51,0.56,14,119,1.0,Seoul,-1
31748,4,6,172340,35555,0.26,0.07,8,11,4.2,Metro,0
31749,76,2,98106,46798,0.18,0.07,1,1,3.5,Other,0
31750,76,2,77832,40088,0.1,0.17,8,6,3.8,Other,0
31751,23,6,154882,35948,0.23,0.15,9,15,5.0,Other,0
31752,28,10,360063,51887,0.84,0.16,18,18,4.4,Metro,0
31753,42,8,222916,30469,0.33,0.03,25,15,4.0,Other,0
31754,17,5,251884,45496,0.31,0.11,5,20,4.6,Seoul,0
31755,24,12,437067,37852,0.84,0.14,17,10,4.3,Other,0
31756,10,9,565325,47948,0.34,0.08,1,9,3.5,Seoul,0
31757,10,9,843500,68828,0.28,0.03,20,28,4.5,Seoul,0
31758,7,9,166399,30825,0.19,0.34,14,21,3.8,Metro,0
31759,21,0,20362,48047,0.4,0.34,23,16,3.7,Seoul,0
31760,25,5,223135,60032,0.21,0.57,8,13,3.6,Seoul,0
31761,15,9,204664,33354,0.89,0.12,18,23,4.4,Metro,0
31762,16,11,453713,39783,0.85,0.23,18,21,4.0,Metro,0
31763,11,10,323771,34907,0.88,0.11,22,5,4.7,Other,0
31764,1,15,1259680,55912,0.19,0.07,22,54,4.4,Seoul,0
31765,8,11,666691,64002,0.25,0.06,20,36,4.5,Other,0
31766,16,11,658829,66079,0.05,0.02,30,32,4.6,Seoul,0
31767,28,5,118686,35200,0.3,0.68,11,17,4.6,Metro,0
31768,4,18,1155440,51713,0.03,0.03,21,30,4.6,Seoul,0
31769,7,9,570551,58388,0.05,0.04,19,39,4.8,Seoul,0
31770,42,4,198884,43301,0.2,0.14,8,7,4.3,Metro,0
31771,48,5,159664,36372,0.42,0.06,10,10,4.7,Metro,0
31772,20,3,124790,42600,0.32,0.08,16,1,4.6,Seoul,0
31773,28,0,0,49547,0.66,0.13,9,10,4.4,Metro,0
31774,28,2,71252,48621,0.15,0.27,16,8,4.5,Seoul,0
31775,36,8,407966,47917,0.43,0.15,9,4,3.9,Other,0
31776,12,9,342035,46113,0.41,0.2,14,16,4.5,Other,0
31777,25,3,130372,53580,0.39,0.26,17,6,5.0,Metro,0
31778,84,2,92984,34889,0.12,0.03,7,0,3.6,Metro,0
31779,11,9,453426,44784,0.81,0.13,15,18,3.6,Seoul,0
31780,90,3,69591,29632,0.16,0.11,4,0,3.3,Seoul,0
31781,20,9,400717,34441,0.68,0.19,12,20,4.7,Other,0
31782,12,8,108928,34463,0.16,0.09,9,8,3.9,Metro,0
31783,95,27,3488451,46668,0.1,0.69,36,7,3.8,Metro,-1
31784,17,6,227819,43488,0.78,0.07,22,17,5.0,Metro,0
31785,7,11,392973,49029,0.85,0.16,20,22,4.3,Seoul,0
31786,29,0,0,37802,0.37,0.05,16,2,4.9,Seoul,0
31787,24,5,188782,25037,0.92,0.11,12,21,4.2,Other,0
31788,43,3,86386,34829,0.35,0.11,6,11,4.3,Metro,0
31789,29,5,156654,39582,0.37,0.07,12,20,4.4,Seoul,0
31790,13,22,1371144,55360,0.19,0.02,19,30,4.7,Other,0
31791,15,9,116838,56408,0.21,0.17,13,11,3.2,Metro,0
31792,12,7,169318,29693,0.87,0.03,17,18,4.4,Metro,0
31793,22,13,441444,51049,0.84,0.11,19,17,4.6,Seoul,0
31794,37,11,364499,36388,0.29,0.06,13,15,3.7,Seoul,0
31795,21,2,67641,29328,0.19,0.69,25,15,3.9,Metro,0
31796,9,5,277533,36963,0.64,0.1,13,19,4.4,Metro,0
31797,18,5,172975,36545,0.47,0.03,13,7,4.2,Metro,0
31798,9,8,211350,31735,0.66,0.07,14,14,4.0,Seoul,0
31799,31,6,179194,27878,0.63,0.19,13,13,4.7,Metro,0
31800,16,9,375594,48923,0.32,0.1,0,6,4.0,Other,0
31801,9,12,600570,42851,0.17,0.1,13,5,3.9,Seoul,0
31802,16,9,721890,55653,0.21,0.04,4,12,4.0,Other,0
31803,9,17,799358,45742,0.22,0.07,20,26,4.8,Seoul,0
31804,0,3,107399,55710,0.1,0.06,9,17,5.0,Seoul,0
31805,12,8,186338,33069,0.21,0.07,16,6,4.6,Metro,0
31806,51,4,201797,42464,0.4,0.11,14,12,4.1,Seoul,0
31807,17,16,830570,53516,0.23,0.06,16,35,4.8,Metro,0
31808,132,2,11966,33329,0.27,0.19,0,2,4.2,Seoul,0
31809,78,2,58547,42586,0.21,0.22,1,4,3.9,Metro,0
31810,4,12,1008441,59700,0.2,0.12,19,35,4.8,Metro,0
31811,23,16,408352,40581,0.68,0.09,17,12,4.6,Seoul,0
31812,62,3,97356,47782,0.28,0.14,3,4,5.0,Metro,0
31813,0,10,593875,54510,0.33,0.15,19,0,4.2,Other,0
31814,10,12,379062,43696,0.69,0.1,24,11,4.4,Seoul,0
31815,147,36,4974054,184400,0.51,0.96,61,105,4.1,Other,-1
31816,46,3,254140,51920,0.14,0.04,8,23,3.8,Metro,0
31817,13,9,138580,20690,0.42,0.09,5,8,3.8,Seoul,0
31818,37,3,43783,16206,0.18,0.05,5,6,4.4,Metro,0
31819,47,2,105561,42100,0.45,0.1,8,1,3.9,Other,0
31820,20,7,292360,42535,0.18,0.3,18,7,4.1,Seoul,0
31821,14,13,644462,69301,0.5,0.69,22,8,3.1,Seoul,0
31822,60,2,100208,33412,0.68,0.03,2,5,4.1,Metro,0
31823,25,7,305528,37426,0.53,0.05,6,13,4.7,Metro,0
31824,5,6,434488,52637,0.53,0.12,6,5,4.1,Metro,0
31825,38,5,139725,39657,0.32,0.04,12,13,3.7,Other,0
31826,3,19,855457,51008,0.16,0.05,23,32,4.3,Metro,0
31827,24,8,450956,50439,0.41,0.14,18,13,4.0,Seoul,0
31828,89,1,28134,34158,0.08,0.13,2,0,3.9,Metro,0
31829,27,9,173779,24080,0.46,0.41,14,14,3.0,Other,0
31830,67,3,83184,41332,0.68,0.06,1,1,3.4,Metro,0
31831,83,4,159482,53369,0.19,0.04,6,2,3.2,Metro,0
31832,18,10,488831,44297,0.31,0.67,13,5,3.9,Other,0
31833,60,4,125041,32257,0.16,0.04,0,1,3.4,Seoul,0
31834,3,7,271677,40894,0.93,0.05,19,17,4.1,Other,0
31835,7,7,317123,45276,0.88,0.08,15,13,3.9,Seoul,0
31836,12,16,1036606,52401,0.23,0.02,24,28,4.5,Metro,0
31837,2,13,856253,53613,0.08,0.08,29,32,4.8,Seoul,0
31838,84,3,87017,37235,0.37,0.05,1,4,4.6,Metro,0
31839,17,12,534550,47778,0.41,0.1,12,8,4.1,Metro,0
31840,36,11,247341,36275,0.58,0.1,10,17,4.1,Other,0
31841,6,17,947106,71892,0.27,0.01,23,31,4.7,Metro,0
31842,9,6,239528,51065,0.19,0.19,8,2,4.2,Metro,0
31843,20,8,294587,44328,0.73,0.04,17,17,5.0,Seoul,0
31844,6,9,287366,55711,0.27,0.49,20,5,3.8,Other,0
31845,19,13,485073,43961,0.87,0.12,15,26,4.6,Metro,0
31846,25,1,24814,47967,0.27,0.05,14,8,4.4,Metro,0
31847,9,6,296232,51439,0.83,0.07,16,17,4.6,Seoul,0
31848,13,5,159820,29482,0.39,0.06,3,17,3.8,Other,0
31849,92,2,31533,25396,0.45,0.05,7,2,4.0,Seoul,0
31850,10,6,195844,47777,0.18,0.25,5,15,4.8,Other,0
31851,10,6,295908,41901,0.71,0.11,22,19,4.4,Other,0
31852,16,2,136375,57108,0.2,0.61,20,9,3.5,Seoul,0
31853,49,7,289040,38827,0.41,0.21,8,8,3.9,Other,0
31854,27,8,388200,47268,0.15,0.07,8,7,4.4,Metro,0
31855,77,1,3956348,124088,0.43,0.58,37,10,2.9,Seoul,-1
31856,0,2,134853,47695,0.56,0.35,14,11,2.9,Seoul,0
31857,19,11,472220,41695,0.8,0.03,8,17,4.6,Metro,0
31858,23,4,157770,47620,0.73,0.1,25,26,4.1,Seoul,0
31859,14,6,259944,45869,0.59,0.13,29,28,4.5,Metro,0
31860,18,9,344443,35680,0.75,0.06,19,15,4.5,Other,0
31861,19,8,409122,52179,0.47,0.06,17,0,3.8,Metro,0
31862,19,10,620282,58504,0.42,0.26,26,13,3.8,Metro,0
31863,17,4,174601,42912,0.32,0.54,13,0,3.3,Seoul,0
31864,13,4,177647,51616,0.46,0.11,18,10,4.7,Metro,0
31865,0,5,184960,36028,0.58,0.14,7,11,4.5,Metro,0
31866,21,3,130604,38437,0.27,0.04,10,6,4.7,Seoul,0
31867,6,8,533373,40756,0.63,0.47,15,10,3.2,Metro,0
31868,20,9,473254,41355,0.77,0.12,14,22,4.1,Metro,0
31869,5,7,235980,40808,0.47,0.22,8,10,4.6,Other,0
31870,26,8,704793,52679,0.45,0.14,9,10,3.4,Metro,0
31871,29,5,161205,45068,0.89,0.06,24,31,4.4,Metro,0
31872,67,2,90474,41508,0.16,0.13,11,5,4.2,Metro,0
31873,42,4,178876,46221,0.14,0.3,23,3,4.1,Metro,0
31874,49,1,962337,35770,0.05,0.59,68,30,1.1,Seoul,-1
31875,21,7,397702,49086,0.27,0.56,25,9,3.2,Metro,0
31876,9,9,240474,39447,0.55,0.18,14,3,4.4,Seoul,0
31877,6,10,447129,37892,0.74,0.16,19,11,4.3,Metro,0
31878,9,11,361666,38226,0.75,0.33,15,24,4.2,Other,0
31879,31,0,0,45965,0.42,0.04,17,10,4.3,Other,0
31880,50,7,421512,51214,0.23,0.13,18,3,3.8,Metro,0
31881,59,3,136822,43491,0.29,0.14,12,7,3.9,Metro,0
31882,29,7,465074,58647,0.28,0.09,3,7,3.8,Other,0
31883,84,3,53575,32480,0.49,0.1,6,5,4.3,Other,0
31884,25,3,143203,38175,0.34,0.08,5,18,4.4,Seoul,0
31885,13,36,2692921,17419,0.72,0.72,47,15,2.1,Other,-1
31886,20,14,178653,21821,0.6,0.18,16,18,3.9,Metro,0
31887,7,9,349062,40328,0.1,0.18,19,30,4.9,Metro,0
31888,12,10,480109,39381,0.95,0.08,19,17,4.7,Metro,0
31889,17,8,368020,47901,0.27,0.08,3,14,4.6,Other,0
31890,66,2,85304,50608,0.37,0.12,5,2,3.8,Seoul,0
31891,16,6,318506,42891,0.62,0.13,22,8,4.9,Seoul,0
31892,16,4,175453,46602,0.17,0.0,17,18,4.2,Seoul,0
31893,145,8,1167838,73068,0.73,0.5,1,101,3.2,Metro,-1
31894,11,9,540025,59013,0.18,0.05,16,37,4.4,Other,0
31895,15,14,397959,34332,0.78,0.09,19,25,4.1,Other,0
31896,14,7,348257,51645,0.67,0.07,20,19,4.7,Metro,0
31897,43,8,161743,23831,0.32,0.05,12,9,4.1,Metro,0
31898,15,10,196259,34673,0.75,0.18,16,12,4.4,Seoul,0
31899,9,12,740137,52973,0.14,0.01,24,53,4.6,Seoul,0
31900,9,17,890802,49875,0.1,0.04,21,46,4.6,Metro,0
31901,20,5,251480,40557,0.22,0.12,19,11,3.6,Seoul,0
31902,5,16,913675,52777,0.07,0.05,21,51,4.7,Metro,0
31903,51,8,279655,27347,0.47,0.05,6,10,5.0,Other,0
31904,21,8,402188,48388,0.87,0.16,22,20,4.4,Metro,0
31905,14,8,308310,38557,0.27,0.13,10,16,4.6,Metro,0
31906,50,1,60987,40883,0.18,0.0,13,2,3.6,Seoul,0
31907,86,0,12100,35734,0.35,0.04,4,3,4.9,Metro,0
31908,12,20,985204,60339,0.12,0.07,24,30,4.7,Other,0
31909,23,6,196956,42340,0.27,0.24,12,13,4.6,Metro,0
31910,10,5,285267,63739,0.33,0.1,5,15,3.6,Seoul,0
31911,23,12,1172340,60796,0.13,0.08,25,48,4.8,Metro,0
31912,86,15,1562849,135491,0.13,0.73,3,33,1.5,Metro,-1
31913,17,3,102077,36384,0.25,0.58,19,11,3.6,Metro,0
31914,31,9,389758,49806,0.25,0.04,16,9,4.6,Other,0
31915,13,8,276558,57234,0.78,0.1,27,7,4.2,Metro,0
31916,5,8,351005,45779,0.47,0.06,15,0,4.6,Other,0
31917,23,8,265438,33736,0.2,0.15,18,14,4.3,Metro,0
31918,25,10,270536,44806,0.33,0.17,15,8,4.1,Other,0
31919,21,2,66086,46798,0.27,0.14,15,22,4.4,Metro,0
31920,12,0,0,45797,0.34,0.49,10,6,3.5,Seoul,0
31921,67,5,4389928,150523,0.78,0.69,78,84,4.6,Metro,-1
31922,16,9,182537,31876,0.9,0.15,20,18,4.1,Other,0
31923,87,2,80181,40918,0.39,0.1,4,1,3.1,Seoul,0
31924,94,3,111164,43529,0.13,0.07,11,0,3.0,Seoul,0
31925,13,7,392824,49381,0.89,0.14,29,13,4.2,Other,0
31926,10,18,1151742,56488,0.12,0.09,24,37,4.7,Other,0
31927,70,2,37865,28649,0.24,0.07,8,2,4.3,Metro,0
31928,32,5,167868,43907,0.47,0.03,12,8,3.3,Metro,0
31929,7,16,1188807,63742,0.06,0.05,21,43,5.0,Seoul,0
31930,71,2,79480,36811,0.31,0.06,8,1,3.5,Metro,0
31931,33,5,172750,43166,0.31,0.11,14,11,4.3,Metro,0
31932,35,7,402912,38010,0.51,0.03,18,14,4.1,Seoul,0
31933,14,4,153991,46249,0.4,0.05,17,22,3.9,Other,0
31934,29,4,188998,45352,0.4,0.22,14,15,3.8,Metro,0
31935,19,6,282541,49116,0.38,0.11,8,6,4.0,Metro,0
31936,2,12,790178,65151,0.1,0.05,17,39,5.0,Other,0
31937,69,3,67084,37979,0.32,0.03,7,0,3.8,Seoul,0
31938,41,1,76604,50554,0.3,0.04,0,15,4.1,Metro,0
31939,21,12,482754,53883,0.82,0.07,23,26,4.2,Metro,0
31940,4,18,1046383,61531,0.05,0.03,18,32,4.5,Metro,0
31941,14,5,157373,29595,0.74,0.1,22,16,3.4,Metro,0
31942,82,4,228217,39694,0.21,0.07,5,3,2.8,Other,0
31943,72,2,89117,48447,0.2,0.21,5,1,3.7,Metro,0
31944,11,9,338480,46474,0.78,0.1,19,20,4.5,Seoul,0
31945,28,1,43991,50261,0.35,0.07,19,2,4.4,Metro,0
31946,14,7,241882,35480,0.53,0.4,23,16,3.9,Other,0
31947,12,9,212245,48022,0.75,0.08,18,17,4.6,Seoul,0
31948,11,14,550563,43535,0.27,0.22,11,3,3.5,Seoul,0
31949,6,16,1181165,50630,0.02,0.1,27,41,4.7,Seoul,0
31950,22,9,295402,50332,0.36,0.55,7,10,3.4,Metro,0
31951,33,3,105317,49831,0.38,0.61,14,9,4.3,Other,0
31952,5,13,569690,58956,0.12,0.06,19,39,4.9,Other,0
31953,29,6,216357,43965,0.62,0.09,20,7,4.1,Seoul,0
31954,36,5,190768,62598,0.21,0.45,10,22,3.8,Seoul,0
31955,24,6,212744,40351,0.38,0.33,12,1,4.0,Other,0
31956,156,4,1593309,88878,0.43,0.95,32,110,4.6,Metro,-1
31957,22,13,434437,41542,0.22,0.02,9,6,3.0,Seoul,0
31958,7,16,1102344,58994,0.58,0.04,14,21,4.8,Seoul,0
31959,15,6,253980,49674,0.21,0.19,18,8,4.0,Metro,0
31960,26,5,247704,35603,0.52,0.1,1,14,4.2,Metro,0
31961,40,7,160812,20745,0.34,0.16,15,15,4.2,Metro,0
31962,78,1,17950,26596,0.48,0.22,3,4,4.4,Metro,0
31963,16,7,172277,27362,0.25,0.07,14,16,4.9,Seoul,0
31964,26,9,401593,40510,0.78,0.17,17,9,4.5,Seoul,0
31965,41,6,179517,26131,0.38,0.19,9,7,3.8,Metro,0
31966,14,15,643689,48475,0.13,0.04,29,34,4.6,Metro,0
31967,32,4,266571,48061,0.34,0.17,22,3,3.6,Other,0
31968,1,2,75472,44194,0.37,0.23,11,12,4.6,Metro,0
31969,61,2,83004,45647,0.43,0.06,5,1,3.6,Seoul,0
31970,14,8,382928,50087,0.23,0.11,17,11,4.3,Seoul,0
31971,3,12,345937,25046,0.94,0.18,15,18,4.7,Seoul,0
31972,23,4,291508,63173,0.2,0.55,9,10,3.4,Other,0
31973,52,5,230325,47658,0.18,0.37,21,1,4.6,Seoul,0
31974,54,5,155001,40915,0.12,0.03,7,9,3.3,Metro,0
31975,10,4,151543,39928,0.77,0.17,10,10,4.3,Seoul,0
31976,14,11,408004,37933,0.8,0.07,21,10,4.9,Seoul,0
31977,57,4,94513,34018,0.28,0.08,5,5,3.8,Metro,0
31978,19,11,917116,65785,0.27,0.53,4,11,3.6,Other,0
31979,24,7,303677,52340,0.56,0.04,11,8,3.3,Metro,0
31980,10,5,287962,52708,0.87,0.06,10,11,4.1,Metro,0
31981,14,9,402614,53173,0.45,0.05,16,5,3.9,Metro,0
31982,83,4,174533,44450,0.41,0.05,8,2,3.9,Metro,0
31983,15,5,236225,51508,0.19,0.13,12,0,4.4,Metro,0
31984,17,7,322897,41380,0.71,0.02,21,11,4.3,Seoul,0
31985,23,2,116343,51699,0.47,0.26,14,11,3.9,Seoul,0
31986,22,5,295103,54469,0.33,0.42,19,19,3.6,Seoul,0
31987,14,5,251104,39114,0.69,0.03,16,17,4.3,Seoul,0
31988,36,5,553780,57744,0.29,0.18,7,7,4.7,Metro,0
31989,4,7,182927,32440,0.15,0.5,18,17,4.5,Other,0
31990,16,8,313414,37894,0.78,0.06,13,16,4.5,Seoul,0
31991,12,15,665426,42444,0.07,0.16,16,42,4.8,Metro,0
31992,21,6,268229,61739,0.62,0.1,13,7,3.8,Metro,0
31993,77,17,2776941,145358,0.29,0.96,35,109,4.6,Seoul,-1
31994,6,14,541637,38818,0.07,0.11,22,37,4.4,Metro,0
31995,74,3,63551,34935,0.33,0.04,7,1,3.7,Metro,0
31996,16,7,199813,43673,0.34,0.13,13,10,4.9,Other,0
31997,13,14,610954,42398,0.92,0.2,11,9,4.4,Other,0
31998,5,10,306414,36470,0.79,0.06,15,16,4.2,Other,0
31999,0,5,323266,56830,0.34,0.1,13,0,4.0,Seoul,0
32000,14,4,175407,37753,0.38,0.06,18,4,4.4,Metro,0
32001,17,5,177824,38247,0.36,0.02,13,11,3.8,Metro,0
32002,65,3,45940,23501,0.26,0.09,7,3,3.1,Other,0
32003,1,12,648267,36091,0.28,0.37,18,13,2.7,Other,0
32004,29,7,488274,57923,0.18,0.01,7,13,4.0,Metro,0
32005,2,11,540722,55559,0.27,0.06,25,39,4.7,Seoul,0
32006,30,8,251463,43916,0.42,0.18,15,17,4.9,Metro,0
32007,88,2,24510,10529,0.26,0.13,3,4,4.1,Other,0
32008,12,16,1035471,57384,0.1,0.11,22,29,4.4,Other,0
32009,15,10,333431,43848,0.83,0.11,15,15,4.3,Seoul,0
32010,42,12,357520,28009,0.22,0.23,9,11,3.9,Metro,0
32011,7,13,341569,45546,0.13,0.04,7,37,4.8,Metro,0
32012,2,6,258260,38099,0.9,0.19,19,19,3.7,Metro,0
32013,0,12,783137,63368,0.07,0.08,24,34,4.5,Seoul,0
32014,104,4,85059,28269,0.18,0.09,2,2,3.6,Seoul,0
32015,65,4,87303,33647,0.29,0.08,3,1,4.0,Other,0
32016,11,11,332235,32215,0.26,0.02,13,13,4.2,Metro,0
32017,9,11,282861,23854,0.79,0.08,15,19,4.6,Metro,0
32018,10,15,914628,56218,0.04,0.03,30,33,4.7,Other,0
32019,27,6,205980,36043,0.33,0.03,13,10,4.7,Metro,0
32020,53,4,107254,39374,0.38,0.03,9,0,3.4,Metro,0
32021,27,4,137989,32425,0.34,0.09,16,14,3.9,Other,0
32022,11,19,1031796,65796,0.24,0.07,27,30,4.8,Other,0
32023,0,17,1361216,57964,0.06,0.27,9,42,4.7,Other,0
32024,17,14,375191,46676,0.9,0.06,25,19,4.1,Metro,0
32025,94,2,53437,42778,0.28,0.15,1,3,4.5,Metro,0
32026,75,2,109606,35936,0.2,0.03,7,2,4.3,Other,0
32027,13,4,338976,47822,0.1,0.05,13,4,4.5,Seoul,0
32028,97,27,1863495,76386,0.86,0.76,0,6,2.8,Seoul,-1
32029,36,3,83716,35231,0.37,0.22,15,6,4.1,Seoul,0
32030,45,6,201639,40484,0.49,0.27,13,9,3.6,Metro,0
32031,4,14,632601,46469,0.04,0.03,35,38,4.6,Seoul,0
32032,25,4,149996,37535,0.28,0.11,23,10,4.6,Metro,0
32033,22,12,434439,46012,0.94,0.07,11,12,4.3,Seoul,0
32034,95,4,89660,34956,0.12,0.05,4,0,4.1,Metro,0
32035,7,14,846828,58666,0.1,0.02,14,37,4.7,Metro,0
32036,19,3,124639,30712,0.34,0.08,10,4,5.0,Other,0
32037,30,6,191489,37207,0.27,0.37,16,15,3.5,Metro,0
32038,10,19,1098643,60361,0.13,0.05,16,51,4.9,Other,0
32039,43,3,70070,31148,0.39,0.08,9,2,4.7,Other,0
32040,30,8,462019,51203,0.24,0.27,15,5,4.3,Metro,0
32041,30,5,242079,43398,0.73,0.06,38,18,4.1,Metro,0
32042,10,6,188509,45942,0.11,0.1,10,6,4.0,Seoul,0
32043,23,3,24387,14219,0.24,0.11,16,12,4.3,Other,0
32044,17,13,523165,46224,0.33,0.73,9,1,3.7,Metro,0
32045,14,8,453130,62257,0.48,0.57,16,5,2.9,Metro,0
32046,5,6,351789,50619,0.13,0.06,27,39,4.6,Metro,0
32047,70,3,85325,36254,0.49,0.16,6,4,4.7,Seoul,0
32048,21,8,288889,37287,0.08,0.19,6,0,4.5,Metro,0
32049,4,19,1135648,43463,0.14,0.02,25,45,4.7,Metro,0
32050,11,8,188593,38903,0.81,0.19,13,15,4.6,Metro,0
32051,20,5,280555,43735,0.25,0.7,10,15,2.7,Metro,0
32052,10,9,756703,55802,0.09,0.06,22,37,4.6,Metro,0
32053,83,3,161760,51900,0.18,0.04,7,2,4.5,Other,0
32054,15,9,382195,51035,0.2,0.29,13,21,3.7,Metro,0
32055,8,9,309346,41496,0.48,0.06,33,26,4.2,Metro,0
32056,78,3,88868,42455,0.29,0.11,3,0,4.7,Metro,0
32057,17,2,4264053,42047,0.62,0.43,24,82,1.5,Metro,-1
32058,140,1,15158,24748,0.24,0.05,4,4,4.2,Other,0
32059,5,10,606868,46993,0.15,0.03,19,32,4.9,Seoul,0
32060,9,14,1175152,63967,0.06,0.03,30,27,4.7,Metro,0
32061,33,5,396725,56072,0.37,0.39,2,12,3.8,Seoul,0
32062,18,7,514303,47735,0.77,0.18,23,19,3.7,Other,0
32063,15,5,158054,48084,0.42,0.09,14,6,3.3,Seoul,0
32064,3,25,1843123,51743,0.2,0.02,22,37,4.5,Seoul,0
32065,72,4,104211,35480,0.17,0.07,6,4,3.6,Seoul,0
32066,5,2,45770,40682,0.47,0.49,20,10,4.0,Other,0
32067,17,4,197637,62127,0.25,0.04,7,2,3.6,Other,0
32068,1,0,0,54180,0.26,0.46,9,4,4.2,Seoul,0
32069,27,17,551255,37577,0.79,0.09,17,18,4.5,Other,0
32070,35,4,135177,40680,0.22,0.04,14,3,3.9,Seoul,0
32071,21,7,356984,46380,0.52,0.07,2,9,4.1,Other,0
32072,94,2,54814,43572,0.13,0.05,6,1,4.2,Seoul,0
32073,25,8,423086,48018,0.57,0.13,19,10,4.2,Seoul,0
32074,26,8,218978,35053,0.27,0.17,12,5,4.0,Other,0
32075,70,2,87836,38168,0.17,0.01,2,4,4.7,Metro,0
32076,37,6,190112,29081,0.31,0.02,18,9,4.2,Other,0
32077,31,4,207475,41749,0.11,0.53,18,18,3.8,Metro,0
32078,7,9,351232,31676,0.68,0.05,16,14,4.4,Other,0
32079,13,7,238823,43177,0.58,0.17,20,20,4.6,Metro,0
32080,2,23,1796354,68797,0.25,0.1,13,14,4.7,Seoul,0
32081,84,1,27012,25010,0.14,0.07,6,0,4.2,Other,0
32082,20,10,410279,42180,0.71,0.2,14,18,4.1,Seoul,0
32083,21,3,65756,46280,0.26,0.04,8,8,3.8,Other,0
32084,20,13,877592,49019,0.92,0.05,22,17,4.4,Other,0
32085,157,25,4319882,9611,0.95,0.61,30,53,4.4,Metro,-1
32086,18,9,346290,35567,0.89,0.17,19,7,4.2,Seoul,0
32087,71,3,100714,44547,0.33,0.1,6,0,3.5,Metro,0
32088,11,8,431358,36331,0.93,0.1,13,13,4.7,Seoul,0
32089,36,6,464925,66988,0.33,0.17,8,9,4.1,Metro,0
32090,91,2,91977,40908,0.09,0.06,9,3,3.9,Seoul,0
32091,73,1,39576,36744,0.14,0.2,6,1,4.3,Seoul,0
32092,20,5,182511,37706,0.46,0.21,16,12,4.0,Other,0
32093,46,7,314607,39211,0.41,0.05,16,18,4.2,Metro,0
32094,18,6,153240,32239,0.85,0.14,20,16,4.4,Other,0
32095,46,1,43975,53216,0.27,0.7,6,16,3.4,Other,0
32096,21,13,628812,38033,0.86,0.03,20,25,4.4,Metro,0
32097,10,19,1011771,38007,0.11,0.05,29,37,4.7,Seoul,0
32098,85,0,9785,31549,0.23,0.11,5,1,4.0,Metro,0
32099,94,39,2108732,144146,0.32,0.3,2,93,3.6,Seoul,-1
32100,7,9,357706,43788,0.83,0.09,14,7,4.0,Other,0
32101,37,9,195973,43729,0.42,0.12,15,8,3.9,Seoul,0
32102,11,9,641247,66435,0.12,0.12,29,33,4.7,Other,0
32103,31,3,117004,51465,0.4,0.07,16,5,4.8,Seoul,0
32104,7,4,248217,47436,0.43,0.71,10,11,3.6,Seoul,0
32105,28,3,153015,50703,0.46,0.04,9,15,4.0,Seoul,0
32106,38,6,190993,28053,0.37,0.09,12,12,4.1,Seoul,0
32107,28,6,474817,54765,0.29,0.02,6,9,4.8,Other,0
32108,22,10,490348,42365,0.18,0.46,21,22,3.3,Seoul,0
32109,23,8,219588,29415,0.58,0.08,16,12,4.6,Other,0
32110,21,2,83163,38900,0.93,0.06,21,7,4.7,Seoul,0
32111,0,8,403294,41530,0.31,0.18,7,11,3.9,Seoul,0
32112,24,9,223421,18892,0.4,0.13,11,7,4.6,Metro,0
32113,9,9,369987,46276,0.65,0.06,23,20,4.2,Seoul,0
32114,32,5,155124,43024,0.38,0.1,18,17,4.0,Metro,0
32115,5,17,931447,47878,0.13,0.06,25,34,4.4,Metro,0
32116,49,6,135379,32164,0.41,0.55,19,3,3.8,Seoul,0
32117,20,8,300310,41280,0.84,0.04,17,25,4.4,Other,0
32118,4,14,545601,53726,0.19,0.03,36,25,4.8,Other,0
32119,12,13,763722,51776,0.03,0.08,20,46,5.0,Seoul,0
32120,20,4,156823,42526,0.88,0.23,23,20,4.6,Metro,0
32121,20,12,221557,31457,0.83,0.1,24,21,5.0,Other,0
32122,1,17,651316,49530,0.26,0.15,22,32,4.9,Metro,0
32123,25,7,241333,41300,0.87,0.19,25,12,4.5,Metro,0
32124,14,15,678379,42201,0.66,0.15,20,20,4.4,Metro,0
32125,60,2,149250,46107,0.45,0.05,8,4,4.3,Seoul,0
32126,59,3,66091,23488,0.57,0.1,9,3,3.6,Metro,0
32127,16,13,621281,40854,0.8,0.12,13,13,4.4,Seoul,0
32128,0,7,300927,43070,0.53,0.13,22,18,4.4,Other,0
32129,12,14,623041,56957,0.14,0.05,26,27,4.5,Metro,0
32130,12,19,989874,44637,0.04,0.09,20,39,4.6,Seoul,0
32131,22,13,524871,39836,0.66,0.11,17,21,4.6,Metro,0
32132,86,25,453994,159137,0.71,0.62,6,86,3.0,Metro,-1
32133,90,12,3375436,68705,0.05,0.15,48,16,4.4,Other,-1
32134,149,4,2603891,82316,0.87,0.44,13,57,3.4,Metro,-1
32135,56,7,251217,53649,0.22,0.27,14,11,4.0,Seoul,0
32136,23,7,433323,46104,0.15,0.03,8,8,3.7,Seoul,0
32137,21,14,553129,38808,0.69,0.17,21,16,4.1,Seoul,0
32138,32,2,95134,52683,0.46,0.11,6,1,4.6,Seoul,0
32139,39,7,440169,53745,0.48,0.24,19,14,5.0,Seoul,0
32140,32,4,64891,38888,0.32,0.1,18,10,4.4,Seoul,0
32141,24,7,124513,45248,0.25,0.02,8,15,4.1,Seoul,0
32142,37,3,72590,25566,0.34,0.13,2,6,3.8,Seoul,0
32143,30,3,238343,53230,0.11,0.04,10,3,3.6,Other,0
32144,23,6,515633,45002,0.38,0.15,13,9,4.3,Metro,0
32145,23,7,290256,34722,0.77,0.17,15,23,4.7,Metro,0
32146,29,10,536176,48347,0.54,0.44,8,10,3.9,Metro,0
32147,123,19,1255755,163749,0.79,0.63,1,101,1.5,Seoul,-1
32148,13,7,298445,53474,0.37,0.5,17,11,3.2,Seoul,0
32149,24,5,202395,35587,0.34,0.16,7,9,4.9,Metro,0
32150,4,16,1058796,59128,0.1,0.1,4,32,4.7,Seoul,0
32151,11,11,879643,55999,0.29,0.12,15,1,4.5,Seoul,0
32152,4,12,750044,53279,0.09,0.07,22,31,4.8,Metro,0
32153,22,4,132557,43227,0.2,0.18,4,2,4.1,Seoul,0
32154,11,4,77726,35915,0.49,0.1,9,11,4.0,Metro,0
32155,25,10,822135,60240,0.62,0.08,10,23,4.3,Metro,0
32156,20,8,202836,25852,0.48,0.09,14,16,3.8,Other,0
32157,16,21,1060092,41589,0.24,0.91,2,22,1.4,Metro,-1
32158,7,6,191545,48821,0.82,0.1,15,17,3.9,Other,0
32159,82,4,134831,32121,0.3,0.03,4,4,4.1,Metro,0
32160,2,17,1000912,63241,0.14,0.21,21,46,4.5,Metro,0
32161,62,2,126207,40418,0.15,0.08,0,4,4.1,Metro,0
32162,21,3,71807,33413,0.75,0.1,14,20,4.6,Metro,0
32163,119,2,46882,27087,0.39,0.02,3,1,3.6,Metro,0
32164,66,2,96266,33642,0.29,0.31,10,0,2.7,Seoul,0
32165,31,7,231017,37000,0.15,0.09,18,1,4.3,Seoul,0
32166,21,10,408783,43106,0.85,0.1,11,29,4.7,Seoul,0
32167,7,5,251856,37837,0.36,0.06,7,11,4.6,Seoul,0
32168,100,3,135892,35269,0.05,0.01,3,7,2.5,Seoul,0
32169,9,6,328926,54692,0.73,0.07,15,21,4.6,Seoul,0
32170,14,3,140341,50898,0.51,0.05,11,6,4.4,Other,0
32171,98,4,128269,40745,0.13,0.03,7,4,3.9,Metro,0
32172,21,10,268581,49710,0.59,0.05,13,14,4.5,Metro,0
32173,14,5,135350,39846,0.53,0.24,15,13,4.3,Other,0
32174,17,7,232235,45566,0.72,0.02,21,15,4.5,Other,0
32175,70,2,62410,35786,0.62,0.09,7,6,4.0,Metro,0
32176,25,5,109512,36836,0.28,0.04,12,11,3.8,Seoul,0
32177,60,2,69509,35815,0.43,0.05,4,1,3.8,Metro,0
32178,22,4,216521,52391,0.27,0.04,11,7,4.4,Metro,0
32179,31,34,1056908,21909,0.5,0.51,37,13,3.1,Metro,-1
32180,31,6,242085,50133,0.5,0.65,5,17,4.1,Seoul,0
32181,38,5,280839,50035,0.57,0.02,16,14,3.8,Other,0
32182,24,11,620675,44601,0.36,0.68,10,26,3.0,Seoul,0
32183,26,4,168445,40411,0.44,0.16,3,10,4.5,Seoul,0
32184,3,12,897806,60842,0.11,0.02,17,39,4.9,Metro,0
32185,25,8,363778,45100,0.4,0.07,11,11,4.5,Seoul,0
32186,18,7,346606,41106,0.87,0.08,15,24,4.1,Seoul,0
32187,12,2,63783,32855,0.4,0.18,12,10,3.6,Metro,0
32188,22,7,245165,40939,0.32,0.11,12,10,3.9,Other,0
32189,9,5,157683,35691,0.74,0.12,18,18,4.5,Seoul,0
32190,7,14,698187,44500,0.15,0.47,9,16,3.7,Seoul,0
32191,10,17,841252,46671,0.04,0.02,27,35,4.5,Seoul,0
32192,9,7,387481,42369,0.28,0.15,8,10,4.1,Seoul,0
32193,62,34,4843687,176584,0.2,0.46,45,22,2.0,Other,-1
32194,10,15,803748,44647,0.03,0.09,19,42,4.5,Other,0
32195,35,8,171492,28118,0.23,0.08,13,14,4.0,Other,0
32196,7,7,387600,39412,0.24,0.07,0,16,4.5,Other,0
32197,3,13,544785,47385,0.06,0.04,23,35,4.5,Metro,0
32198,26,6,300111,52498,0.35,0.07,15,0,4.5,Other,0
32199,2,7,240249,40223,0.62,0.11,27,9,4.4,Seoul,0
32200,24,9,398943,48222,0.44,0.08,11,12,4.5,Metro,0
32201,10,14,891974,59362,0.06,0.16,22,38,4.8,Metro,0
32202,5,6,309337,51524,0.19,0.51,23,12,3.2,Seoul,0
32203,39,0,0,37605,0.54,0.11,16,5,4.5,Metro,0
32204,17,7,329929,46024,0.84,0.1,15,12,4.7,Metro,0
32205,14,9,354331,44728,0.59,0.08,11,19,4.4,Seoul,0
32206,13,11,447091,66348,0.29,0.05,19,11,4.9,Other,0
32207,16,9,263182,33352,0.43,0.12,12,16,4.1,Seoul,0
32208,72,3,52708,32354,0.03,0.01,4,5,3.9,Other,0
32209,24,9,498394,47521,0.87,0.12,11,21,4.4,Metro,0
32210,9,15,1161004,57205,0.06,0.02,25,36,4.7,Metro,0
32211,11,4,111845,39531,0.43,0.51,10,21,4.2,Seoul,0
32212,98,2,95903,46712,0.6,0.17,10,4,4.7,Other,0
32213,28,10,514191,47948,0.14,0.16,8,5,4.5,Other,0
32214,121,2,71795,43278,0.24,0.12,9,5,3.7,Seoul,0
32215,13,7,340370,46704,0.18,0.48,15,13,3.5,Metro,0
32216,13,13,1025903,61321,0.13,0.05,31,40,4.9,Other,0
32217,9,16,789810,52391,0.1,0.03,23,31,4.5,Metro,0
32218,19,8,219516,32546,0.42,0.65,6,13,3.6,Seoul,0
32219,37,9,319784,38418,0.29,0.49,20,14,3.5,Other,0
32220,15,6,264869,50538,0.81,0.07,14,24,4.5,Seoul,0
32221,50,2,100355,42990,0.27,0.16,12,4,4.1,Other,0
32222,75,2,45222,31776,0.52,0.02,0,3,4.7,Seoul,0
32223,63,3,83776,33899,0.24,0.05,7,4,3.4,Seoul,0
32224,19,12,365700,40891,0.9,0.05,15,6,4.6,Metro,0
32225,19,4,126824,38241,0.17,0.23,16,11,3.3,Other,0
32226,18,9,455807,43343,0.82,0.09,30,23,4.7,Other,0
32227,20,6,408634,53924,0.21,0.09,19,7,3.6,Seoul,0
32228,11,15,702210,47602,0.28,0.08,27,26,4.4,Seoul,0
32229,9,14,762553,62351,0.01,0.03,23,42,4.6,Seoul,0
32230,20,7,210077,41976,0.49,0.09,14,15,4.5,Metro,0
32231,21,14,464309,28707,0.75,0.07,23,27,4.1,Metro,0
32232,31,5,217963,40850,0.57,0.07,12,11,4.2,Other,0
32233,11,22,1095394,50572,0.01,0.11,19,47,4.7,Metro,0
32234,13,7,349750,47267,0.24,0.35,18,14,3.8,Seoul,0
32235,39,6,285737,51674,0.21,0.21,17,8,4.2,Seoul,0
32236,24,7,336492,41513,0.46,0.06,8,9,4.1,Other,0
32237,2,18,818308,56492,0.04,0.09,21,26,4.7,Metro,0
32238,8,10,426458,57793,0.83,0.11,16,4,4.6,Seoul,0
32239,68,4,269774,41811,0.21,0.05,0,2,4.8,Seoul,0
32240,22,3,200818,49648,0.59,0.03,12,11,3.4,Other,0
32241,15,9,370526,39103,0.64,0.24,27,18,4.3,Seoul,0
32242,7,14,661000,42601,0.05,0.05,20,36,4.4,Other,0
32243,109,2,68613,33300,0.32,0.26,6,5,4.4,Seoul,0
32244,13,8,310053,46562,0.79,0.09,15,23,4.6,Seoul,0
32245,60,4,168451,30588,0.18,0.06,5,1,3.7,Seoul,0
32246,19,11,455299,39098,0.59,0.1,16,10,4.8,Seoul,0
32247,16,9,274567,38936,0.88,0.05,16,15,3.8,Other,0
32248,33,8,425974,42013,0.48,0.24,10,19,3.8,Seoul,0
32249,43,2,96463,40310,0.41,0.03,2,2,2.6,Other,0
32250,55,28,4917144,181810,0.44,0.81,39,21,1.8,Seoul,-1
32251,27,8,148944,19361,0.14,0.11,15,11,4.2,Seoul,0
32252,27,4,261553,62404,0.27,0.11,11,13,4.7,Other,0
32253,79,2,58470,27537,0.12,0.12,4,3,4.6,Other,0
32254,39,3,124454,47665,0.32,0.08,11,15,4.3,Other,0
32255,19,4,157104,32944,0.33,0.37,12,18,3.5,Seoul,0
32256,12,6,183147,40221,0.32,0.08,15,9,4.1,Metro,0
32257,36,13,283362,46794,0.15,0.6,20,0,2.8,Metro,0
32258,22,4,262570,55278,0.39,0.08,19,5,4.2,Metro,0
32259,7,17,1026067,50442,0.28,0.03,25,31,4.8,Metro,0
32260,83,3,85234,36325,0.53,0.02,5,4,4.8,Metro,0
32261,13,7,106410,34298,0.44,0.05,15,11,3.9,Metro,0
32262,28,4,266915,50840,0.31,0.42,23,15,3.5,Metro,0
32263,67,1,55111,45138,0.4,0.09,7,3,3.6,Other,0
32264,6,12,707370,63075,0.14,0.08,23,42,4.5,Metro,0
32265,19,4,125343,34798,0.44,0.06,16,15,4.8,Metro,0
32266,9,14,759737,49270,0.09,0.09,17,37,4.6,Other,0
32267,10,10,412819,30268,0.24,0.08,17,10,4.1,Seoul,0
32268,20,4,103667,41197,0.22,0.14,10,5,4.9,Other,0
32269,29,4,155640,37048,0.45,0.06,13,13,4.1,Other,0
32270,0,6,290172,40386,0.37,0.22,11,19,4.2,Metro,0
32271,21,2,50878,29776,0.35,0.02,12,10,4.2,Seoul,0
32272,24,4,103678,36826,0.14,0.16,10,6,4.3,Metro,0
32273,22,2,50341,47097,0.63,0.07,11,15,3.6,Seoul,0
32274,5,7,316842,55290,0.27,0.12,11,15,4.2,Metro,0
32275,36,8,288307,43402,0.19,0.11,8,13,3.9,Metro,0
32276,10,15,956114,61516,0.12,0.1,21,62,4.9,Other,0
32277,36,5,120194,38518,0.35,0.04,0,11,4.2,Seoul,0
32278,12,14,546682,33284,0.7,0.11,18,15,4.4,Other,0
32279,39,9,552558,48670,0.13,0.03,12,11,4.0,Other,0
32280,18,4,161546,53597,0.38,0.07,20,18,3.5,Other,0
32281,61,3,100253,39162,0.66,0.04,2,2,4.8,Seoul,0
32282,79,29,2663007,70482,0.48,0.56,36,6,3.4,Metro,-1
32283,2,11,523488,50118,0.48,0.05,20,19,4.3,Seoul,0
32284,27,5,284471,53105,0.36,0.01,15,14,4.0,Seoul,0
32285,19,11,588016,45820,0.7,0.04,23,11,4.1,Other,0
32286,9,11,524851,36352,0.19,0.07,13,33,4.3,Metro,0
32287,16,8,304924,47603,0.27,0.12,11,10,4.6,Seoul,0
32288,12,8,318257,36216,0.47,0.13,5,12,4.1,Seoul,0
32289,23,10,276809,35589,0.82,0.04,9,12,4.6,Metro,0
32290,18,8,283867,45163,0.74,0.06,10,21,4.1,Other,0
32291,18,6,298145,38684,0.28,0.61,11,13,4.1,Seoul,0
32292,12,7,317546,42504,0.24,0.01,8,9,4.0,Seoul,0
32293,27,9,497000,45183,0.42,0.21,3,9,3.4,Metro,0
32294,28,8,401257,47768,0.71,0.13,10,24,4.8,Seoul,0
32295,21,7,247151,37149,0.89,0.25,16,20,4.6,Metro,0
32296,6,18,866893,50525,0.1,0.03,21,47,4.8,Metro,0
32297,35,6,73072,20912,0.28,0.1,14,9,4.0,Seoul,0
32298,4,14,738328,53629,0.2,0.09,22,48,4.8,Metro,0
32299,11,15,935469,68940,0.1,0.04,33,39,4.5,Seoul,0
32300,40,7,234759,43247,0.4,0.11,8,14,4.3,Other,0
32301,16,10,571240,48057,0.36,0.4,21,11,3.6,Other,0
32302,24,4,308044,58521,0.45,0.18,18,9,4.7,Metro,0
32303,78,3,62895,29623,0.17,0.03,3,5,3.1,Other,0
32304,48,2,81424,41781,0.23,0.1,7,4,4.0,Metro,0
32305,83,2,52563,33192,0.6,0.01,8,2,3.8,Metro,0
32306,17,7,204869,44883,0.89,0.2,10,26,4.5,Metro,0
32307,17,11,335157,37241,0.31,0.14,0,10,3.0,Seoul,0
32308,68,1,35324,44765,0.27,0.07,14,1,3.2,Other,0
32309,24,5,116563,26664,0.43,0.11,9,11,4.7,Other,0
32310,37,5,228861,37008,0.29,0.12,17,14,4.4,Metro,0
32311,2,4,132950,32814,0.38,0.32,14,18,2.7,Seoul,0
32312,8,14,546635,45647,0.12,0.08,30,35,4.6,Other,0
32313,103,4,129637,42073,0.15,0.19,6,3,3.8,Metro,0
32314,11,6,281566,49048,0.74,0.1,24,21,3.8,Metro,0
32315,81,2,63190,35223,0.16,0.09,8,2,3.9,Metro,0
32316,17,9,360388,31932,0.91,0.05,17,29,4.0,Seoul,0
32317,19,7,419171,45734,0.67,0.07,21,18,4.4,Metro,0
32318,44,7,220152,36685,0.33,0.11,5,16,4.1,Metro,0
32319,72,3,103005,32001,0.26,0.07,5,1,3.3,Metro,0
32320,16,7,214824,49065,0.45,0.35,6,17,3.7,Other,0
32321,3,28,2026317,60368,0.17,0.06,16,36,4.9,Other,0
32322,6,13,908921,63455,0.11,0.09,23,35,5.0,Metro,0
32323,70,2,41771,31206,0.47,0.23,10,4,4.2,Seoul,0
32324,0,8,422500,49228,0.02,0.15,23,44,4.9,Other,0
32325,14,10,377714,44551,0.64,0.05,16,20,4.4,Metro,0
32326,41,9,427662,40859,0.5,0.63,16,9,3.6,Metro,0
32327,9,9,388192,55163,0.77,0.11,22,20,4.7,Metro,0
32328,6,10,374588,45899,0.92,0.1,8,14,3.5,Other,0
32329,39,8,414711,52916,0.25,0.01,5,7,3.9,Metro,0
32330,36,2,101757,58717,0.27,0.07,3,5,3.6,Seoul,0
32331,38,8,491560,66703,0.47,0.07,9,13,4.6,Other,0
32332,73,3,40519,19669,0.36,0.05,6,3,3.7,Seoul,0
32333,41,0,0,44402,0.36,0.1,6,13,4.3,Other,0
32334,7,10,676553,52012,0.09,0.08,21,28,5.0,Seoul,0
32335,71,3,80914,23918,0.15,0.08,6,3,4.6,Metro,0
32336,26,10,239303,35327,0.4,0.12,10,11,3.6,Metro,0
32337,28,10,282519,32107,0.3,0.13,0,1,4.5,Metro,0
32338,76,3,95326,46820,0.25,0.18,7,2,3.6,Seoul,0
32339,38,9,539351,52281,0.43,0.17,18,10,4.3,Other,0
32340,6,19,1460175,56133,0.05,0.16,21,34,4.6,Seoul,0
32341,15,8,419341,39124,0.56,0.06,18,13,4.2,Seoul,0
32342,5,21,709888,43148,0.06,0.02,20,33,4.4,Metro,0
32343,31,6,288346,49512,0.53,0.14,16,11,4.8,Metro,0
32344,4,9,411195,39934,0.76,0.06,21,13,4.7,Other,0
32345,35,9,545751,53545,0.31,0.12,9,17,4.4,Seoul,0
32346,13,13,838172,51359,0.07,0.09,33,21,4.7,Metro,0
32347,18,7,232321,38245,0.31,0.07,3,16,4.9,Metro,0
32348,42,7,426300,57683,0.3,0.12,7,13,4.8,Seoul,0
32349,2,21,1576772,65209,0.1,0.14,20,42,4.9,Metro,0
32350,96,18,132546,169904,0.34,0.22,51,71,4.1,Other,-1
32351,16,15,954808,53746,0.04,0.01,7,30,4.5,Metro,0
32352,19,8,290105,44568,0.36,0.2,15,22,4.0,Seoul,0
32353,11,8,576421,56164,0.82,0.1,21,15,4.3,Metro,0
32354,38,7,189256,36584,0.31,0.02,16,13,4.8,Metro,0
32355,71,2,119068,45093,0.43,0.17,9,1,2.8,Metro,0
32356,24,9,254309,24524,0.45,0.04,9,8,3.8,Other,0
32357,104,1,43431,40883,0.09,0.08,5,5,3.8,Metro,0
32358,19,1,17144,38374,0.16,0.04,14,15,3.6,Other,0
32359,11,8,225479,36294,0.17,0.46,11,13,3.9,Metro,0
32360,0,11,515148,39516,0.63,0.09,16,30,4.3,Other,0
32361,1,6,181616,38270,0.31,0.04,4,9,4.0,Seoul,0
32362,11,15,631124,55905,0.15,0.04,27,43,4.5,Other,0
32363,70,2,40061,22065,0.34,0.11,8,0,4.0,Seoul,0
32364,22,3,98039,33362,0.33,0.07,11,12,4.8,Metro,0
32365,10,8,212959,47025,0.31,0.17,5,5,4.4,Metro,0
32366,14,4,116393,36767,0.08,0.08,13,7,4.3,Other,0
32367,20,8,242711,46103,0.71,0.13,9,29,3.9,Metro,0
32368,58,2,106156,42311,0.19,0.16,1,2,3.8,Other,0
32369,68,19,853802,118356,0.53,0.63,57,10,4.8,Seoul,-1
32370,31,5,151253,34436,0.38,0.07,9,3,4.6,Seoul,0
32371,66,0,12884,37209,0.28,0.05,0,4,4.1,Seoul,0
32372,22,10,310492,40331,0.67,0.17,23,16,4.7,Other,0
32373,15,5,204194,49569,0.87,0.08,16,15,4.3,Other,0
32374,27,11,470039,49915,0.86,0.03,16,5,4.7,Metro,0
32375,54,3,134510,41255,0.48,0.11,5,3,3.6,Seoul,0
32376,7,17,1389060,59647,0.12,0.08,29,22,4.8,Other,0
32377,7,8,268533,34746,0.37,0.15,10,10,3.8,Other,0
32378,40,9,261899,30227,0.58,0.04,12,7,4.1,Other,0
32379,2,20,1435884,61179,0.12,0.13,16,35,4.7,Metro,0
32380,55,8,272163,37861,0.17,0.01,3,21,4.3,Other,0
32381,19,8,285504,38092,0.15,0.05,12,16,4.3,Seoul,0
32382,23,7,249490,41841,0.68,0.17,29,12,4.8,Metro,0
32383,17,6,205398,39153,0.56,0.23,18,13,4.8,Metro,0
32384,2,18,824170,50549,0.03,0.01,19,34,4.5,Seoul,0
32385,5,13,879031,67278,0.04,0.02,25,36,4.7,Other,0
32386,39,3,168134,40796,0.25,0.09,17,8,4.2,Other,0
32387,29,8,274890,41736,0.32,0.56,6,16,4.0,Other,0
32388,4,15,761519,65531,0.1,0.17,22,36,4.5,Metro,0
32389,8,3,253813,46438,0.46,0.23,12,6,3.5,Seoul,0
32390,4,24,1499291,60418,0.43,0.1,25,34,4.6,Other,0
32391,115,15,4017377,98433,0.33,0.92,20,44,2.6,Seoul,-1
32392,29,3,159811,52093,0.23,0.1,10,6,4.1,Seoul,0
32393,49,3,115204,42053,0.27,0.09,13,2,4.2,Other,0
32394,6,17,823426,48256,0.17,0.05,20,32,4.4,Seoul,0
32395,62,6,142175,28928,0.32,0.17,13,5,3.7,Other,0
32396,11,6,307700,34282,0.31,0.53,15,11,3.2,Metro,0
32397,13,6,234681,38986,0.78,0.18,15,15,4.4,Seoul,0
32398,12,5,156249,29909,0.82,0.05,15,15,4.3,Metro,0
32399,7,19,761735,46838,0.31,0.04,33,34,4.7,Metro,0
32400,144,21,2401458,111827,0.6,0.62,7,91,2.4,Metro,-1
32401,31,9,419368,52745,0.3,0.18,15,7,4.4,Metro,0
32402,23,1,87235,49819,0.32,0.01,17,5,3.6,Metro,0
32403,21,6,169549,38936,0.32,0.14,5,16,3.7,Other,0
32404,23,5,323484,56180,0.18,0.07,8,7,3.9,Metro,0
32405,23,0,6235,34919,0.53,0.04,14,7,4.8,Metro,0
32406,18,8,385233,42704,0.81,0.05,21,19,4.2,Other,0
32407,17,8,524020,52601,0.24,0.11,14,18,4.7,Seoul,0
32408,13,13,574633,42563,0.6,0.12,14,23,5.0,Seoul,0
32409,18,7,209023,36287,0.89,0.06,21,14,4.3,Metro,0
32410,26,8,416747,51896,0.17,0.57,16,7,3.5,Other,0
32411,28,8,376715,52329,0.67,0.05,12,19,3.5,Other,0
32412,28,5,196657,46138,0.19,0.5,26,13,3.1,Metro,0
32413,69,2,34018,32794,0.52,0.1,6,6,4.1,Seoul,0
32414,14,4,170987,47495,0.17,0.08,25,15,4.0,Other,0
32415,98,1,72626,48279,0.33,0.1,4,6,4.1,Seoul,0
32416,149,25,4039608,125936,0.65,0.14,69,113,2.5,Other,-1
32417,18,2,68322,29156,0.83,0.15,24,27,4.7,Seoul,0
32418,20,5,114928,26818,0.61,0.15,12,11,4.5,Seoul,0
32419,2,17,1285488,55486,0.02,0.05,38,30,4.8,Seoul,0
32420,13,2,86981,54338,0.15,0.58,13,21,3.5,Other,0
32421,4,16,734861,40852,0.06,0.08,29,53,4.7,Metro,0
32422,12,10,284116,43444,0.93,0.14,18,20,4.5,Other,0
32423,48,6,407009,44819,0.21,0.05,13,6,4.8,Seoul,0
32424,6,20,1199846,58958,0.06,0.0,27,30,4.7,Metro,0
32425,12,5,141404,28721,0.45,0.29,7,11,3.4,Other,0
32426,24,7,348332,50493,0.19,0.14,5,15,3.8,Metro,0
32427,6,19,1462978,65300,0.09,0.05,16,37,5.0,Metro,0
32428,36,4,240596,43434,0.28,0.42,17,7,4.4,Other,0
32429,24,4,175705,42260,0.55,0.24,12,3,3.8,Metro,0
32430,34,3,148925,39634,0.36,0.1,12,8,4.6,Seoul,0
32431,23,10,334083,38255,0.39,0.09,21,4,4.0,Seoul,0
32432,0,9,367489,42143,0.22,0.17,11,6,4.1,Seoul,0
32433,25,3,127812,53785,0.22,0.16,18,17,3.6,Other,0
32434,90,6,2259064,110193,0.66,0.96,11,38,3.4,Seoul,-1
32435,13,4,102043,36670,0.38,0.05,18,17,4.5,Other,0
32436,24,7,287757,53038,0.35,0.61,11,15,3.5,Metro,0
32437,21,3,145252,46532,0.44,0.04,11,7,4.4,Seoul,0
32438,33,2,38965,18795,0.25,0.05,5,7,4.3,Metro,0
32439,94,2,68020,44503,0.16,0.05,7,4,3.8,Seoul,0
32440,47,11,397490,38271,0.21,0.15,9,6,4.0,Metro,0
32441,25,9,89529,30261,0.32,0.51,20,26,3.4,Other,0
32442,12,11,552568,44763,0.75,0.17,18,15,4.3,Metro,0
32443,14,8,313025,35070,0.75,0.05,15,21,4.8,Other,0
32444,8,4,243637,49422,0.3,0.06,18,19,4.0,Metro,0
32445,49,1,25760,30319,0.11,0.19,6,3,4.0,Metro,0
32446,22,8,598031,52050,0.33,0.14,10,18,4.4,Seoul,0
32447,14,17,1114391,59612,0.16,0.07,27,40,4.8,Seoul,0
32448,76,2,60388,34162,0.32,0.03,2,2,4.0,Seoul,0
32449,25,5,126323,32986,0.38,0.11,6,7,4.0,Other,0
32450,26,5,269495,45548,0.19,0.01,13,15,4.5,Metro,0
32451,26,5,222530,50009,0.44,0.21,7,11,4.7,Metro,0
32452,32,7,142344,35712,0.32,0.07,7,12,4.0,Seoul,0
32453,20,6,244253,27908,0.27,0.19,7,13,4.2,Seoul,0
32454,23,8,235531,30811,0.19,0.13,17,9,3.5,Metro,0
32455,30,9,227447,28584,0.75,0.15,18,9,4.1,Other,0
32456,17,4,266152,49321,0.57,0.23,5,18,4.1,Other,0
32457,18,7,454218,43839,0.36,0.13,13,10,4.3,Seoul,0
32458,8,13,579482,49592,0.07,0.04,26,33,4.6,Seoul,0
32459,7,8,353162,44777,0.85,0.17,10,21,4.4,Metro,0
32460,24,2,79784,39041,0.37,0.06,15,12,4.5,Metro,0
32461,18,5,266152,34889,0.26,0.25,9,19,4.3,Seoul,0
32462,13,6,315051,52817,0.08,0.28,8,13,4.6,Seoul,0
32463,1,18,827281,48645,0.08,0.06,9,46,4.6,Metro,0
32464,12,6,280928,40983,0.24,0.13,20,11,4.2,Other,0
32465,12,13,447307,40750,0.67,0.06,19,27,4.3,Seoul,0
32466,24,6,206845,45759,0.49,0.03,6,8,3.8,Seoul,0
32467,41,7,200429,34695,0.08,0.09,15,6,4.7,Seoul,0
32468,30,8,269597,32267,0.41,0.08,14,11,3.7,Other,0
32469,14,1,47154,52000,0.54,0.07,24,7,3.8,Metro,0
32470,29,11,355475,48051,0.84,0.12,19,22,4.2,Metro,0
32471,83,2,7627,31931,0.45,0.13,0,3,3.7,Metro,0
32472,44,6,244676,43629,0.18,0.1,18,9,4.2,Seoul,0
32473,19,5,284055,44411,0.43,0.08,4,1,3.7,Other,0
32474,44,5,239212,45805,0.3,0.04,6,12,4.1,Metro,0
32475,87,4,139989,37499,0.19,0.1,6,1,4.1,Seoul,0
32476,9,16,939760,57399,0.25,0.12,14,39,4.5,Seoul,0
32477,3,17,2774551,125971,0.69,0.22,3,34,1.8,Metro,-1
32478,8,5,218994,35176,0.89,0.05,23,23,4.5,Metro,0
32479,107,3,138285,43033,0.47,0.06,5,5,4.2,Seoul,0
32480,27,11,318817,44499,0.39,0.62,25,0,3.9,Other,0
32481,24,9,455100,51771,0.63,0.21,9,6,3.6,Metro,0
32482,17,6,299248,50051,0.76,0.11,22,15,4.2,Metro,0
32483,6,27,1723340,58544,0.14,0.01,21,46,4.8,Seoul,0
32484,11,4,193429,52570,0.77,0.1,28,25,4.6,Seoul,0
32485,28,2,100998,53363,0.18,0.01,12,20,4.0,Metro,0
32486,52,4,73661,23194,0.34,0.04,5,3,4.2,Metro,0
32487,21,6,153755,32819,0.45,0.04,3,6,3.6,Metro,0
32488,21,10,487987,40539,0.45,0.13,14,8,4.4,Metro,0
32489,2,10,672447,59814,0.14,0.12,19,27,4.3,Seoul,0
32490,42,6,195261,33602,0.21,0.24,13,10,4.3,Seoul,0
32491,18,12,739998,66541,0.23,0.72,19,17,4.5,Metro,0
32492,57,3,30831,22127,0.41,0.18,8,2,4.2,Metro,0
32493,14,20,1005023,63735,0.08,0.04,28,30,4.4,Seoul,0
32494,7,2,86975,30644,0.39,0.49,17,7,3.4,Metro,0
32495,23,4,190285,44484,0.6,0.27,10,8,3.7,Metro,0
32496,36,5,226098,39380,0.24,0.07,18,1,3.7,Metro,0
32497,26,10,427175,40077,0.24,0.1,15,10,4.0,Seoul,0
32498,0,17,682987,42813,0.89,0.36,15,10,5.0,Other,0
32499,24,9,55892,40867,0.11,0.17,18,13,4.1,Metro,0
32500,62,1,33779,31343,0.26,0.19,10,2,2.8,Other,0
32501,3,13,710915,45943,0.3,0.09,17,40,4.6,Metro,0
32502,32,5,163068,40396,0.27,0.17,25,9,4.5,Other,0
32503,17,4,195666,44986,0.18,0.62,11,8,3.9,Metro,0
32504,24,10,484663,65598,0.27,0.01,7,9,3.6,Other,0
32505,18,6,246054,44826,0.86,0.1,20,15,4.6,Metro,0
32506,142,35,925723,157918,0.96,0.02,44,17,1.0,Metro,-1
32507,7,6,220759,35483,0.61,0.5,11,10,3.3,Other,0
32508,24,8,229701,39681,0.22,0.61,17,8,1.9,Seoul,0
32509,16,8,220209,25488,0.33,0.12,15,8,4.6,Metro,0
32510,16,0,0,41522,0.38,0.13,9,6,4.0,Other,0
32511,82,5,257359,48822,0.45,0.27,8,4,4.4,Metro,0
32512,21,2,67433,39900,0.23,0.02,5,2,3.4,Other,0
32513,8,26,2204330,52092,0.14,0.05,18,38,4.7,Metro,0
32514,9,12,673494,54211,0.11,0.05,25,34,4.7,Metro,0
32515,10,13,432070,47487,0.51,0.22,15,20,4.9,Seoul,0
32516,32,6,98182,29421,0.37,0.03,16,7,4.0,Metro,0
32517,14,13,944995,61915,0.13,0.11,12,33,4.7,Seoul,0
32518,16,7,257919,34820,0.66,0.13,23,11,4.2,Metro,0
32519,0,11,535026,44379,0.39,0.11,10,18,3.7,Metro,0
32520,21,6,187268,38596,0.64,0.03,13,12,4.6,Metro,0
32521,16,9,339513,43290,0.89,0.25,23,12,4.8,Seoul,0
32522,30,6,162108,30155,0.15,0.13,10,12,4.1,Metro,0
32523,70,1,29579,50617,0.26,0.02,6,1,4.5,Metro,0
32524,8,10,408636,42318,0.15,0.12,7,14,3.7,Seoul,0
32525,7,7,244186,35976,0.54,0.24,15,16,3.7,Metro,0
32526,16,8,582921,56188,0.95,0.07,14,20,4.8,Other,0
32527,10,9,214663,21039,0.37,0.48,5,5,3.7,Metro,0
32528,16,8,450979,49614,0.65,0.45,7,17,4.5,Other,0
32529,27,2,97750,36319,0.25,0.05,15,8,4.2,Metro,0
32530,41,3,152529,52593,0.12,0.08,21,15,4.6,Metro,0
32531,14,9,391915,29520,0.27,0.08,7,16,5.0,Seoul,0
32532,31,8,306450,30702,0.26,0.27,2,8,4.2,Seoul,0
32533,38,6,196831,32594,0.38,0.05,15,23,4.3,Other,0
32534,9,16,1666113,62785,0.11,0.04,19,44,4.8,Metro,0
32535,32,9,335238,45151,0.27,0.54,13,18,3.9,Other,0
32536,18,8,409293,46267,0.39,0.17,18,6,4.3,Metro,0
32537,17,5,191290,44755,0.28,0.03,25,4,4.9,Metro,0
32538,39,3,82968,36754,0.24,0.01,9,0,3.2,Other,0
32539,5,13,950572,66188,0.19,0.06,12,37,4.6,Seoul,0
32540,30,3,112441,40198,0.38,0.09,11,6,4.2,Other,0
32541,40,7,413449,48617,0.3,0.07,11,8,3.8,Other,0
32542,75,1,18122,31264,0.38,0.18,8,3,4.7,Other,0
32543,8,11,360675,33627,0.7,0.04,22,17,4.8,Other,0
32544,19,11,281065,53464,0.86,0.13,24,24,4.4,Metro,0
32545,52,5,166564,22460,0.19,0.11,15,14,4.1,Seoul,0
32546,116,2,33662,24589,0.26,0.12,8,4,2.8,Metro,0
32547,6,3,105432,36499,0.24,0.68,14,2,3.4,Metro,0
32548,13,7,247700,40647,0.65,0.08,10,29,4.7,Metro,0
32549,0,5,146521,41759,0.81,0.06,11,20,4.1,Metro,0
32550,20,5,251999,50526,0.86,0.1,19,15,4.9,Metro,0
32551,16,7,274454,40656,0.42,0.11,8,7,3.7,Seoul,0
32552,93,2,51413,31367,0.22,0.08,4,2,4.1,Metro,0
32553,33,7,316025,42680,0.44,0.12,8,0,4.9,Other,0
32554,11,7,403157,56238,0.1,0.52,10,3,2.7,Metro,0
32555,22,2,80392,56150,0.76,0.07,19,20,4.1,Seoul,0
32556,19,5,177381,44449,0.41,0.11,17,7,4.4,Other,0
32557,11,20,1239675,58405,0.1,0.15,20,28,4.7,Seoul,0
32558,24,8,381122,44960,0.89,0.11,17,13,4.8,Metro,0
32559,50,3,121351,33039,0.18,0.11,9,1,3.7,Other,0
32560,4,14,677145,54120,0.07,0.12,26,28,4.5,Other,0
32561,11,11,540550,43436,0.22,0.04,5,9,4.6,Metro,0
32562,22,3,118089,45112,0.43,0.15,7,12,3.9,Seoul,0
32563,22,6,314636,46889,0.18,0.12,5,0,4.4,Seoul,0
32564,26,6,387020,60381,0.2,0.16,8,8,4.1,Seoul,0
32565,30,7,443850,49297,0.48,0.09,10,10,3.5,Metro,0
32566,67,4,45460,18598,0.48,0.1,10,1,4.1,Metro,0
32567,8,19,1386285,52977,0.22,0.03,26,47,4.8,Seoul,0
32568,2,11,381405,41122,0.16,0.03,18,29,4.7,Seoul,0
32569,28,6,87111,29310,0.12,0.1,11,10,3.7,Other,0
32570,13,8,325128,49810,0.4,0.68,16,9,3.7,Metro,0
32571,157,19,764267,6417,0.63,0.99,62,3,2.4,Seoul,-1
32572,40,9,614702,50418,0.19,0.25,11,14,4.3,Metro,0
32573,48,7,367236,41527,0.45,0.09,16,5,5.0,Other,0
32574,25,4,186930,37728,0.23,0.09,11,9,4.6,Other,0
32575,19,3,94604,29839,0.25,0.06,8,10,4.5,Seoul,0
32576,23,4,207831,40223,0.23,0.01,6,9,4.8,Other,0
32577,22,4,260838,44653,0.11,0.08,10,12,4.0,Metro,0
32578,18,8,356685,49621,0.25,0.03,22,5,4.4,Other,0
32579,7,15,794961,52425,0.05,0.1,21,46,4.7,Seoul,0
32580,22,8,234681,45030,0.31,0.61,16,18,4.1,Metro,0
32581,8,10,609973,59047,0.03,0.02,30,39,4.7,Metro,0
32582,7,6,260598,32958,0.41,0.29,13,12,3.7,Metro,0
32583,0,22,1087429,60432,0.16,0.04,21,29,4.8,Other,0
32584,29,9,400501,50153,0.78,0.05,16,18,4.7,Metro,0
32585,9,10,609046,45037,0.07,0.08,4,27,4.8,Seoul,0
32586,57,2,54858,31271,0.15,0.03,8,2,4.8,Other,0
32587,19,6,169357,35558,0.81,0.05,14,33,4.7,Seoul,0
32588,18,5,195469,38294,0.82,0.1,20,17,5.0,Metro,0
32589,101,2,73482,31201,0.48,0.11,15,1,4.0,Seoul,0
32590,31,3,141447,38174,0.18,0.11,8,1,4.4,Metro,0
32591,9,7,341310,39127,0.47,0.03,21,9,4.2,Other,0
32592,33,3,128971,38415,0.23,0.16,2,14,3.9,Metro,0
32593,34,5,235447,37749,0.39,0.31,7,16,4.6,Metro,0
32594,4,12,589254,47613,0.14,0.04,27,50,4.6,Other,0
32595,22,9,272200,32533,0.85,0.16,13,20,4.7,Other,0
32596,9,7,305792,49805,0.43,0.46,16,8,4.9,Other,0
32597,12,18,1019372,67376,0.27,0.06,19,27,4.9,Seoul,0
32598,66,2,60282,37663,0.52,0.06,9,2,4.7,Metro,0
32599,6,12,467218,49867,0.4,0.55,19,13,3.7,Seoul,0
32600,10,7,219933,44629,0.47,0.74,7,3,4.0,Seoul,0
32601,61,3,104247,40560,0.48,0.13,8,7,3.6,Seoul,0
32602,29,7,211623,29175,0.27,0.12,3,14,3.4,Metro,0
32603,52,3,78271,25018,0.62,0.12,6,8,4.1,Metro,0
32604,22,9,202364,33313,0.24,0.08,11,3,3.8,Other,0
32605,6,14,1057101,57323,0.1,0.02,20,31,4.8,Metro,0
32606,3,10,499436,50355,0.07,0.14,24,38,4.6,Seoul,0
32607,35,16,4462839,198481,0.75,0.63,5,21,4.3,Metro,-1
32608,8,7,251749,38391,0.73,0.01,20,17,4.0,Metro,0
32609,9,10,564770,48531,0.4,0.08,17,11,4.6,Seoul,0
32610,108,2,37792,28920,0.4,0.05,2,5,4.6,Seoul,0
32611,17,10,373062,40794,0.31,0.04,16,8,4.2,Metro,0
32612,16,9,144123,32111,0.36,0.08,17,7,4.4,Seoul,0
32613,44,2,114188,45407,0.3,0.09,4,4,4.1,Other,0
32614,8,9,317100,40527,0.27,0.04,11,14,4.3,Seoul,0
32615,2,8,347812,45957,0.73,0.1,15,16,4.6,Metro,0
32616,51,3,73722,35927,0.4,0.08,4,0,3.6,Metro,0
32617,11,8,324890,43485,0.73,0.11,16,21,3.8,Seoul,0
32618,28,5,116075,31708,0.43,0.06,9,5,5.0,Metro,0
32619,16,4,211694,49570,0.36,0.1,7,2,4.3,Metro,0
32620,21,4,151091,49001,0.19,0.6,15,7,3.6,Metro,0
32621,25,6,426346,56362,0.19,0.15,20,5,4.4,Seoul,0
32622,2,4,141215,47150,0.2,0.48,15,6,3.9,Metro,0
32623,23,10,536993,54090,0.85,0.08,24,10,4.4,Metro,0
32624,28,5,335369,41592,0.48,0.37,18,7,3.8,Other,0
32625,7,7,312088,43732,0.06,0.01,16,12,4.0,Seoul,0
32626,107,4,119498,44775,0.36,0.07,2,8,4.2,Other,0
32627,32,4,137051,48947,0.29,0.09,10,17,4.2,Metro,0
32628,9,7,409192,56383,0.78,0.08,23,17,4.3,Seoul,0
32629,17,8,363449,41044,0.91,0.13,13,10,4.6,Other,0
32630,18,3,105026,37242,0.94,0.07,14,27,4.2,Seoul,0
32631,7,24,1522100,53989,0.1,0.11,13,33,4.5,Other,0
32632,73,1,21420,36870,0.1,0.32,5,4,4.0,Metro,0
32633,30,7,246988,36453,0.36,0.04,12,19,3.6,Metro,0
32634,19,10,317226,44948,0.25,0.18,17,9,4.3,Seoul,0
32635,41,8,337389,42317,0.31,0.1,8,5,4.4,Metro,0
32636,71,2,68373,39497,0.24,0.14,6,1,4.2,Metro,0
32637,62,4,129352,42230,0.43,0.09,10,8,3.6,Metro,0
32638,16,9,442461,50120,0.85,0.13,22,24,4.2,Metro,0
32639,24,6,376497,51554,0.24,0.16,13,10,4.3,Seoul,0
32640,5,9,678126,50850,0.72,0.08,11,13,4.6,Seoul,0
32641,27,0,0,37227,0.2,0.06,11,11,4.7,Metro,0
32642,6,2,91429,41826,0.27,0.16,18,1,4.8,Metro,0
32643,16,6,263005,32620,0.4,0.15,10,1,4.8,Metro,0
32644,17,8,286696,48293,0.11,0.09,15,4,3.7,Seoul,0
32645,16,8,359547,45089,0.69,0.08,25,7,4.8,Other,0
32646,34,2,115477,36784,0.31,0.02,7,16,4.5,Seoul,0
32647,37,6,229883,39615,0.31,0.07,7,9,4.4,Metro,0
32648,18,8,437025,34434,0.19,0.07,6,7,4.6,Other,0
32649,27,6,255552,40745,0.37,0.1,17,13,4.1,Metro,0
32650,35,4,120441,48885,0.41,0.1,15,15,4.2,Other,0
32651,25,4,160735,38578,0.38,0.59,14,11,2.9,Metro,0
32652,75,4,88807,33548,0.26,0.13,2,3,4.0,Seoul,0
32653,21,2,95245,45647,0.25,0.07,19,6,3.9,Metro,0
32654,106,22,4538686,187604,0.45,0.06,51,71,2.9,Metro,-1
32655,66,2,42946,32663,0.24,0.06,9,5,3.8,Metro,0
32656,25,12,374670,38811,0.58,0.56,9,13,3.6,Seoul,0
32657,60,2,78103,32560,0.44,0.11,7,2,3.7,Other,0
32658,34,4,245144,36546,0.12,0.05,13,11,4.2,Seoul,0
32659,3,12,968794,63690,0.27,0.06,22,40,4.6,Seoul,0
32660,11,15,656784,46939,0.88,0.08,19,21,4.4,Other,0
32661,30,10,354849,42506,0.63,0.08,11,14,4.9,Metro,0
32662,47,3,75656,37376,0.36,0.02,7,4,4.6,Seoul,0
32663,76,3,135887,42594,0.28,0.02,6,4,3.6,Seoul,0
32664,26,9,303324,45844,0.77,0.11,15,18,5.0,Other,0
32665,63,4,155914,34747,0.51,0.21,12,5,3.5,Other,0
32666,113,7,25806,49440,0.25,0.81,0,17,2.8,Metro,-1
32667,37,7,292207,34004,0.46,0.07,15,3,4.3,Other,0
32668,12,15,1135721,62475,0.13,0.02,25,23,4.4,Metro,0
32669,38,8,306384,53273,0.42,0.31,8,10,4.2,Seoul,0
32670,66,4,281246,47241,0.19,0.08,4,6,3.3,Other,0
32671,32,5,178008,56217,0.41,0.05,9,12,3.5,Metro,0
32672,88,1,34397,51997,0.33,0.09,4,3,3.9,Seoul,0
32673,65,1,15609,30972,0.33,0.17,6,3,3.8,Metro,0
32674,73,2,62620,47508,0.3,0.01,7,3,4.3,Metro,0
32675,11,7,292051,32581,0.29,0.21,13,9,4.5,Other,0
32676,7,4,259155,64450,0.57,0.11,12,7,4.7,Other,0
32677,108,0,6366,37857,0.28,0.07,7,1,3.3,Other,0
32678,29,4,160932,40054,0.13,0.03,16,3,3.9,Other,0
32679,26,4,106043,27334,0.12,0.01,15,16,4.2,Metro,0
32680,22,9,241595,35079,0.88,0.06,18,31,4.3,Seoul,0
32681,27,5,42244,32643,0.2,0.08,8,14,3.9,Seoul,0
32682,45,11,450360,41118,0.24,0.14,7,10,4.7,Metro,0
32683,11,10,326307,33470,0.71,0.1,25,26,4.6,Metro,0
32684,36,4,186946,38831,0.33,0.08,4,5,3.5,Metro,0
32685,26,15,674967,41644,0.73,0.11,7,22,4.5,Other,0
32686,23,8,149617,35432,0.42,0.23,12,13,3.4,Other,0
32687,16,10,427742,40594,0.59,0.04,23,15,4.3,Metro,0
32688,16,5,205250,31370,0.18,0.2,21,7,4.5,Metro,0
32689,2,2,103919,43939,0.69,0.11,24,16,4.8,Seoul,0
32690,33,3,89307,29883,0.17,0.29,11,1,4.4,Seoul,0
32691,22,11,517395,36789,0.46,0.63,14,14,3.5,Seoul,0
32692,83,4,132961,41046,0.31,0.07,6,1,3.1,Seoul,0
32693,31,8,327812,57406,0.5,0.05,12,15,4.5,Metro,0
32694,19,5,244821,43548,0.25,0.49,14,5,3.7,Metro,0
32695,22,5,235623,45734,0.29,0.07,13,0,4.3,Seoul,0
32696,13,10,469856,41081,0.85,0.09,16,20,4.1,Metro,0
32697,0,5,250750,51560,0.21,0.05,12,9,4.6,Metro,0
32698,7,15,433490,43271,0.01,0.12,24,33,4.7,Other,0
32699,64,1,18379,36929,0.26,0.17,8,2,3.0,Seoul,0
32700,13,9,398319,34118,0.53,0.11,6,14,4.2,Other,0
32701,35,5,179339,38998,0.33,0.12,9,11,4.1,Seoul,0
32702,9,7,289918,33423,0.45,0.1,11,13,5.0,Metro,0
32703,53,2,61751,47753,0.18,0.13,8,6,4.1,Other,0
32704,32,6,223757,38081,0.44,0.07,20,15,4.4,Metro,0
32705,30,6,333208,52156,0.31,0.11,18,5,4.1,Other,0
32706,72,1,56895,40779,0.09,0.24,6,4,4.4,Other,0
32707,13,3,95283,38681,0.32,0.06,6,10,4.2,Metro,0
32708,25,6,143545,30077,0.74,0.24,18,20,3.8,Metro,0
32709,8,3,92177,27215,0.44,0.07,19,14,4.4,Seoul,0
32710,36,8,257829,41666,0.19,0.08,19,10,3.8,Seoul,0
32711,10,8,251028,49586,0.24,0.52,14,20,4.0,Other,0
32712,14,14,633182,47162,0.73,0.03,22,10,4.3,Metro,0
32713,4,13,489719,37360,0.81,0.06,14,30,4.7,Metro,0
32714,6,19,1589237,68074,0.06,0.01,18,40,4.9,Seoul,0
32715,24,7,296292,36568,0.65,0.13,21,9,4.8,Other,0
32716,6,6,222663,40375,0.78,0.03,18,18,4.0,Other,0
32717,23,8,393534,49552,0.38,0.13,14,13,3.8,Seoul,0
32718,13,6,310421,53126,0.36,0.59,23,10,4.0,Other,0
32719,9,18,1209116,62729,0.09,0.02,28,40,5.0,Seoul,0
32720,11,6,216476,37514,0.38,0.07,9,13,4.2,Metro,0
32721,41,9,583115,54043,0.23,0.15,12,15,4.4,Seoul,0
32722,11,6,346262,39491,0.33,0.3,20,5,3.5,Metro,0
32723,91,1,13254,35218,0.29,0.03,12,3,4.4,Seoul,0
32724,63,4,141393,34661,0.2,0.09,7,2,3.6,Seoul,0
32725,8,6,182368,38094,0.63,0.06,18,21,4.6,Seoul,0
32726,11,9,529968,64808,0.42,0.08,6,12,4.1,Metro,0
32727,27,4,283447,53781,0.09,0.02,10,5,4.2,Seoul,0
32728,8,14,3470100,159751,0.0,0.26,64,56,3.6,Other,-1
32729,74,2,57175,28390,0.33,0.13,5,1,4.0,Metro,0
32730,13,4,137672,42529,0.2,0.1,14,12,3.9,Seoul,0
32731,2,15,720446,45466,0.1,0.03,18,27,4.9,Seoul,0
32732,5,9,238664,35609,0.63,0.11,21,13,4.5,Metro,0
32733,50,10,480781,43615,0.25,0.12,10,18,4.0,Metro,0
32734,10,6,227904,35421,0.93,0.12,31,26,4.5,Metro,0
32735,26,9,443273,49139,0.45,0.07,14,24,4.7,Metro,0
32736,63,5,109455,33427,0.45,0.22,10,1,2.8,Metro,0
32737,14,7,255652,40326,0.7,0.19,18,18,4.4,Other,0
32738,13,8,542603,55337,0.31,0.01,4,18,4.4,Metro,0
32739,35,11,68409,45933,0.44,0.03,6,3,4.7,Seoul,0
32740,45,8,275508,48399,0.63,0.03,5,4,4.3,Seoul,0
32741,9,15,744801,63432,0.15,0.09,21,37,4.7,Seoul,0
32742,34,5,293710,62027,0.41,0.01,10,12,3.6,Other,0
32743,19,8,343019,46443,0.56,0.1,14,19,4.4,Other,0
32744,16,11,510409,44858,0.31,0.21,21,7,4.0,Metro,0
32745,67,4,249872,47763,0.55,0.17,0,3,4.7,Seoul,0
32746,29,1,35020,24090,0.3,0.03,19,16,3.9,Metro,0
32747,22,5,182809,47384,0.85,0.01,16,20,4.5,Other,0
32748,6,11,533322,44216,0.58,0.06,13,19,4.4,Metro,0
32749,49,2,116517,46664,0.52,0.09,3,3,4.5,Metro,0
32750,3,19,1271827,58811,0.14,0.01,24,25,4.2,Seoul,0
32751,8,13,577738,47614,0.76,0.04,10,21,4.0,Seoul,0
32752,41,8,136222,44553,0.39,0.01,12,14,3.7,Metro,0
32753,7,0,0,53554,0.37,0.2,15,13,3.6,Metro,0
32754,3,11,406011,43338,0.05,0.03,20,45,4.6,Metro,0
32755,38,10,271865,45831,0.33,0.08,13,5,4.3,Seoul,0
32756,31,3,94342,32577,0.31,0.07,11,14,4.0,Seoul,0
32757,48,5,201581,42234,0.44,0.08,12,13,4.5,Metro,0
32758,30,4,212218,56355,0.41,0.05,10,10,4.7,Metro,0
32759,27,7,200194,30232,0.23,0.2,6,3,3.3,Other,0
32760,33,6,153159,27514,0.39,0.17,12,17,5.0,Metro,0
32761,10,9,288947,35466,0.3,0.1,8,4,4.4,Seoul,0
32762,13,6,298362,46873,0.28,0.39,11,19,3.4,Metro,0
32763,10,24,1334085,53143,0.04,0.05,29,36,4.6,Metro,0
32764,102,17,4466064,62568,0.83,0.78,59,93,3.9,Other,-1
32765,9,13,1173316,80009,0.1,0.03,24,29,4.9,Metro,0
32766,3,5,241295,54873,0.33,0.4,16,17,3.7,Metro,0
32767,79,0,0,32879,0.17,0.15,5,5,4.4,Metro,0
32768,15,4,250680,53318,0.12,0.09,9,3,4.4,Seoul,0
32769,26,3,50238,24571,0.48,0.06,14,12,4.4,Seoul,0
32770,32,9,150578,34615,0.19,0.24,3,16,3.3,Seoul,0
32771,10,9,514788,51547,0.68,0.19,20,17,4.3,Other,0
32772,19,5,208345,44088,0.28,0.02,4,15,4.1,Other,0
32773,18,10,340709,47467,0.32,0.05,6,6,3.7,Other,0
32774,2,16,1157271,55132,0.03,0.01,22,27,4.5,Other,0
32775,49,9,331857,43016,0.21,0.08,12,5,4.1,Other,0
32776,77,2,27827,29216,0.21,0.13,2,3,3.5,Seoul,0
32777,47,9,276621,29671,0.33,0.07,6,12,3.1,Metro,0
32778,0,5,157613,44177,0.31,0.11,9,19,4.9,Metro,0
32779,19,11,561112,47764,0.73,0.07,18,11,4.2,Metro,0
32780,5,11,521743,49064,0.09,0.11,24,30,4.8,Metro,0
32781,3,11,705185,46932,0.09,0.03,26,23,4.7,Seoul,0
32782,14,13,1115135,69177,0.02,0.09,23,39,4.4,Metro,0
32783,25,3,86419,33190,0.21,0.06,16,19,3.9,Metro,0
32784,103,5,112812,45614,0.13,0.05,8,4,3.7,Other,0
32785,26,9,281901,48695,0.48,0.06,14,18,4.3,Seoul,0
32786,11,10,384042,44311,0.19,0.03,11,15,4.3,Metro,0
32787,39,3,135009,34983,0.26,0.05,8,12,3.7,Metro,0
32788,28,6,299754,45986,0.21,0.09,16,9,4.7,Metro,0
32789,6,6,147548,54503,0.3,0.45,9,20,3.0,Metro,0
32790,76,3,161481,41433,0.25,0.05,8,0,3.8,Seoul,0
32791,43,4,206759,42553,0.19,0.07,3,9,4.2,Metro,0
32792,11,12,759239,61782,0.18,0.09,11,29,4.6,Seoul,0
32793,15,6,151964,31628,0.21,0.11,5,8,4.7,Metro,0
32794,13,6,355483,53814,0.31,0.63,11,8,3.3,Metro,0
32795,14,2,30492,47972,0.32,0.12,5,11,4.6,Seoul,0
32796,22,8,285408,41679,0.26,0.1,9,8,3.5,Seoul,0
32797,18,9,254188,45862,0.41,0.23,4,9,4.1,Seoul,0
32798,59,2,62755,22192,0.16,0.04,11,1,4.8,Other,0
32799,24,9,404430,44763,0.36,0.09,21,7,4.0,Other,0
32800,39,3,177789,52016,0.45,0.17,0,9,3.8,Seoul,0
32801,15,6,179957,32303,0.28,0.43,12,15,3.5,Seoul,0
32802,103,2,140141,61038,0.34,0.04,4,4,4.4,Seoul,0
32803,5,14,834652,66260,0.04,0.05,29,38,5.0,Metro,0
32804,31,7,356727,48178,0.07,0.02,14,10,4.5,Seoul,0
32805,9,12,558634,56985,0.2,0.04,23,39,4.7,Metro,0
32806,4,14,482517,35430,0.73,0.2,18,23,4.5,Metro,0
32807,12,5,167934,43843,0.89,0.11,12,22,4.3,Metro,0
32808,21,6,253281,46638,0.33,0.23,10,11,4.2,Metro,0
32809,13,12,330234,29155,0.71,0.08,18,26,4.7,Metro,0
32810,10,9,143359,51807,0.75,0.13,20,27,4.7,Seoul,0
32811,2,19,1409979,65032,0.33,0.06,26,43,4.9,Metro,0
32812,26,6,119662,25874,0.46,0.04,12,13,4.3,Metro,0
32813,6,10,321148,39059,0.13,0.09,9,25,4.1,Seoul,0
32814,4,13,590971,48213,0.06,0.08,20,37,4.9,Other,0
32815,7,12,937269,56301,0.06,0.1,11,44,4.6,Seoul,0
32816,2,5,103668,19250,0.33,0.02,11,16,4.3,Seoul,0
32817,10,6,209892,37637,0.7,0.09,15,22,3.7,Other,0
32818,40,8,338320,29484,0.48,0.02,7,16,4.0,Seoul,0
32819,81,4,185259,38093,0.44,0.06,8,3,3.8,Other,0
32820,21,10,272737,34448,0.24,0.73,20,0,3.8,Metro,0
32821,11,16,663876,38607,0.94,0.1,14,19,4.0,Metro,0
32822,16,2,90415,52398,0.21,0.17,18,17,4.7,Seoul,0
32823,9,14,796998,57296,0.05,0.1,8,46,4.4,Metro,0
32824,14,4,207804,38938,0.21,0.6,20,14,5.0,Seoul,0
32825,11,5,246865,49309,0.52,0.46,2,15,3.8,Seoul,0
32826,42,6,252965,37739,0.58,0.22,5,13,4.3,Seoul,0
32827,77,3,188954,51613,0.4,0.12,10,4,4.2,Metro,0
32828,14,16,486097,32428,0.83,0.18,16,20,3.7,Seoul,0
32829,21,8,638075,52185,0.21,0.15,11,2,3.6,Seoul,0
32830,27,6,193606,34802,0.22,0.02,24,13,4.3,Metro,0
32831,15,8,250741,41746,0.7,0.11,22,15,4.3,Metro,0
32832,73,3,107383,39394,0.15,0.16,6,5,3.4,Metro,0
32833,77,4,119221,29674,0.29,0.04,9,5,3.2,Metro,0
32834,35,8,232374,40632,0.4,0.31,16,8,4.1,Metro,0
32835,36,4,186788,43210,0.31,0.04,6,7,4.4,Seoul,0
32836,19,5,379753,55795,0.59,0.08,18,2,4.2,Metro,0
32837,26,6,351376,50903,0.41,0.09,14,3,4.3,Metro,0
32838,21,10,556133,40122,0.86,0.23,19,23,4.3,Other,0
32839,56,4,109523,39552,0.43,0.18,6,6,3.9,Seoul,0
32840,7,20,1213578,66060,0.18,0.06,16,37,4.5,Other,0
32841,25,5,182233,37420,0.31,0.02,10,9,4.4,Seoul,0
32842,72,3,76222,26260,0.41,0.09,10,7,3.3,Seoul,0
32843,69,1,23943,36993,0.14,0.06,4,2,3.1,Metro,0
32844,14,8,490697,54759,0.88,0.11,10,26,4.4,Other,0
32845,22,8,326914,48015,0.71,0.17,22,24,4.7,Other,0
32846,30,8,159987,37477,0.38,0.06,16,11,4.7,Metro,0
32847,10,6,193135,38397,0.8,0.03,21,21,4.4,Metro,0
32848,8,17,1112641,57551,0.15,0.13,25,38,5.0,Seoul,0
32849,27,9,233495,43630,0.41,0.06,19,10,4.2,Metro,0
32850,81,1,42237,29296,0.13,0.06,1,8,3.9,Other,0
32851,96,2,55597,36365,0.35,0.14,5,9,3.8,Seoul,0
32852,93,2,38542,39984,0.16,0.05,6,0,3.4,Metro,0
32853,16,8,523496,63435,0.38,0.1,8,8,4.3,Metro,0
32854,6,5,86675,30336,0.84,0.09,19,17,4.2,Metro,0
32855,27,0,0,42711,0.19,0.22,10,13,4.9,Seoul,0
32856,28,5,79667,24530,0.4,0.59,13,7,3.0,Metro,0
32857,7,5,175981,34646,0.36,0.13,9,14,4.4,Seoul,0
32858,84,4,90522,40364,0.29,0.06,7,2,3.7,Other,0
32859,25,8,353611,35086,0.73,0.23,15,13,2.7,Other,0
32860,39,5,133119,26321,0.18,0.05,7,4,4.1,Metro,0
32861,65,3,75463,32842,0.35,0.08,4,3,3.8,Other,0
32862,175,13,3740811,72224,0.56,0.79,18,114,3.5,Metro,-1
32863,12,15,394943,26014,0.74,0.04,26,16,4.4,Other,0
32864,7,16,750975,49996,0.07,0.12,30,31,4.7,Seoul,0
32865,37,3,74802,22198,0.35,0.05,3,0,4.0,Other,0
32866,6,10,627967,55513,0.23,0.09,24,27,4.4,Metro,0
32867,95,1,17572,42967,0.24,0.13,11,1,3.8,Seoul,0
32868,13,5,206441,44952,0.21,0.08,15,14,4.2,Seoul,0
32869,51,9,430385,47321,0.2,0.48,20,13,3.7,Metro,0
32870,6,11,616589,41589,0.09,0.01,16,45,4.9,Seoul,0
32871,22,8,367975,33945,0.34,0.04,7,1,4.5,Seoul,0
32872,71,2,97935,39622,0.15,0.06,6,3,4.8,Other,0
32873,5,11,445575,36432,0.06,0.08,17,40,4.3,Seoul,0
32874,17,9,209132,34816,0.82,0.04,18,17,4.3,Seoul,0
32875,8,21,1471214,61651,0.12,0.05,30,40,4.5,Metro,0
32876,20,9,323999,32681,0.67,0.09,20,14,4.0,Metro,0
32877,24,7,337204,44440,0.8,0.11,20,20,4.7,Seoul,0
32878,71,2,34956,28601,0.43,0.05,5,3,4.6,Seoul,0
32879,19,8,294418,50644,0.62,0.09,21,12,4.7,Seoul,0
32880,9,18,1075300,52002,0.07,0.1,14,30,4.7,Metro,0
32881,16,10,367103,40985,0.85,0.06,22,1,4.5,Seoul,0
32882,38,22,3122519,135007,0.62,0.96,66,15,2.8,Other,-1
32883,19,7,350203,36206,0.27,0.01,8,7,3.5,Seoul,0
32884,19,4,139363,42121,0.72,0.13,17,15,4.8,Other,0
32885,34,2,133408,53796,0.17,0.09,13,19,3.9,Other,0
32886,24,7,283328,35358,0.59,0.04,15,18,4.0,Seoul,0
32887,2,14,998304,61648,0.03,0.05,33,33,4.9,Seoul,0
32888,39,12,693847,50026,0.16,0.45,15,1,3.5,Metro,0
32889,3,13,951275,66176,0.03,0.06,35,29,4.6,Metro,0
32890,9,12,944069,59276,0.02,0.1,24,30,4.7,Seoul,0
32891,13,18,1534341,70425,0.13,0.18,20,48,4.9,Other,0
32892,62,21,1404779,31284,0.76,0.12,77,48,1.7,Other,-1
32893,31,3,137866,44450,0.27,0.15,11,16,4.3,Seoul,0
32894,37,7,283220,39123,0.24,0.18,7,11,4.1,Other,0
32895,1,11,803841,58294,0.36,0.57,11,12,3.3,Metro,0
32896,8,15,928707,59022,0.06,0.11,24,26,5.0,Metro,0
32897,1,10,533424,41198,0.21,0.45,0,4,3.8,Other,0
32898,9,5,221048,43064,0.85,0.22,23,33,3.9,Other,0
32899,50,1,14673,16804,0.44,0.05,13,9,4.2,Other,0
32900,60,2,108503,49247,0.15,0.05,7,4,4.0,Metro,0
32901,99,3,68298,41733,0.1,0.01,3,7,3.5,Seoul,0
32902,28,4,170745,39403,0.28,0.17,14,24,4.1,Metro,0
32903,5,24,1824715,57418,0.06,0.05,27,29,4.7,Other,0
32904,18,8,394671,55151,0.19,0.49,4,15,3.6,Metro,0
32905,76,2,76487,37158,0.3,0.05,4,1,3.6,Other,0
32906,38,10,457941,38947,0.18,0.01,12,0,4.1,Other,0
32907,157,1,2583499,11572,0.64,0.3,18,64,3.3,Metro,-1
32908,8,21,1245048,56923,0.04,0.01,18,58,4.7,Metro,0
32909,21,6,212425,49819,0.12,0.52,22,13,4.0,Metro,0
32910,7,6,131647,42307,0.23,0.03,16,4,4.4,Metro,0
32911,17,4,238414,42709,0.27,0.08,12,8,4.9,Seoul,0
32912,2,21,1091587,44716,0.12,0.09,15,43,4.5,Other,0
32913,41,5,235904,47588,0.27,0.09,13,12,4.1,Metro,0
32914,20,9,450659,38803,0.18,0.07,21,8,4.0,Seoul,0
32915,124,21,1524414,10810,0.31,0.9,52,58,1.3,Metro,-1
32916,13,13,399908,32057,0.59,0.04,23,18,4.1,Seoul,0
32917,41,7,3423474,57903,0.84,0.56,36,69,4.9,Metro,-1
32918,19,3,151215,47707,0.39,0.14,11,17,4.3,Metro,0
32919,12,19,1214818,62648,0.15,0.02,20,29,4.8,Other,0
32920,29,1,62917,34131,0.47,0.17,4,7,4.2,Other,0
32921,11,3,66682,34012,0.29,0.57,18,14,3.5,Other,0
32922,8,14,604606,35436,0.17,0.1,17,26,4.9,Other,0
32923,20,5,258190,47812,0.88,0.04,20,13,4.7,Seoul,0
32924,22,4,148454,51370,0.4,0.06,17,22,5.0,Other,0
32925,4,18,948115,50310,0.21,0.04,29,22,4.3,Other,0
32926,46,7,487272,51496,0.42,0.15,16,4,4.1,Metro,0
32927,23,10,356075,45365,0.49,0.12,5,14,4.4,Other,0
32928,54,9,507058,49347,0.43,0.07,6,9,4.0,Other,0
32929,142,32,538495,20439,0.17,0.56,55,67,3.4,Metro,-1
32930,18,5,247045,39768,0.29,0.04,9,8,4.1,Metro,0
32931,17,7,275522,40886,0.39,0.12,7,10,3.8,Other,0
32932,18,3,102487,39442,0.64,0.12,10,28,4.5,Other,0
32933,15,7,142185,40348,0.08,0.27,10,6,4.3,Metro,0
32934,16,7,367109,54197,0.32,0.07,10,11,3.7,Seoul,0
32935,34,1,42083,44307,0.35,0.12,12,6,4.2,Seoul,0
32936,78,4,146108,31686,0.37,0.07,2,0,4.2,Seoul,0
32937,20,6,195379,45106,0.56,0.15,19,13,4.4,Seoul,0
32938,6,15,1152094,55183,0.24,0.07,18,36,4.6,Metro,0
32939,5,8,261424,28162,0.85,0.06,18,30,4.7,Metro,0
32940,5,23,1648362,48682,0.04,0.13,23,41,4.5,Other,0
32941,18,6,333910,44653,0.39,0.57,9,5,4.4,Seoul,0
32942,9,12,428776,27600,0.7,0.1,24,14,4.3,Seoul,0
32943,9,5,227702,35620,0.7,0.26,18,11,4.7,Metro,0
32944,7,8,425832,44291,0.77,0.05,23,24,4.7,Metro,0
32945,17,8,430628,49329,0.93,0.13,21,18,5.0,Seoul,0
32946,71,3,151792,47392,0.11,0.04,5,1,3.6,Other,0
32947,11,10,520269,40332,0.6,0.03,8,15,4.1,Metro,0
32948,13,8,260407,41982,0.73,0.1,22,12,4.5,Seoul,0
32949,23,6,200446,39927,0.34,0.62,15,15,3.5,Metro,0
32950,31,11,352166,38237,0.4,0.26,6,11,4.1,Seoul,0
32951,15,8,323887,57016,0.71,0.1,14,24,4.3,Metro,0
32952,0,7,256672,44123,0.43,0.04,13,7,5.0,Seoul,0
32953,12,18,1154030,51386,0.18,0.05,28,47,4.7,Seoul,0
32954,34,4,117789,33919,0.29,0.62,22,14,3.5,Metro,0
32955,7,9,330352,41037,0.57,0.07,17,17,3.9,Metro,0
32956,12,16,382089,31896,0.85,0.15,16,26,4.0,Seoul,0
32957,3,7,233372,37240,0.59,0.08,16,17,4.1,Metro,0
32958,6,17,1673860,69715,0.06,0.11,30,20,4.5,Other,0
32959,20,10,444383,42981,0.7,0.1,19,18,4.5,Metro,0
32960,35,8,441431,47538,0.17,0.76,12,8,3.9,Seoul,0
32961,24,8,254277,30336,0.37,0.2,18,1,4.8,Seoul,0
32962,25,10,175949,36892,0.12,0.64,17,15,3.7,Seoul,0
32963,8,17,834744,63832,0.12,0.01,23,24,4.4,Metro,0
32964,30,5,189718,32869,0.38,0.05,5,12,3.9,Seoul,0
32965,2,11,463076,45251,0.87,0.08,25,16,3.9,Seoul,0
32966,21,3,117118,39179,0.28,0.1,12,19,4.4,Other,0
32967,9,7,201964,37913,0.71,0.07,22,19,4.2,Metro,0
32968,5,9,312375,34585,0.84,0.05,13,11,4.7,Seoul,0
32969,30,9,330035,54942,0.18,0.11,17,15,3.9,Seoul,0
32970,8,7,323516,46342,0.8,0.15,14,2,4.5,Metro,0
32971,99,2,64129,40196,0.34,0.12,7,2,3.8,Other,0
32972,15,11,217079,26061,0.23,0.09,8,4,4.3,Metro,0
32973,9,23,927381,49513,0.1,0.17,24,34,4.9,Metro,0
32974,13,9,448863,65503,0.35,0.52,16,11,3.0,Metro,0
32975,43,5,194630,46129,0.35,0.04,9,6,4.7,Metro,0
32976,36,9,467223,57024,0.3,0.04,17,9,4.0,Other,0
32977,15,6,258197,51688,0.5,0.1,10,4,4.8,Seoul,0
32978,23,3,88640,42773,0.38,0.2,15,6,4.1,Seoul,0
32979,1,6,331769,40955,0.36,0.14,21,3,3.9,Seoul,0
32980,36,5,240528,48769,0.2,0.08,13,13,4.8,Metro,0
32981,10,7,290959,56573,0.28,0.17,10,15,3.9,Metro,0
32982,15,10,471558,42933,0.87,0.13,13,7,4.6,Metro,0
32983,4,10,544786,51243,0.02,0.13,16,57,4.7,Metro,0
32984,19,7,380765,49463,0.15,0.15,15,7,3.4,Other,0
32985,8,23,1159056,44784,0.27,0.04,28,42,4.7,Metro,0
32986,23,9,353142,39588,0.86,0.23,17,17,4.0,Seoul,0
32987,8,15,980923,60640,0.29,0.06,30,38,4.8,Seoul,0
32988,21,4,175804,44671,0.19,0.19,14,8,3.5,Seoul,0
32989,3,9,222104,45492,0.65,0.06,22,12,4.4,Metro,0
32990,121,8,4082134,160644,0.89,0.27,26,3,1.7,Metro,-1
32991,15,5,182404,44604,0.11,0.05,12,13,3.8,Metro,0
32992,29,10,379297,43830,0.39,0.02,16,6,4.1,Metro,0
32993,10,6,233271,41046,0.78,0.12,23,17,5.0,Other,0
32994,19,3,138274,48714,0.41,0.08,13,5,4.1,Metro,0
32995,35,8,210647,37257,0.27,0.03,8,14,4.7,Other,0
32996,99,1,31417,29608,0.1,0.01,10,1,4.5,Metro,0
32997,34,7,584828,69917,0.16,0.2,16,16,4.4,Seoul,0
32998,22,23,3699733,70037,0.75,0.43,53,41,2.3,Seoul,-1
32999,20,3,92068,35582,0.34,0.57,15,15,3.3,Other,0
33000,155,7,2149488,120264,0.04,0.35,71,39,2.7,Metro,-1
33001,15,5,207643,44422,0.55,0.03,11,11,4.5,Metro,0
33002,20,4,174572,41337,0.33,0.05,10,2,4.4,Seoul,0
33003,10,11,419196,40764,0.52,0.11,18,14,4.3,Seoul,0
33004,20,7,381403,50598,0.32,0.08,4,16,4.1,Metro,0
33005,8,13,678649,39268,0.34,0.06,33,18,4.6,Metro,0
33006,20,6,327923,52867,0.27,0.17,19,2,3.8,Other,0
33007,43,5,245502,36837,0.32,0.07,15,4,3.7,Other,0
33008,7,9,802770,55806,0.11,0.09,18,35,4.6,Seoul,0
33009,8,19,1477138,58512,0.16,0.22,26,34,4.6,Seoul,0
33010,27,7,225521,27618,0.22,0.13,10,8,4.4,Other,0
33011,15,4,176121,36253,0.74,0.27,26,14,4.6,Other,0
33012,5,10,222009,40022,0.52,0.36,15,11,4.0,Metro,0
33013,17,9,446936,45562,0.61,0.02,18,8,4.5,Seoul,0
33014,19,6,296578,36325,0.25,0.21,16,16,4.1,Seoul,0
33015,19,8,233508,35541,0.6,0.18,11,24,4.1,Seoul,0
33016,30,0,0,42772,0.38,0.05,10,11,4.4,Other,0
33017,30,11,240558,23518,0.68,0.37,12,19,3.3,Metro,0
33018,7,12,978420,62705,0.18,0.04,22,33,4.9,Metro,0
33019,114,12,1845554,141654,0.48,0.32,55,37,4.3,Seoul,-1
33020,18,11,381760,42224,0.88,0.01,21,27,3.9,Other,0
33021,75,1,36658,48375,0.16,0.1,7,4,4.2,Other,0
33022,47,5,160351,41846,0.41,0.04,7,10,4.9,Metro,0
33023,58,4,63777,37277,0.39,0.24,8,4,3.9,Other,0
33024,34,3,113538,28278,0.28,0.02,9,3,5.0,Metro,0
33025,7,9,232580,28901,0.8,0.1,17,19,3.7,Metro,0
33026,8,17,1039086,54413,0.22,0.05,22,32,4.7,Other,0
33027,5,9,395299,48613,0.8,0.08,18,7,4.5,Seoul,0
33028,24,5,334045,48951,0.34,0.01,14,17,4.1,Other,0
33029,15,5,273222,51084,0.24,0.07,6,9,4.5,Metro,0
33030,80,2,33952,30648,0.24,0.06,3,3,3.8,Other,0
33031,42,5,258767,44771,0.36,0.05,21,5,3.5,Seoul,0
33032,12,21,995015,52019,0.2,0.05,21,29,4.6,Metro,0
33033,14,6,285061,42129,0.59,0.04,20,12,4.1,Metro,0
33034,18,8,218431,34544,0.68,0.17,17,19,4.2,Other,0
33035,37,8,386148,46718,0.3,0.37,28,12,2.9,Seoul,0
33036,21,9,542491,46492,0.08,0.03,14,7,3.8,Metro,0
33037,8,5,175689,37121,0.49,0.13,17,17,4.2,Seoul,0
33038,2,13,1051742,70890,0.24,0.1,16,27,4.8,Other,0
33039,13,11,397995,53316,0.92,0.11,15,19,4.7,Metro,0
33040,29,5,170579,41925,0.46,0.14,8,11,4.5,Seoul,0
33041,62,5,181501,53804,0.29,0.12,7,4,3.8,Metro,0
33042,31,4,245346,58731,0.16,0.62,23,23,3.2,Seoul,0
33043,10,7,330567,49055,0.59,0.03,13,9,4.0,Other,0
33044,102,4,55703,29240,0.34,0.05,3,3,4.4,Metro,0
33045,33,3,107543,30699,0.35,0.06,9,7,3.9,Seoul,0
33046,13,6,285039,46445,0.2,0.36,15,9,3.7,Seoul,0
33047,105,3,77478,31398,0.05,0.17,9,4,4.0,Other,0
33048,20,5,187984,33802,0.46,0.24,3,12,3.9,Metro,0
33049,30,11,253680,40215,0.44,0.55,12,6,3.9,Other,0
33050,6,12,537248,42293,0.76,0.06,14,14,4.6,Seoul,0
33051,21,3,92655,30167,0.13,0.18,15,3,4.5,Metro,0
33052,6,15,1250060,55053,0.07,0.1,25,46,5.0,Metro,0
33053,0,8,622470,58157,0.42,0.13,18,11,4.2,Metro,0
33054,79,12,3063246,193958,0.25,0.9,55,15,1.9,Metro,-1
33055,11,11,429250,55932,0.45,0.23,13,3,4.3,Seoul,0
33056,88,6,195141,38002,0.33,0.12,6,7,3.8,Seoul,0
33057,16,2,65457,42333,0.23,0.07,10,8,4.4,Other,0
33058,13,12,390558,32654,0.96,0.06,27,13,4.0,Metro,0
33059,9,4,223883,53002,0.98,0.06,16,14,4.6,Seoul,0
33060,18,8,493969,51484,0.82,0.11,19,17,4.3,Metro,0
33061,27,8,515438,59144,0.2,0.06,17,3,4.2,Other,0
33062,50,4,146665,40578,0.36,0.1,6,0,3.3,Metro,0
33063,22,10,316342,35639,0.7,0.1,22,18,4.5,Metro,0
33064,23,2,119215,54091,0.45,0.04,8,7,4.3,Seoul,0
33065,64,2,44415,31977,0.3,0.19,8,3,4.1,Seoul,0
33066,70,1,19508,20313,0.28,0.25,5,4,4.1,Metro,0
33067,57,2,62531,38260,0.27,0.06,5,3,3.1,Seoul,0
33068,21,7,271747,39739,0.73,0.15,17,11,4.4,Metro,0
33069,53,4,150473,36839,0.37,0.08,9,0,4.3,Metro,0
33070,68,2,77772,29632,0.27,0.08,3,4,3.8,Seoul,0
33071,10,11,674752,60756,0.11,0.0,20,28,4.7,Metro,0
33072,12,7,69997,35361,0.27,0.64,17,13,3.5,Other,0
33073,4,1,21760,44021,0.25,0.08,12,7,3.5,Metro,0
33074,20,6,175536,33965,0.15,0.19,7,4,4.4,Other,0
33075,34,7,303184,48958,0.4,0.21,8,10,4.3,Other,0
33076,29,5,149595,31987,0.55,0.69,26,6,4.0,Other,0
33077,14,4,137351,38797,0.85,0.11,18,19,3.9,Metro,0
33078,20,5,278823,52700,0.28,0.06,20,9,4.2,Metro,0
33079,25,1,30010,59916,0.18,0.04,8,11,3.8,Other,0
33080,22,5,132855,28774,0.6,0.17,21,19,4.2,Seoul,0
33081,7,13,608437,44273,0.93,0.11,14,17,3.7,Metro,0
33082,9,14,738802,50684,0.4,0.03,14,33,4.6,Other,0
33083,56,5,202106,55400,0.36,0.06,15,16,4.1,Seoul,0
33084,26,6,240743,46895,0.14,0.2,8,16,4.1,Metro,0
33085,42,4,168334,46184,0.57,0.24,11,8,3.3,Other,0
33086,26,5,364827,47916,0.79,0.11,10,14,4.5,Seoul,0
33087,7,9,467980,46598,0.67,0.09,14,22,4.5,Other,0
33088,78,2,40817,35128,0.35,0.01,11,5,4.1,Other,0
33089,33,6,254483,40782,0.49,0.03,14,10,4.2,Seoul,0
33090,31,7,190825,39650,0.34,0.6,16,15,3.2,Metro,0
33091,34,9,391327,59413,0.25,0.12,13,5,4.1,Seoul,0
33092,26,3,88822,35749,0.35,0.6,20,5,4.5,Seoul,0
33093,23,5,173726,35223,0.52,0.07,8,9,4.4,Seoul,0
33094,12,5,221869,46622,0.33,0.22,9,16,4.2,Metro,0
33095,84,1,17420,31518,0.1,0.06,5,2,3.8,Seoul,0
33096,9,26,2103000,60519,0.24,0.06,16,35,5.0,Seoul,0
33097,18,19,1105948,43355,0.43,0.03,14,41,5.0,Other,0
33098,99,3,66900,29331,0.07,0.17,5,7,4.8,Metro,0
33099,0,9,381773,42229,0.61,0.06,27,26,4.2,Seoul,0
33100,24,9,458376,48595,0.63,0.03,15,15,4.4,Metro,0
33101,7,9,237898,43610,0.34,0.52,17,11,4.0,Metro,0
33102,9,8,131544,34053,0.76,0.09,19,14,4.1,Metro,0
33103,15,6,382690,45632,0.45,0.46,24,23,3.8,Seoul,0
33104,5,3,160614,33659,0.33,0.06,16,17,4.1,Other,0
33105,38,6,201973,33124,0.37,0.06,13,5,4.1,Other,0
33106,32,11,592992,52672,0.6,0.08,3,20,4.2,Other,0
33107,15,11,630723,54728,0.76,0.12,11,21,4.8,Metro,0
33108,31,7,246582,51667,0.31,0.04,17,0,3.5,Metro,0
33109,7,9,377292,36595,0.83,0.17,25,11,4.0,Seoul,0
33110,24,6,236520,36934,0.32,0.67,20,22,2.8,Seoul,0
33111,31,7,257393,37373,0.89,0.11,16,10,4.3,Metro,0
33112,27,9,327228,37973,0.79,0.13,16,14,4.0,Metro,0
33113,23,2,123939,47003,0.37,0.02,12,11,3.9,Metro,0
33114,17,9,367912,45817,0.31,0.02,11,6,4.2,Seoul,0
33115,73,4,101163,35868,0.23,0.11,8,0,4.7,Metro,0
33116,41,5,203609,32352,0.7,0.11,13,0,3.6,Other,0
33117,25,5,147514,37463,0.8,0.12,17,20,4.5,Metro,0
33118,29,5,356942,45443,0.17,0.1,4,15,4.1,Seoul,0
33119,15,10,365961,40651,0.66,0.09,31,13,4.7,Other,0
33120,21,7,220050,40380,0.7,0.16,20,18,3.8,Seoul,0
33121,14,7,351784,42907,0.54,0.07,17,6,4.6,Other,0
33122,22,11,477934,36269,0.61,0.03,4,22,4.9,Seoul,0
33123,11,8,448901,43166,0.81,0.07,25,27,4.4,Other,0
33124,68,5,77311,32943,0.6,0.06,6,4,3.3,Other,0
33125,25,8,213028,34367,0.86,0.03,15,13,4.2,Seoul,0
33126,11,13,480997,47127,0.89,0.08,14,21,4.4,Metro,0
33127,3,3,124839,54098,0.35,0.1,8,10,3.9,Seoul,0
33128,9,15,713194,51303,0.02,0.13,19,28,4.9,Metro,0
33129,24,6,177663,33262,0.32,0.12,13,12,3.8,Seoul,0
33130,10,7,270302,43285,0.12,0.77,22,19,4.3,Metro,0
33131,48,3,64877,31280,0.27,0.28,0,3,3.8,Metro,0
33132,0,9,511195,53634,0.44,0.68,13,6,3.2,Seoul,0
33133,12,14,643730,45334,0.09,0.06,25,43,4.6,Seoul,0
33134,6,16,793707,50160,0.07,0.06,18,30,4.6,Seoul,0
33135,21,1,40440,32015,0.22,0.13,7,6,4.4,Metro,0
33136,0,3,99508,45803,0.56,0.2,15,14,3.7,Other,0
33137,16,8,384518,49896,0.25,0.1,6,8,4.0,Other,0
33138,3,17,1196230,65004,0.25,0.01,28,34,4.3,Other,0
33139,56,6,295000,50342,0.14,0.03,11,15,3.5,Other,0
33140,81,3,100032,45725,0.51,0.06,12,4,4.4,Seoul,0
33141,12,6,228839,47040,0.9,0.13,14,17,4.2,Seoul,0
33142,11,10,328644,41959,0.78,0.12,25,19,5.0,Seoul,0
33143,32,15,344149,28893,0.34,0.57,11,7,3.5,Other,0
33144,6,14,947812,50101,0.13,0.02,21,48,4.9,Other,0
33145,0,4,217352,53894,0.25,0.12,19,8,4.0,Seoul,0
33146,11,6,121313,44444,0.61,0.0,8,15,3.4,Other,0
33147,0,8,245023,28086,0.3,0.11,12,12,4.2,Seoul,0
33148,6,7,535148,47645,0.57,0.34,7,18,4.6,Seoul,0
33149,3,8,368485,53697,0.27,0.04,4,12,4.1,Other,0
33150,15,12,332601,37452,0.82,0.1,18,17,4.7,Seoul,0
33151,10,18,1033802,60746,0.13,0.08,20,27,4.7,Metro,0
33152,11,3,72551,37405,0.42,0.14,15,16,4.2,Seoul,0
33153,65,0,7369,30041,0.29,0.11,5,5,3.9,Metro,0
33154,9,12,1078279,67138,0.13,0.03,22,41,4.3,Other,0
33155,11,13,467705,44178,0.83,0.14,10,16,4.7,Seoul,0
33156,17,16,625159,35786,0.95,0.13,17,13,5.0,Seoul,0
33157,9,12,746667,54779,0.16,0.06,30,43,4.9,Seoul,0
33158,6,17,1722416,62950,0.05,0.03,14,37,4.6,Seoul,0
33159,5,0,0,37330,0.42,0.34,20,13,3.4,Metro,0
33160,11,7,240963,42242,0.88,0.09,14,11,4.8,Metro,0
33161,20,7,131382,42131,0.39,0.35,10,16,3.5,Seoul,0
33162,22,6,85100,40891,0.24,0.55,23,12,3.6,Metro,0
33163,6,11,780907,59249,0.07,0.06,32,34,4.7,Seoul,0
33164,46,4,212040,41765,0.12,0.02,12,12,3.9,Other,0
33165,36,11,198637,23410,0.18,0.12,12,14,3.9,Metro,0
33166,22,5,204283,40480,0.3,0.08,13,10,4.4,Other,0
33167,6,19,1143296,55931,0.13,0.09,28,52,4.4,Other,0
33168,20,6,303899,40937,0.75,0.02,20,25,4.4,Other,0
33169,10,16,1181600,61003,0.17,0.13,22,35,4.8,Metro,0
33170,45,5,228969,57380,0.48,0.02,8,10,3.8,Metro,0
33171,10,11,583943,58521,0.12,0.52,20,11,4.7,Other,0
33172,19,6,158092,39000,0.52,0.09,6,17,3.8,Metro,0
33173,14,7,236484,33495,0.24,0.21,13,10,3.4,Metro,0
33174,16,7,102972,30168,0.25,0.58,26,15,3.5,Seoul,0
33175,20,4,175965,60641,0.22,0.13,19,2,3.8,Other,0
33176,127,26,302578,68613,0.89,0.69,30,66,3.1,Other,-1
33177,6,0,0,48535,0.33,0.33,14,12,3.9,Other,0
33178,13,35,3378013,157681,0.7,0.86,63,21,1.0,Other,-1
33179,3,16,607787,49902,0.36,0.09,20,32,4.7,Seoul,0
33180,2,5,263637,47284,0.23,0.26,5,17,3.5,Other,0
33181,34,5,115076,18668,0.3,0.68,11,21,3.5,Seoul,0
33182,25,11,846396,60409,0.72,0.1,16,8,4.4,Seoul,0
33183,62,1,37229,37700,0.27,0.09,6,5,3.6,Seoul,0
33184,15,12,397710,33411,0.85,0.09,10,18,5.0,Metro,0
33185,10,9,460956,47326,0.1,0.06,24,36,4.6,Metro,0
33186,4,19,922537,46857,0.02,0.02,19,43,5.0,Metro,0
33187,21,24,1636461,167392,0.43,0.93,7,76,5.0,Metro,-1
33188,29,2,73047,36931,0.58,0.18,6,10,4.3,Other,0
33189,9,15,738282,62955,0.2,0.15,28,33,4.5,Seoul,0
33190,30,7,184897,23329,0.77,0.07,18,18,4.2,Seoul,0
33191,22,10,265966,37537,0.82,0.05,18,18,4.3,Seoul,0
33192,6,23,1626673,64035,0.21,0.04,18,18,4.6,Other,0
33193,10,7,268245,40629,0.43,0.1,3,7,3.9,Other,0
33194,31,7,696852,57952,0.37,0.04,21,7,4.2,Seoul,0
33195,31,8,174022,36821,0.31,0.03,8,6,4.0,Metro,0
33196,63,3,72087,24475,0.34,0.08,4,7,3.1,Seoul,0
33197,18,3,205882,55288,0.16,0.04,10,9,4.8,Metro,0
33198,13,20,706171,50704,0.19,0.13,22,39,4.8,Seoul,0
33199,29,17,431781,29991,0.78,0.18,12,22,4.1,Metro,0
33200,1,6,298980,55455,0.47,0.65,8,23,3.9,Other,0
33201,14,7,465467,46142,0.15,0.05,18,3,3.5,Metro,0
33202,29,11,285741,31623,0.41,0.63,18,23,3.7,Metro,0
33203,18,2,45860,37822,0.4,0.45,16,1,3.9,Seoul,0
33204,34,7,254071,46190,0.21,0.2,20,0,4.5,Metro,0
33205,10,8,156081,47796,0.36,0.23,8,0,4.4,Metro,0
33206,88,2,58584,29058,0.35,0.06,5,2,4.2,Metro,0
33207,5,12,459317,37912,0.11,0.02,26,26,4.5,Other,0
33208,8,8,451103,49602,0.12,0.12,28,41,4.5,Seoul,0
33209,9,13,862794,59383,0.08,0.04,17,35,4.9,Metro,0
33210,4,11,616158,54466,0.29,0.06,27,43,4.8,Seoul,0
33211,73,2,69438,37684,0.13,0.2,6,2,3.7,Seoul,0
33212,30,10,291579,27969,0.4,0.16,11,10,4.3,Metro,0
33213,46,8,320688,46826,0.17,0.07,16,14,3.7,Other,0
33214,30,9,335418,42419,0.32,0.08,21,2,4.1,Metro,0
33215,7,23,1424312,56443,0.09,0.04,16,27,4.8,Metro,0
33216,4,6,200376,28482,0.4,0.01,6,21,4.3,Metro,0
33217,105,1,22130,37384,0.27,0.14,0,6,5.0,Other,0
33218,6,16,764845,50813,0.14,0.02,9,31,4.7,Seoul,0
33219,14,9,339643,36913,0.96,0.13,8,16,3.9,Metro,0
33220,2,12,385373,32917,0.95,0.11,19,22,4.1,Seoul,0
33221,9,14,605239,35668,0.68,0.06,17,30,4.1,Metro,0
33222,7,5,118058,43376,0.3,0.19,13,14,4.6,Metro,0
33223,22,9,268949,39169,0.4,0.08,10,11,4.3,Other,0
33224,35,3,129523,45384,0.47,0.12,6,18,3.5,Seoul,0
33225,5,20,1372685,63113,0.17,0.08,18,32,4.6,Seoul,0
33226,29,10,194538,35315,0.58,0.2,17,8,4.2,Seoul,0
33227,18,8,245337,33864,0.37,0.16,18,10,4.5,Seoul,0
33228,10,17,427925,34546,0.92,0.21,17,17,4.2,Seoul,0
33229,5,5,140194,43855,0.35,0.15,15,2,5.0,Other,0
33230,51,2,42955,31695,0.2,0.19,8,5,4.4,Metro,0
33231,99,1,28456,37792,0.26,0.03,9,0,3.4,Metro,0
33232,5,15,953869,57746,0.12,0.03,27,23,4.6,Seoul,0
33233,43,2,50675,39442,0.33,0.03,15,11,3.9,Seoul,0
33234,11,15,839150,59692,0.12,0.05,22,44,4.7,Seoul,0
33235,7,10,399896,48741,0.82,0.1,22,6,4.6,Seoul,0
33236,5,16,1030130,56273,0.22,0.07,19,22,4.9,Seoul,0
33237,22,8,490248,56309,0.48,0.24,19,16,3.4,Other,0
33238,0,13,495936,41660,0.94,0.11,8,17,4.4,Other,0
33239,64,2,31760,40142,0.11,0.16,1,4,4.2,Seoul,0
33240,21,7,278083,49528,0.92,0.09,18,17,4.7,Metro,0
33241,42,6,286366,39963,0.1,0.04,11,13,4.9,Seoul,0
33242,8,4,144768,32016,0.27,0.05,14,9,4.2,Metro,0
33243,14,12,493950,38534,0.51,0.34,25,18,4.3,Metro,0
33244,1,9,284509,42283,0.95,0.25,21,20,4.4,Metro,0
33245,9,20,1393264,59195,0.05,0.13,22,44,4.8,Other,0
33246,33,2,82086,42484,0.45,0.03,15,9,3.5,Metro,0
33247,21,8,317553,48500,0.96,0.13,17,6,4.5,Metro,0
33248,28,5,198377,48769,0.63,0.01,24,4,4.8,Seoul,0
33249,33,8,404992,45471,0.4,0.18,4,18,3.9,Metro,0
33250,73,4,197348,42695,0.29,0.28,7,5,3.9,Other,0
33251,19,3,79343,39306,0.32,0.67,25,18,3.6,Seoul,0
33252,43,6,208773,39683,0.34,0.1,9,1,4.5,Metro,0
33253,29,3,120156,39885,0.82,0.11,11,20,4.3,Seoul,0
33254,84,2,85750,43332,0.17,0.06,3,3,4.2,Other,0
33255,8,17,1079375,58669,0.07,0.04,22,38,4.5,Seoul,0
33256,42,5,123620,28225,0.21,0.05,11,19,3.8,Other,0
33257,1,12,887148,47575,0.12,0.16,26,33,4.9,Metro,0
33258,9,4,276158,53162,0.72,0.15,15,15,5.0,Other,0
33259,31,2,92687,35333,0.4,0.03,14,6,4.6,Metro,0
33260,9,22,1397785,57985,0.02,0.15,12,38,4.4,Seoul,0
33261,1,15,949633,61332,0.13,0.09,21,38,4.6,Other,0
33262,22,6,170261,36302,0.09,0.15,19,2,4.3,Metro,0
33263,10,14,924943,64241,0.13,0.14,23,32,4.5,Metro,0
33264,94,2,61672,47673,0.16,0.09,5,6,3.5,Seoul,0
33265,17,10,347695,45297,0.68,0.08,16,23,4.3,Metro,0
33266,104,17,418254,165839,0.15,0.13,51,29,3.8,Seoul,-1
33267,20,6,327867,46334,0.87,0.07,20,23,4.0,Other,0
33268,21,10,670539,50550,0.42,0.1,17,9,3.9,Metro,0
33269,26,5,189852,33889,0.45,0.52,14,18,3.3,Metro,0
33270,5,5,247372,58329,0.22,0.02,14,37,4.5,Seoul,0
33271,27,8,231932,45210,0.42,0.43,7,18,3.2,Other,0
33272,22,6,263621,50223,0.32,0.09,11,9,3.8,Metro,0
33273,58,5,277206,45802,0.13,0.03,15,11,3.9,Metro,0
33274,26,8,333956,39880,0.41,0.11,11,7,3.9,Metro,0
33275,34,9,571965,54730,0.4,0.05,13,18,3.5,Seoul,0
33276,30,9,493226,48661,0.4,0.14,17,13,3.7,Seoul,0
33277,95,3,148576,38861,0.17,0.17,7,0,4.1,Metro,0
33278,13,7,196630,24320,0.58,0.15,0,10,5.0,Metro,0
33279,6,14,488847,42190,0.62,0.05,18,9,4.3,Other,0
33280,7,19,1084289,47278,0.26,0.0,14,41,5.0,Metro,0
33281,31,2,147915,57238,0.25,0.06,11,9,4.0,Other,0
33282,2,16,766110,48509,0.07,0.14,20,27,4.4,Seoul,0
33283,13,6,230560,40582,0.72,0.03,15,18,5.0,Other,0
33284,7,16,833411,51519,0.07,0.02,22,38,4.5,Other,0
33285,22,10,444166,42672,0.8,0.22,23,12,4.6,Seoul,0
33286,17,8,274698,41538,0.44,0.1,7,23,4.3,Metro,0
33287,14,5,354428,51465,0.4,0.04,8,8,3.9,Metro,0
33288,95,3,125666,26888,0.3,0.06,9,0,4.4,Metro,0
33289,11,14,806968,56516,0.11,0.1,22,14,4.8,Seoul,0
33290,69,5,92391,35634,0.3,0.1,7,5,4.3,Other,0
33291,110,4,92060,27848,0.25,0.01,2,1,4.4,Other,0
33292,32,5,204768,47235,0.4,0.2,9,9,4.6,Metro,0
33293,10,4,61220,31388,0.47,0.25,3,8,4.5,Metro,0
33294,86,0,5412,44760,0.18,0.06,6,3,5.0,Seoul,0
33295,15,3,83615,48985,0.38,0.04,7,1,3.7,Other,0
33296,14,6,188039,58528,0.25,0.44,10,12,3.9,Seoul,0
33297,36,7,334149,38794,0.53,0.15,18,16,4.0,Seoul,0
33298,75,3,65377,37951,0.2,0.02,4,5,4.8,Seoul,0
33299,67,4,241795,47299,0.02,0.08,3,4,4.0,Seoul,0
33300,4,14,668279,54022,0.24,0.02,19,20,4.6,Seoul,0
33301,26,2,103568,39229,0.69,0.4,8,14,3.8,Seoul,0
33302,14,8,378258,47259,0.86,0.08,15,15,4.0,Metro,0
33303,3,9,244812,27177,0.79,0.14,25,34,4.1,Seoul,0
33304,38,10,178513,36821,0.23,0.65,9,16,3.5,Metro,0
33305,32,8,260041,25663,0.48,0.12,25,10,3.8,Seoul,0
33306,5,15,500964,46010,0.05,0.01,18,40,4.7,Metro,0
33307,9,18,826629,45962,0.13,0.02,20,32,5.0,Other,0
33308,149,20,4550732,81755,0.14,0.33,27,23,3.6,Other,-1
33309,40,4,175654,36034,0.28,0.07,13,5,3.7,Seoul,0
33310,0,15,516081,30044,0.02,0.12,29,35,4.6,Metro,0
33311,6,7,150307,43749,0.49,0.42,15,17,3.8,Metro,0
33312,10,4,163482,50008,0.2,0.34,9,10,3.3,Seoul,0
33313,31,8,308255,44277,0.37,0.03,20,13,3.9,Metro,0
33314,120,13,3814635,22823,0.18,0.48,54,96,2.3,Other,-1
33315,23,12,376571,39543,0.96,0.2,17,12,4.9,Other,0
33316,15,20,1507993,53946,0.04,0.08,9,32,4.7,Seoul,0
33317,38,7,221824,36970,0.41,0.15,19,7,4.0,Seoul,0
33318,9,16,1442410,73562,0.14,0.07,26,27,4.8,Seoul,0
33319,10,14,1168729,69374,0.07,0.02,21,22,4.8,Metro,0
33320,5,11,570788,46779,0.57,0.05,13,16,4.4,Seoul,0
33321,6,17,1169746,47174,0.06,0.03,25,19,4.7,Seoul,0
33322,68,2,93737,46752,0.34,0.05,6,3,3.7,Other,0
33323,39,6,254545,40723,0.29,0.16,10,13,3.9,Other,0
33324,36,6,230197,43991,0.18,0.17,9,21,3.9,Metro,0
33325,34,4,157982,49043,0.38,0.08,13,18,4.7,Metro,0
33326,7,8,276110,37362,0.17,0.17,21,16,4.0,Seoul,0
33327,87,4,112085,40429,0.16,0.08,8,1,3.9,Seoul,0
33328,35,9,291893,41645,0.34,0.14,18,11,4.4,Seoul,0
33329,10,6,167008,31714,0.2,0.09,19,11,4.3,Seoul,0
33330,15,11,425754,43738,0.76,0.06,13,11,4.3,Seoul,0
33331,3,4,212510,52321,0.27,0.73,4,6,4.4,Metro,0
33332,18,11,350193,34115,0.62,0.18,18,16,4.2,Seoul,0
33333,0,11,641429,56199,0.06,0.06,29,41,4.8,Metro,0
33334,15,5,129795,25426,0.94,0.11,13,17,4.3,Seoul,0
33335,80,2,42894,42213,0.19,0.1,4,3,4.4,Other,0
33336,61,3,127470,45590,0.2,0.08,7,4,3.7,Metro,0
33337,18,5,185073,32033,0.2,0.06,5,16,4.2,Metro,0
33338,15,7,270178,53171,0.37,0.17,7,1,4.0,Seoul,0
33339,32,12,749671,53906,0.66,0.13,19,14,4.8,Metro,0
33340,6,4,229883,56762,0.37,0.09,10,9,4.7,Metro,0
33341,19,6,316245,40690,0.67,0.11,16,27,4.2,Seoul,0
33342,27,9,354621,44849,0.43,0.04,19,6,4.4,Other,0
33343,13,9,366438,52598,0.53,0.03,16,25,4.2,Seoul,0
33344,10,17,815352,43283,0.16,0.02,17,32,4.8,Seoul,0
33345,25,9,378737,40072,0.11,0.11,15,7,4.1,Other,0
33346,41,7,215747,38761,0.16,0.21,3,12,3.9,Seoul,0
33347,39,5,251398,53986,0.47,0.03,11,13,3.9,Metro,0
33348,27,6,34692,8007,0.25,0.18,9,6,4.7,Other,0
33349,34,2,112284,63465,0.48,0.03,11,2,4.5,Seoul,0
33350,104,1,18199,26832,0.58,0.1,2,2,2.9,Other,0
33351,5,10,480271,44503,0.16,0.04,28,43,4.7,Metro,0
33352,9,12,760736,45420,0.14,0.05,14,32,4.6,Seoul,0
33353,6,8,463962,53196,0.06,0.05,23,38,4.8,Metro,0
33354,18,8,363027,47565,0.66,0.14,18,12,4.6,Metro,0
33355,48,1,21946,39983,0.43,0.11,7,2,4.3,Metro,0
33356,47,4,99399,42433,0.05,0.16,1,3,4.0,Metro,0
33357,24,4,96943,43727,0.66,0.16,23,15,4.9,Seoul,0
33358,52,3,54154,26524,0.5,0.06,7,4,3.6,Seoul,0
33359,24,8,153688,20105,0.18,0.11,11,11,4.3,Metro,0
33360,27,4,177146,65145,0.45,0.06,10,9,4.4,Seoul,0
33361,15,10,239225,36445,0.74,0.13,23,23,4.1,Other,0
33362,14,8,230311,24490,0.62,0.08,15,15,4.1,Seoul,0
33363,23,12,213453,21367,0.47,0.02,6,5,3.3,Seoul,0
33364,28,5,98678,22688,0.34,0.06,16,12,4.4,Other,0
33365,2,37,4722864,126412,0.71,0.59,66,79,4.3,Metro,-1
33366,11,14,514782,41739,0.61,0.14,20,14,4.4,Metro,0
33367,33,4,151266,34933,0.44,0.02,11,6,4.6,Seoul,0
33368,10,7,163664,41581,0.72,0.15,8,7,4.8,Other,0
33369,8,15,794850,53540,0.02,0.05,21,34,4.8,Metro,0
33370,83,1,32067,53298,0.35,0.19,9,4,3.3,Seoul,0
33371,20,7,198035,53813,0.33,0.09,15,14,3.2,Seoul,0
33372,4,22,1557814,57022,0.01,0.01,22,35,4.3,Seoul,0
33373,34,9,479712,39896,0.56,0.09,10,13,3.5,Other,0
33374,15,5,221797,45155,0.78,0.1,12,10,4.2,Other,0
33375,101,28,3810418,115176,0.62,0.23,45,82,3.0,Seoul,-1
33376,82,3,107684,46740,0.37,0.04,5,5,4.1,Seoul,0
33377,10,16,877405,60306,0.17,0.06,16,36,4.5,Metro,0
33378,74,21,4677161,38505,0.88,0.24,14,95,2.4,Metro,-1
33379,58,0,0,46806,0.25,0.05,8,3,4.5,Seoul,0
33380,18,3,224108,59179,0.23,0.48,23,10,3.6,Other,0
33381,10,9,298699,34224,0.56,0.18,21,24,4.5,Seoul,0
33382,19,4,85286,40227,0.62,0.06,7,15,4.3,Metro,0
33383,16,8,515526,50484,0.3,0.57,18,5,2.7,Other,0
33384,37,5,162709,40178,0.38,0.11,2,4,3.6,Metro,0
33385,1,6,196624,43246,0.72,0.11,22,13,4.5,Other,0
33386,16,9,442156,55951,0.51,0.01,16,15,4.4,Seoul,0
33387,30,10,451888,52496,0.38,0.09,14,15,4.1,Metro,0
33388,24,16,665637,45088,0.3,0.53,8,12,4.3,Metro,0
33389,62,2,59408,41271,0.54,0.02,7,5,3.5,Other,0
33390,22,11,566097,43243,0.65,0.08,23,26,3.8,Metro,0
33391,2,19,1172340,52305,0.06,0.11,25,31,4.6,Metro,0
33392,27,5,178356,37565,0.35,0.03,14,16,3.8,Other,0
33393,27,3,122609,44724,0.43,0.4,17,17,4.3,Other,0
33394,16,25,1661633,55290,0.23,0.07,32,25,4.7,Other,0
33395,36,6,128360,39899,0.17,0.12,11,12,3.8,Other,0
33396,20,12,367111,26009,0.21,0.49,14,14,3.5,Other,0
33397,16,18,865353,46249,0.31,0.02,16,41,4.9,Seoul,0
33398,14,13,694511,44244,0.18,0.09,23,48,5.0,Seoul,0
33399,24,9,249929,26266,0.26,0.15,9,10,3.9,Other,0
33400,16,8,335080,48686,0.52,0.2,12,13,3.9,Other,0
33401,137,17,4979984,164889,0.43,0.22,53,18,2.7,Other,-1
33402,17,5,188541,42535,0.32,0.06,15,16,3.5,Metro,0
33403,45,3,171591,46490,0.58,0.2,14,10,4.9,Metro,0
33404,32,11,516064,39520,0.26,0.51,12,12,3.6,Metro,0
33405,19,4,261355,48687,0.09,0.13,8,15,4.8,Metro,0
33406,18,8,638491,57005,0.37,0.21,17,0,4.6,Metro,0
33407,19,2,44884,39493,0.25,0.09,12,1,4.1,Metro,0
33408,10,7,359829,48902,0.97,0.07,12,19,4.6,Metro,0
33409,22,6,303234,43487,0.14,0.13,12,15,3.8,Seoul,0
33410,7,16,1090983,60194,0.2,0.05,20,31,4.8,Seoul,0
33411,20,5,339815,57098,0.34,0.09,9,12,3.5,Metro,0
33412,12,13,709600,52297,0.08,0.02,30,29,4.7,Other,0
33413,32,4,143780,41438,0.34,0.2,10,12,4.5,Other,0
33414,7,14,921745,40031,0.04,0.01,19,31,4.7,Other,0
33415,15,9,402089,39852,0.79,0.13,13,16,4.2,Seoul,0
33416,9,5,184508,45099,0.7,0.12,18,15,4.6,Seoul,0
33417,26,5,195991,42187,0.25,0.18,13,8,4.0,Seoul,0
33418,18,8,717968,66756,0.57,0.06,5,1,4.9,Seoul,0
33419,1,20,1229227,54495,0.19,0.04,21,34,4.8,Metro,0
33420,34,7,290850,42594,0.37,0.03,10,16,4.2,Metro,0
33421,28,9,657189,58618,0.31,0.26,9,14,4.2,Seoul,0
33422,9,13,455184,44019,0.81,0.08,17,29,5.0,Seoul,0
33423,41,4,144819,37972,0.52,0.02,11,16,3.8,Metro,0
33424,74,1,13939,30411,0.42,0.19,2,1,4.0,Seoul,0
33425,7,9,411412,48129,0.88,0.15,18,18,4.4,Metro,0
33426,29,2,74673,38913,0.24,0.09,13,0,4.9,Seoul,0
33427,13,20,887453,45009,0.2,0.13,16,35,4.7,Seoul,0
33428,23,6,194925,24945,0.48,0.12,5,15,3.3,Metro,0
33429,17,5,119109,35608,0.42,0.47,12,15,2.9,Other,0
33430,23,6,205532,48505,0.15,0.23,20,15,4.2,Seoul,0
33431,27,5,255638,49454,0.46,0.19,12,13,3.9,Metro,0
33432,29,1,37475,43805,0.51,0.06,15,10,4.5,Other,0
33433,6,6,303901,42590,0.29,0.52,22,6,3.4,Other,0
33434,21,9,378876,36261,0.8,0.02,16,15,4.2,Seoul,0
33435,12,9,529811,68283,0.06,0.06,23,27,4.6,Metro,0
33436,25,8,493627,47127,0.54,0.16,17,7,4.2,Seoul,0
33437,22,11,247390,20504,0.7,0.08,19,23,4.8,Seoul,0
33438,14,5,168128,40342,0.39,0.1,5,22,4.1,Other,0
33439,7,13,872545,50369,0.1,0.04,22,23,4.7,Other,0
33440,20,0,0,50876,0.24,0.02,21,13,3.9,Other,0
33441,10,7,313081,40383,0.82,0.1,21,12,5.0,Seoul,0
33442,2,10,243575,33897,0.79,0.05,25,18,4.3,Metro,0
33443,2,14,880678,60452,0.09,0.01,26,35,4.8,Seoul,0
33444,53,4,110703,27852,0.65,0.06,2,4,5.0,Metro,0
33445,33,8,208585,29663,0.37,0.16,13,8,4.3,Other,0
33446,20,4,95490,31444,0.49,0.06,15,7,4.2,Other,0
33447,30,8,259867,43631,0.34,0.06,7,14,4.7,Other,0
33448,25,7,423490,57929,0.21,0.15,6,8,4.3,Other,0
33449,9,4,150451,37977,0.49,0.07,19,18,5.0,Metro,0
33450,33,6,264158,40454,0.1,0.2,14,9,4.4,Metro,0
33451,24,0,7560,30617,0.24,0.3,10,6,4.6,Other,0
33452,25,2,156535,52736,0.29,0.11,20,10,4.0,Seoul,0
33453,5,18,1103767,63712,0.22,0.16,18,7,4.8,Metro,0
33454,0,21,1137280,47361,0.06,0.01,18,34,4.7,Seoul,0
33455,33,5,167533,37049,0.31,0.74,9,17,3.6,Metro,0
33456,33,4,150894,44336,0.4,0.05,8,10,4.9,Seoul,0
33457,16,8,237707,32184,0.21,0.4,15,13,3.5,Seoul,0
33458,1,7,449439,52759,0.18,0.41,11,9,2.6,Metro,0
33459,11,27,1833529,55608,0.23,0.14,25,27,4.6,Other,0
33460,35,11,352289,42755,0.18,0.07,7,16,4.2,Metro,0
33461,90,2,46791,37206,0.11,0.09,5,4,4.4,Other,0
33462,33,8,316232,39337,0.26,0.2,7,11,4.2,Metro,0
33463,1,14,1030686,59428,0.23,0.03,30,41,5.0,Seoul,0
33464,6,7,192714,41196,0.8,0.08,26,20,4.5,Metro,0
33465,16,5,304531,51283,0.21,0.09,24,0,5.0,Metro,0
33466,30,4,113809,38050,0.39,0.07,20,23,4.1,Metro,0
33467,26,6,465234,56014,0.5,0.14,7,7,4.5,Seoul,0
33468,14,6,180206,42668,0.7,0.12,18,21,4.9,Seoul,0
33469,12,8,261162,26003,0.77,0.06,20,12,4.4,Metro,0
33470,0,6,128790,29471,0.07,0.5,6,17,3.6,Seoul,0
33471,106,3,112030,43575,0.36,0.16,6,8,3.9,Metro,0
33472,71,3,122119,42340,0.35,0.09,4,2,3.9,Metro,0
33473,30,8,329372,43763,0.45,0.05,10,2,3.5,Seoul,0
33474,81,3,115517,51682,0.74,0.05,2,1,3.7,Seoul,0
33475,47,7,495585,52119,0.27,0.09,10,15,3.6,Metro,0
33476,76,3,124242,35514,0.25,0.01,0,1,3.9,Metro,0
33477,22,2,166746,51066,0.37,0.21,3,14,4.6,Metro,0
33478,3,5,397783,66651,0.14,0.5,20,0,3.3,Seoul,0
33479,11,5,107801,35095,0.48,0.67,22,12,3.0,Metro,0
33480,25,10,358852,32370,0.33,0.14,11,8,3.9,Other,0
33481,102,3,116573,35120,0.44,0.12,11,2,3.7,Metro,0
33482,18,7,335380,47300,0.21,0.11,15,4,4.5,Other,0
33483,23,5,141326,40585,0.43,0.06,12,11,4.8,Seoul,0
33484,17,7,280465,48909,0.29,0.02,11,8,3.8,Seoul,0
33485,12,9,278134,42456,0.39,0.04,10,10,5.0,Seoul,0
33486,2,7,129312,26056,0.35,0.24,10,10,3.8,Other,0
33487,17,7,377603,50115,0.54,0.11,13,0,4.4,Metro,0
33488,17,10,241841,22911,0.19,0.13,19,7,4.7,Seoul,0
33489,3,11,384242,29725,0.81,0.12,27,14,4.4,Metro,0
33490,113,2,80171,38062,0.41,0.1,11,4,3.8,Seoul,0
33491,24,4,118155,44274,0.31,0.17,10,8,4.3,Seoul,0
33492,8,14,885139,55924,0.12,0.08,26,43,4.8,Metro,0
33493,19,4,186469,60055,0.27,0.02,8,10,4.5,Metro,0
33494,37,5,214037,55610,0.34,0.07,7,10,3.9,Metro,0
33495,4,18,1202586,57889,0.15,0.03,33,44,4.9,Metro,0
33496,28,8,515586,46621,0.15,0.13,21,2,4.1,Metro,0
33497,34,8,153410,38398,0.23,0.19,21,7,4.4,Seoul,0
33498,37,6,402067,42435,0.38,0.02,12,9,4.5,Metro,0
33499,46,2,227882,103583,0.65,0.2,55,61,1.7,Metro,-1
33500,42,4,233230,52462,0.5,0.01,13,9,3.7,Metro,0
33501,75,2,79753,50015,0.14,0.05,2,4,3.1,Seoul,0
33502,37,10,134971,35897,0.52,0.27,11,15,4.4,Seoul,0
33503,1,13,674944,44363,0.03,0.03,25,32,4.6,Seoul,0
33504,14,3,121597,46762,0.38,0.19,6,14,4.0,Seoul,0
33505,35,5,190729,35342,0.38,0.05,12,24,3.9,Seoul,0
33506,29,4,142347,40466,0.34,0.16,5,5,4.7,Metro,0
33507,91,2,48602,36000,0.38,0.03,10,3,3.8,Other,0
33508,41,9,312433,38753,0.12,0.22,8,15,4.1,Metro,0
33509,25,6,407411,46728,0.2,0.07,10,12,4.2,Metro,0
33510,4,11,790468,49907,0.86,0.06,28,19,3.5,Other,0
33511,18,10,402945,44218,0.48,0.46,15,9,3.0,Metro,0
33512,39,10,433543,47937,0.27,0.19,17,8,4.4,Other,0
33513,21,4,75574,32256,0.35,0.4,19,8,3.0,Other,0
33514,3,5,154991,36145,0.23,0.44,11,9,3.9,Seoul,0
33515,15,9,583767,52207,0.1,0.38,19,15,4.5,Other,0
33516,26,8,364164,62382,0.34,0.18,12,12,4.4,Seoul,0
33517,27,4,187894,41626,0.06,0.04,7,16,4.2,Metro,0
33518,16,14,610376,40673,0.74,0.24,13,26,4.7,Other,0
33519,33,5,155241,45904,0.47,0.05,17,9,4.2,Metro,0
33520,99,14,2316618,86364,0.17,0.48,54,5,2.0,Metro,-1
33521,32,9,463730,42774,0.26,0.06,7,12,4.3,Metro,0
33522,7,8,518618,43876,0.5,0.2,15,10,4.3,Metro,0
33523,8,15,1070869,59432,0.09,0.1,25,26,4.7,Metro,0
33524,81,1,24482,40026,0.21,0.08,0,5,5.0,Seoul,0
33525,31,2,108867,48483,0.38,0.12,13,22,4.6,Other,0
33526,56,5,181418,44515,0.46,0.15,9,4,3.2,Metro,0
33527,6,14,868493,51111,0.15,0.08,26,28,4.7,Other,0
33528,9,9,404604,41983,0.91,0.07,16,19,4.5,Metro,0
33529,10,7,254134,36912,0.29,0.07,1,6,4.7,Seoul,0
33530,38,1,26044,31979,0.38,0.08,8,5,4.7,Other,0
33531,10,6,420264,57796,0.22,0.05,31,37,4.3,Metro,0
33532,2,16,1142952,62360,0.25,0.01,29,22,4.6,Metro,0
33533,62,4,66444,40219,0.37,0.13,5,4,4.4,Other,0
33534,18,9,284095,32667,0.77,0.07,22,15,4.4,Seoul,0
33535,32,6,259902,44808,0.35,0.22,13,14,3.9,Other,0
33536,0,3,154032,35699,0.53,0.03,9,16,4.6,Seoul,0
33537,15,9,329606,41969,0.81,0.06,20,24,4.6,Other,0
33538,3,4,160317,40132,0.37,0.22,8,12,3.8,Metro,0
33539,21,10,440938,39370,0.76,0.03,22,19,4.4,Seoul,0
33540,8,10,469464,37670,0.56,0.02,5,19,4.1,Other,0
33541,26,5,322085,62320,0.22,0.19,10,9,4.3,Metro,0
33542,26,0,19139,41700,0.33,0.18,3,11,4.7,Metro,0
33543,22,7,329940,44996,0.46,0.18,11,3,4.7,Metro,0
33544,16,12,413902,31767,0.78,0.2,8,23,4.5,Metro,0
33545,18,12,330202,35921,0.46,0.1,27,17,4.3,Metro,0
33546,81,3,105434,37939,0.28,0.01,10,5,4.2,Other,0
33547,66,3,142495,45803,0.13,0.21,4,0,3.7,Seoul,0
33548,11,6,106461,38178,0.48,0.31,14,10,5.0,Metro,0
33549,4,15,863193,60350,0.02,0.21,15,46,4.6,Metro,0
33550,34,6,107956,19183,0.3,0.14,13,6,4.4,Other,0
33551,36,5,186854,46966,0.09,0.07,8,14,4.7,Other,0
33552,55,6,308055,60784,0.18,0.2,11,7,4.4,Seoul,0
33553,10,11,605873,55804,0.79,0.03,22,12,4.6,Metro,0
33554,26,5,149682,35364,0.15,0.06,12,5,4.0,Metro,0
33555,22,14,425989,39554,0.71,0.03,20,17,4.3,Seoul,0
33556,37,3,161838,52756,0.27,0.12,14,12,4.7,Seoul,0
33557,53,3,127395,38067,0.08,0.11,9,0,4.4,Metro,0
33558,22,5,101902,38903,0.28,0.49,10,20,3.3,Seoul,0
33559,15,4,139343,37421,0.27,0.05,15,8,3.3,Seoul,0
33560,18,4,108903,28100,0.2,0.12,9,13,4.4,Metro,0
33561,15,8,284672,39062,0.24,0.05,11,19,4.0,Other,0
33562,24,3,131037,36850,0.31,0.16,4,9,4.2,Seoul,0
33563,26,6,371614,53732,0.47,0.58,13,4,2.8,Metro,0
33564,2,9,381975,47527,0.63,0.12,12,25,4.3,Seoul,0
33565,34,13,635665,62223,0.2,0.54,14,13,3.3,Other,0
33566,28,5,154418,44038,0.26,0.13,9,8,5.0,Seoul,0
33567,38,6,348345,40276,0.2,0.11,19,5,4.5,Other,0
33568,63,1,17959,15145,0.11,0.17,5,3,4.9,Seoul,0
33569,29,2,97666,34013,0.14,0.05,7,6,4.0,Other,0
33570,165,6,2852813,124787,0.77,0.36,45,8,2.4,Metro,-1
33571,41,5,263648,47794,0.62,0.09,18,8,3.5,Seoul,0
33572,0,21,1305178,57790,0.08,0.09,27,32,4.6,Seoul,0
33573,2,8,216448,39815,0.66,0.14,21,11,4.1,Seoul,0
33574,111,4,174646,30524,0.63,0.2,2,3,4.5,Metro,0
33575,9,9,451113,37548,0.77,0.14,11,28,4.2,Seoul,0
33576,52,2,50691,26002,0.51,0.04,12,1,4.1,Other,0
33577,41,6,384153,53562,0.45,0.04,6,3,3.9,Metro,0
33578,13,6,313325,51419,0.8,0.16,14,16,4.5,Metro,0
33579,25,6,223364,48845,0.27,0.17,15,15,4.6,Metro,0
33580,0,16,1205120,60137,0.04,0.16,24,39,4.5,Other,0
33581,24,7,260740,44603,0.11,0.15,13,8,4.0,Metro,0
33582,7,4,151695,42303,0.4,0.06,20,13,4.2,Metro,0
33583,68,4,168840,53418,0.32,0.15,4,4,4.0,Other,0
33584,18,3,100765,48270,0.44,0.09,0,12,4.1,Metro,0
33585,32,4,144615,41252,0.36,0.42,17,6,3.0,Seoul,0
33586,15,5,165418,38046,0.17,0.05,8,12,3.8,Seoul,0
33587,64,2,86677,49317,0.29,0.09,5,0,3.6,Seoul,0
33588,113,1,11661,20797,0.35,0.04,8,2,4.0,Metro,0
33589,16,6,512037,50573,0.31,0.12,20,9,4.9,Seoul,0
33590,20,7,273667,44612,0.66,0.05,20,18,4.2,Seoul,0
33591,20,5,169472,31468,0.05,0.03,12,14,4.3,Seoul,0
33592,13,6,196136,36473,0.81,0.06,21,28,4.0,Metro,0
33593,31,3,120036,27298,0.38,0.2,15,15,4.4,Metro,0
33594,14,11,493469,60507,0.03,0.01,21,21,4.7,Seoul,0
33595,15,15,745554,66964,0.1,0.03,11,28,5.0,Metro,0
33596,4,11,331957,27597,0.17,0.44,0,21,2.3,Metro,0
33597,28,12,762810,48523,0.41,0.05,8,11,4.9,Metro,0
33598,37,4,101813,33341,0.35,0.24,7,4,4.1,Seoul,0
33599,20,5,239685,41779,0.25,0.46,12,16,3.8,Other,0
33600,45,5,85139,29916,0.15,0.06,10,3,4.2,Metro,0
33601,10,10,320051,39241,0.78,0.04,15,16,4.6,Other,0
33602,7,8,536416,54728,0.07,0.02,13,20,4.7,Other,0
33603,30,3,97050,36200,0.13,0.38,18,16,4.0,Metro,0
33604,3,10,418928,49531,0.7,0.13,23,16,4.4,Metro,0
33605,15,8,216797,42557,0.56,0.47,21,6,3.3,Other,0
33606,4,11,882052,56312,0.12,0.06,20,43,4.5,Metro,0
33607,6,19,980839,62457,0.09,0.17,13,34,4.5,Metro,0
33608,6,4,78844,22130,0.82,0.09,23,14,4.6,Metro,0
33609,16,7,274887,44174,0.89,0.05,9,18,4.3,Other,0
33610,20,14,505717,45763,0.78,0.05,26,20,4.2,Other,0
33611,18,4,128496,33659,0.34,0.06,12,7,4.2,Metro,0
33612,11,11,362471,36752,0.86,0.11,24,14,3.9,Metro,0
33613,34,8,486532,48368,0.12,0.14,28,15,3.7,Metro,0
33614,9,7,297206,35823,0.33,0.03,13,12,4.3,Metro,0
33615,37,10,822488,55511,0.28,0.26,16,6,4.2,Metro,0
33616,16,3,182175,49913,0.39,0.02,17,12,4.1,Metro,0
33617,59,2,31328,26921,0.11,0.1,2,4,4.0,Seoul,0
33618,22,10,306753,43082,0.73,0.16,19,27,4.1,Seoul,0
33619,7,7,221868,45516,0.92,0.07,17,14,4.1,Metro,0
33620,16,5,221666,44620,0.32,0.49,13,16,3.6,Other,0
33621,0,5,287137,45379,0.44,0.08,14,8,4.6,Seoul,0
33622,11,10,228335,33382,0.75,0.11,22,21,4.5,Metro,0
33623,76,3,94671,39732,0.21,0.11,10,2,3.9,Metro,0
33624,32,9,410937,57394,0.33,0.18,16,7,4.3,Metro,0
33625,21,3,73999,34591,0.27,0.14,19,17,4.3,Seoul,0
33626,39,9,459008,44171,0.15,0.03,12,4,4.3,Other,0
33627,37,6,141372,22396,0.27,0.25,9,11,4.4,Seoul,0
33628,13,4,174333,38250,0.16,0.04,17,15,4.1,Seoul,0
33629,43,2,72107,31147,0.06,0.1,20,10,3.6,Other,0
33630,12,9,550895,47894,0.93,0.07,21,18,4.4,Metro,0
33631,10,15,858771,51077,0.16,0.1,20,40,4.6,Seoul,0
33632,17,10,470615,50512,0.44,0.34,6,19,3.5,Seoul,0
33633,2,7,405442,51190,0.31,0.17,8,6,3.9,Seoul,0
33634,78,0,0,30353,0.21,0.2,6,5,3.9,Metro,0
33635,31,10,635869,54345,0.23,0.07,20,13,4.1,Metro,0
33636,5,20,890152,44318,0.19,0.14,26,36,4.4,Metro,0
33637,42,7,348784,40557,0.34,0.07,6,8,4.5,Metro,0
33638,25,7,300436,44081,0.95,0.19,17,25,4.1,Other,0
33639,13,7,428063,63570,0.41,0.08,12,8,4.4,Other,0
33640,50,7,200373,35398,0.53,0.04,4,0,4.7,Seoul,0
33641,15,8,329018,40929,0.73,0.25,26,13,3.6,Other,0
33642,8,8,502303,58946,0.09,0.04,19,39,4.8,Other,0
33643,27,8,401124,32312,0.36,0.09,3,15,4.2,Other,0
33644,1,8,308715,42734,0.93,0.12,7,21,4.5,Metro,0
33645,7,15,931075,53352,0.06,0.08,23,32,5.0,Metro,0
33646,29,9,379112,38135,0.42,0.06,11,13,5.0,Seoul,0
33647,97,2,46631,35876,0.15,0.03,6,6,4.9,Other,0
33648,95,3,57124,26982,0.09,0.07,5,6,4.0,Other,0
33649,21,5,223783,46950,0.61,0.09,15,33,4.7,Metro,0
33650,39,0,0,46439,0.4,0.12,14,13,4.7,Seoul,0
33651,27,5,346982,58213,0.76,0.1,20,9,4.7,Other,0
33652,12,8,401009,46270,0.67,0.16,18,13,4.1,Metro,0
33653,8,6,393368,47674,0.68,0.07,21,31,4.7,Other,0
33654,20,8,330890,43355,0.76,0.08,11,17,4.6,Other,0
33655,28,4,247516,55312,0.93,0.12,17,19,4.6,Seoul,0
33656,5,14,537838,45340,0.11,0.05,16,33,4.6,Other,0
33657,20,11,394805,31738,0.91,0.11,24,16,4.2,Seoul,0
33658,60,3,121910,41443,0.35,0.12,6,7,4.1,Metro,0
33659,30,5,202048,51517,0.27,0.04,11,5,3.9,Metro,0
33660,5,20,1027618,59004,0.03,0.05,24,34,4.7,Other,0
33661,3,15,347264,29838,0.54,0.17,11,28,4.4,Metro,0
33662,34,3,141519,52323,0.26,0.47,20,11,3.3,Seoul,0
33663,9,4,237119,50138,0.24,0.18,21,4,4.1,Metro,0
33664,0,6,279375,39949,0.28,0.02,6,12,4.0,Seoul,0
33665,19,12,498823,43071,0.77,0.17,17,8,4.9,Metro,0
33666,81,2,47452,24566,0.3,0.04,1,5,2.8,Seoul,0
33667,17,12,336062,46621,0.55,0.15,15,25,4.9,Metro,0
33668,8,19,1291372,66449,0.05,0.03,25,38,4.6,Seoul,0
33669,71,2,110834,58025,0.23,0.02,7,4,4.4,Seoul,0
33670,13,5,203746,53109,0.53,0.13,12,11,4.5,Metro,0
33671,65,4,143004,50035,0.48,0.08,7,2,4.2,Metro,0
33672,64,28,4026627,32602,0.38,0.15,68,49,4.4,Metro,-1
33673,7,11,241021,23978,0.8,0.24,20,9,4.4,Seoul,0
33674,23,10,367711,41976,0.66,0.1,20,9,4.5,Metro,0
33675,14,7,442633,69181,0.64,0.09,10,13,4.5,Other,0
33676,17,1,28513,52668,0.45,0.16,9,6,3.4,Seoul,0
33677,17,9,332772,40737,0.76,0.03,18,11,3.7,Other,0
33678,0,1,12070,24865,0.32,0.14,10,5,3.9,Other,0
33679,23,6,256519,47209,0.8,0.03,17,17,4.8,Seoul,0
33680,3,19,834458,41962,0.09,0.03,13,38,4.6,Seoul,0
33681,11,8,378484,38616,0.52,0.29,11,11,3.8,Metro,0
33682,7,11,524272,45001,0.77,0.25,18,14,4.6,Metro,0
33683,95,1,75827,57853,0.25,0.02,5,2,4.2,Metro,0
33684,79,2,98760,42851,0.2,0.27,7,5,4.3,Other,0
33685,17,11,246999,29342,0.86,0.09,17,13,4.5,Seoul,0
33686,9,22,1225077,63179,0.02,0.04,17,57,4.7,Metro,0
33687,8,8,346521,34440,0.78,0.09,18,12,4.2,Seoul,0
33688,43,19,1675742,148828,0.07,0.49,57,119,2.4,Metro,-1
33689,24,32,294917,178034,0.89,0.81,53,93,2.3,Metro,-1
33690,106,4,205123,50456,0.46,0.08,5,0,3.5,Seoul,0
33691,5,15,634197,34703,0.03,0.09,14,48,4.6,Other,0
33692,38,10,1025592,62074,0.39,0.11,17,16,3.8,Metro,0
33693,8,21,1123605,51798,0.11,0.09,25,21,4.5,Seoul,0
33694,16,8,315012,34609,0.36,0.09,18,12,4.0,Seoul,0
33695,33,2,54270,22737,0.45,0.05,13,7,3.7,Metro,0
33696,84,1,30889,45142,0.55,0.07,6,6,3.8,Metro,0
33697,16,11,408954,36352,0.78,0.2,25,13,4.4,Other,0
33698,13,12,837251,69724,0.17,0.01,23,34,4.4,Metro,0
33699,6,12,707263,52373,0.15,0.03,22,32,4.7,Metro,0
33700,93,2,71250,29964,0.28,0.34,7,2,4.8,Metro,0
33701,0,4,151390,52157,0.19,0.11,11,8,4.3,Other,0
33702,24,7,257621,47173,0.85,0.1,12,12,4.8,Metro,0
33703,28,7,78857,17132,0.23,0.12,11,4,4.9,Seoul,0
33704,39,5,183049,39860,0.58,0.02,17,16,4.5,Seoul,0
33705,11,19,1137901,55720,0.03,0.13,21,45,4.9,Seoul,0
33706,4,7,342434,44623,0.86,0.07,20,19,4.5,Seoul,0
33707,4,11,489983,37655,0.8,0.13,13,14,5.0,Seoul,0
33708,31,6,191335,50328,0.44,0.13,7,10,4.6,Metro,0
33709,20,1,56099,35022,0.31,0.03,5,2,3.3,Other,0
33710,65,17,4756624,151232,0.23,0.39,26,40,2.4,Metro,-1
33711,0,7,536137,55915,0.12,0.22,10,13,4.5,Metro,0
33712,48,6,260462,46649,0.5,0.11,10,10,4.4,Seoul,0
33713,18,5,239699,45892,0.56,0.63,9,14,3.1,Metro,0
33714,48,8,165777,34899,0.24,0.1,11,7,3.5,Metro,0
33715,33,6,284985,45075,0.33,0.05,13,11,4.6,Metro,0
33716,41,4,346627,58826,0.44,0.07,5,11,4.0,Metro,0
33717,25,6,153045,45330,0.26,0.05,7,13,4.4,Metro,0
33718,34,7,218997,47868,0.34,0.15,9,12,4.5,Metro,0
33719,19,8,292064,46366,0.29,0.48,6,12,2.9,Seoul,0
33720,76,3,95517,41392,0.59,0.14,4,5,3.3,Seoul,0
33721,35,6,288085,47314,0.56,0.07,13,12,4.1,Seoul,0
33722,24,9,232808,36632,0.24,0.09,3,8,4.2,Metro,0
33723,15,3,88703,28176,0.26,0.1,17,15,3.6,Seoul,0
33724,83,3,112982,47218,0.25,0.22,8,4,3.2,Metro,0
33725,58,20,3826715,80701,0.71,0.73,12,43,1.1,Metro,-1
33726,48,3,150255,56214,0.31,0.16,8,11,4.2,Metro,0
33727,122,19,4805358,156281,0.92,0.88,49,34,2.4,Metro,-1
33728,21,10,453206,43012,0.59,0.16,28,2,4.6,Metro,0
33729,40,8,412574,48505,0.25,0.22,12,4,3.4,Metro,0
33730,29,1,30312,31037,0.32,0.16,17,9,4.9,Metro,0
33731,24,2,86962,53018,0.21,0.65,12,14,3.3,Other,0
33732,15,4,157388,39126,0.3,0.53,0,15,3.7,Metro,0
33733,28,5,197729,46959,0.39,0.06,12,13,4.1,Other,0
33734,29,8,318757,51639,0.36,0.14,10,8,4.3,Metro,0
33735,14,8,215122,34594,0.67,0.16,18,18,4.1,Seoul,0
33736,10,12,212410,33791,0.36,0.47,7,16,3.4,Seoul,0
33737,22,8,626560,56347,0.77,0.1,12,22,4.3,Metro,0
33738,0,5,334036,53891,0.23,0.1,16,9,3.6,Other,0
33739,24,6,283153,48734,0.31,0.26,18,14,3.9,Other,0
33740,85,1,47072,37947,0.27,0.06,3,2,3.9,Metro,0
33741,8,10,472456,46021,0.85,0.11,17,16,4.2,Seoul,0
33742,14,3,116257,47503,0.63,0.09,11,10,4.7,Seoul,0
33743,22,7,318644,45482,0.22,0.08,9,4,4.1,Other,0
33744,11,0,5812,37432,0.23,0.04,9,14,3.4,Metro,0
33745,0,10,773008,61103,0.06,0.02,24,32,4.8,Metro,0
33746,38,7,269450,41515,0.24,0.16,14,9,4.3,Metro,0
33747,19,7,344510,51638,0.87,0.12,15,22,4.7,Seoul,0
33748,28,4,195401,52162,0.4,0.11,9,17,4.7,Other,0
33749,15,5,231576,49114,0.85,0.18,21,10,4.9,Other,0
33750,1,9,362903,42221,0.8,0.11,25,16,4.3,Metro,0
33751,5,18,689407,41268,0.18,0.1,24,39,5.0,Metro,0
33752,0,8,212948,35573,0.2,0.13,7,6,4.2,Other,0
33753,105,3,120834,42437,0.39,0.01,9,1,4.7,Other,0
33754,28,6,219963,35233,0.19,0.09,9,13,4.2,Seoul,0
33755,87,3,120865,35339,0.24,0.05,5,0,4.1,Metro,0
33756,34,12,355120,40705,0.73,0.07,23,18,4.5,Metro,0
33757,15,10,511366,51018,0.84,0.01,17,24,4.8,Other,0
33758,5,7,246832,42186,0.54,0.08,21,21,4.9,Other,0
33759,5,7,283590,40715,0.24,0.27,12,14,3.2,Other,0
33760,16,7,222571,36757,0.85,0.19,22,19,4.0,Metro,0
33761,37,1,49338,45461,0.42,0.57,25,13,3.5,Seoul,0
33762,17,7,386106,55766,0.6,0.03,29,24,4.6,Metro,0
33763,7,16,748112,55577,0.11,0.1,19,16,4.6,Seoul,0
33764,21,15,454419,35449,0.59,0.09,15,11,4.0,Metro,0
33765,15,20,1169074,55514,0.25,0.03,18,23,4.9,Metro,0
33766,40,7,245769,49617,0.06,0.13,7,12,4.1,Metro,0
33767,18,3,217033,46578,0.3,0.06,6,1,3.9,Metro,0
33768,20,9,245107,29857,0.8,0.06,26,27,4.2,Other,0
33769,13,8,513724,56346,0.36,0.09,20,12,4.2,Metro,0
33770,10,6,320313,51358,0.27,0.12,5,13,4.2,Metro,0
33771,13,9,460980,42546,0.42,0.61,18,10,3.5,Seoul,0
33772,27,7,207900,36761,0.4,0.46,5,14,4.2,Metro,0
33773,26,2,59407,38197,0.22,0.09,12,7,4.4,Metro,0
33774,16,5,335560,57102,0.37,0.18,3,17,3.9,Metro,0
33775,7,8,305674,45923,0.38,0.17,20,4,4.2,Metro,0
33776,50,2,46216,34701,0.28,0.02,9,0,4.5,Metro,0
33777,44,6,353968,49534,0.51,0.19,12,4,4.0,Seoul,0
33778,0,16,1225206,69899,0.41,0.13,22,52,4.5,Metro,0
33779,27,8,254807,40023,0.18,0.04,20,7,4.1,Seoul,0
33780,21,8,306649,37110,0.67,0.32,10,14,5.0,Other,0
33781,7,16,623502,45114,0.1,0.04,21,35,4.8,Metro,0
33782,19,5,123604,47814,0.4,0.05,8,6,4.3,Other,0
33783,30,9,377499,53239,0.31,0.34,23,14,2.7,Seoul,0
33784,13,10,523466,48949,0.48,0.1,13,0,4.0,Metro,0
33785,45,9,474623,38525,0.21,0.11,24,12,3.3,Seoul,0
33786,2,4,87243,27975,0.25,0.34,7,2,3.9,Metro,0
33787,31,8,459295,56099,0.39,0.29,18,15,2.7,Seoul,0
33788,13,18,770621,51948,0.07,0.07,34,27,5.0,Metro,0
33789,2,3,75952,36881,0.62,0.06,24,27,4.2,Metro,0
33790,28,9,259049,24101,0.39,0.22,6,14,4.6,Seoul,0
33791,17,5,201652,45046,0.82,0.1,15,13,4.0,Other,0
33792,3,9,339217,54720,0.59,0.13,15,20,4.0,Metro,0
33793,4,13,721735,47573,0.12,0.09,20,37,4.8,Seoul,0
33794,23,8,190858,32376,0.81,0.08,17,27,4.1,Seoul,0
33795,23,1,79542,59588,0.43,0.1,15,4,4.3,Metro,0
33796,28,7,387913,35447,0.28,0.22,0,7,4.7,Metro,0
33797,19,10,366999,38217,0.14,0.21,10,8,3.3,Seoul,0
33798,23,7,346100,37640,0.25,0.25,12,12,4.5,Metro,0
33799,85,2,53155,26228,0.23,0.09,10,6,3.0,Other,0
33800,9,9,382595,41714,0.55,0.09,14,21,4.5,Seoul,0
33801,6,13,583868,46725,0.03,0.08,24,27,5.0,Metro,0
33802,18,9,528484,52384,0.79,0.1,20,20,4.4,Other,0
33803,9,11,398496,46773,0.7,0.03,24,23,3.9,Other,0
33804,11,3,148162,40741,0.73,0.17,7,9,5.0,Other,0
33805,8,18,927521,64019,0.2,0.06,25,33,4.6,Metro,0
33806,8,6,324149,58726,0.67,0.13,17,10,4.3,Seoul,0
33807,32,6,203252,59638,0.58,0.07,12,4,3.8,Metro,0
33808,45,3,111587,47648,0.11,0.21,10,3,4.5,Metro,0
33809,30,17,1182704,55712,0.75,0.34,54,79,3.4,Seoul,-1
33810,18,5,231147,49003,0.19,0.07,14,10,4.5,Metro,0
33811,33,5,179837,52005,0.42,0.03,9,11,4.9,Other,0
33812,8,16,1133947,55213,0.05,0.07,30,23,4.7,Seoul,0
33813,7,8,314826,50113,0.1,0.14,19,14,4.4,Other,0
33814,13,14,707369,50555,0.06,0.12,17,29,4.5,Seoul,0
33815,91,2,67547,41542,0.29,0.04,6,3,3.5,Seoul,0
33816,62,0,0,34063,0.47,0.13,9,1,3.6,Metro,0
33817,66,4,114410,27721,0.22,0.03,8,5,4.8,Seoul,0
33818,19,9,242212,41333,0.78,0.11,13,20,4.0,Metro,0
33819,31,8,392557,45302,0.24,0.04,14,22,3.4,Seoul,0
33820,47,5,234557,45007,0.39,0.01,5,7,4.0,Seoul,0
33821,25,3,188543,56796,0.6,0.22,14,6,4.4,Metro,0
33822,18,1,15395,32406,0.44,0.04,12,12,4.2,Other,0
33823,19,7,325547,35355,0.67,0.02,0,11,3.8,Seoul,0
33824,9,16,1059814,50857,0.13,0.13,30,32,4.7,Seoul,0
33825,31,7,241163,49150,0.25,0.22,20,15,4.5,Metro,0
33826,26,1,30211,46280,0.07,0.19,7,8,5.0,Metro,0
33827,10,7,311266,44778,0.69,0.1,23,17,4.6,Metro,0
33828,19,8,513673,53545,0.7,0.15,25,16,4.4,Metro,0
33829,8,6,103912,37507,0.33,0.42,12,16,2.7,Seoul,0
33830,20,7,255496,40185,0.56,0.13,13,6,4.2,Metro,0
33831,90,4,168876,33257,0.18,0.09,7,1,4.0,Metro,0
33832,33,8,451505,64699,0.37,0.02,14,14,4.6,Seoul,0
33833,74,0,17792,40282,0.17,0.12,8,1,3.9,Other,0
33834,96,4,127024,43345,0.07,0.02,5,5,4.0,Metro,0
33835,10,9,260510,48866,0.64,0.02,17,25,4.2,Seoul,0
33836,78,3,61077,36524,0.54,0.01,11,4,3.8,Other,0
33837,14,0,0,32618,0.39,0.01,12,10,4.3,Seoul,0
33838,12,22,1249402,50494,0.07,0.11,21,44,4.8,Metro,0
33839,35,3,144745,43718,0.52,0.03,16,15,3.9,Other,0
33840,12,7,468447,51252,0.66,0.16,14,25,4.5,Other,0
33841,21,12,468588,45804,0.42,0.13,16,10,3.7,Other,0
33842,33,6,256466,39602,0.15,0.06,13,11,4.3,Metro,0
33843,35,12,765042,37247,0.15,0.15,7,2,4.3,Seoul,0
33844,2,6,273738,40480,0.32,0.21,13,6,4.0,Other,0
33845,26,11,569886,45235,0.19,0.38,3,4,3.4,Other,0
33846,24,9,558005,57543,0.33,0.04,18,14,4.2,Other,0
33847,7,5,165472,39785,0.28,0.03,11,21,3.8,Metro,0
33848,4,4,208323,46741,0.31,0.09,5,17,4.2,Seoul,0
33849,14,10,283077,35703,0.66,0.07,10,12,4.2,Other,0
33850,15,11,333624,50597,0.83,0.17,28,21,4.3,Metro,0
33851,31,1,58106,46545,0.42,0.13,6,3,4.9,Other,0
33852,8,9,388254,43187,0.73,0.04,25,9,4.8,Metro,0
33853,76,2,70747,49922,0.12,0.04,4,2,4.9,Other,0
33854,66,2,38669,35706,0.13,0.14,5,3,4.5,Seoul,0
33855,22,2,71551,37750,0.17,0.11,18,19,4.2,Seoul,0
33856,19,11,458252,36780,0.82,0.06,8,8,4.4,Seoul,0
33857,29,7,287313,49610,0.27,0.12,10,9,3.9,Other,0
33858,87,4,157334,45790,0.59,0.09,9,4,4.5,Metro,0
33859,6,4,156392,52894,0.33,0.14,16,12,3.7,Seoul,0
33860,6,14,844419,51210,0.08,0.06,37,39,4.7,Seoul,0
33861,83,1,49525,32661,0.4,0.06,3,4,3.7,Metro,0
33862,4,14,669953,44884,0.06,0.03,24,40,4.6,Metro,0
33863,28,4,165045,41477,0.26,0.13,9,12,3.7,Other,0
33864,12,2,96600,43554,0.96,0.17,21,13,4.6,Seoul,0
33865,8,2,101020,53588,0.57,0.45,12,12,3.1,Metro,0
33866,18,7,317670,43332,0.77,0.06,12,18,4.2,Metro,0
33867,15,2,84556,49368,0.26,0.15,15,8,5.0,Other,0
33868,14,12,883626,55077,0.81,0.15,15,14,4.4,Other,0
33869,26,6,194243,42011,0.2,0.16,11,10,3.7,Other,0
33870,56,5,113661,27597,0.28,0.11,12,5,4.2,Seoul,0
33871,78,4,100465,30442,0.4,0.06,10,1,3.0,Metro,0
33872,18,6,283654,44669,0.73,0.12,12,21,4.2,Other,0
33873,6,9,276166,52930,0.02,0.02,15,35,4.6,Metro,0
33874,2,16,720097,52126,0.1,0.06,21,42,4.8,Metro,0
33875,15,9,491659,47311,0.26,0.36,12,14,3.6,Metro,0
33876,85,1,27920,31084,0.25,0.05,2,2,3.7,Other,0
33877,9,19,979827,48938,0.02,0.03,30,28,4.7,Other,0
33878,8,4,159908,39682,0.18,0.31,12,13,3.2,Seoul,0
33879,5,19,1276116,56240,0.24,0.06,22,29,4.5,Seoul,0
33880,83,4,103380,34498,0.22,0.09,8,4,3.2,Other,0
33881,55,8,454673,43429,0.18,0.03,9,11,4.3,Metro,0
33882,23,0,14876,40819,0.43,0.71,26,16,3.5,Metro,0
33883,21,5,350068,47089,0.1,0.06,14,6,4.5,Metro,0
33884,94,3,146355,53858,0.35,0.2,3,2,4.2,Metro,0
33885,15,3,141136,42893,0.25,0.46,19,12,3.4,Metro,0
33886,4,16,694087,56919,0.29,0.07,22,38,4.3,Other,0
33887,18,1,47406,49075,0.26,0.55,9,3,4.0,Metro,0
33888,11,5,181674,45858,0.15,0.11,8,12,4.6,Metro,0
33889,8,11,228101,30520,0.1,0.68,8,0,3.5,Other,0
33890,11,6,338992,36534,0.79,0.05,8,18,4.2,Seoul,0
33891,9,20,1091465,50547,0.09,0.07,26,33,4.6,Seoul,0
33892,25,10,559589,45151,0.21,0.07,3,13,5.0,Metro,0
33893,23,2,34158,29748,0.22,0.03,16,6,3.7,Seoul,0
33894,21,11,255292,31885,0.4,0.03,9,6,4.2,Metro,0
33895,161,25,3015594,135996,0.71,0.1,51,105,2.3,Other,-1
33896,25,3,49881,27439,0.35,0.08,13,10,3.8,Seoul,0
33897,8,9,362144,34920,0.54,0.18,18,25,4.3,Metro,0
33898,54,2,38866,33811,0.37,0.25,3,5,3.9,Metro,0
33899,2,19,892225,53847,0.19,0.05,20,35,4.4,Seoul,0
33900,17,9,358050,41668,0.93,0.12,27,21,4.2,Metro,0
33901,10,20,1695189,72269,0.05,0.08,21,34,4.5,Metro,0
33902,23,6,151226,30390,0.12,0.01,13,11,4.3,Seoul,0
33903,10,7,325731,47141,0.08,0.16,15,7,3.9,Seoul,0
33904,35,8,230506,39823,0.31,0.01,16,17,4.2,Other,0
33905,71,3,125558,34988,0.25,0.04,5,6,4.3,Seoul,0
33906,41,2,66312,37314,0.27,0.28,14,24,3.8,Metro,0
33907,21,6,289561,59223,0.5,0.11,15,28,3.7,Seoul,0
33908,29,4,253838,53822,0.3,0.08,17,8,3.8,Other,0
33909,0,8,250407,28690,0.2,0.03,9,8,3.7,Metro,0
33910,25,4,209794,35188,0.32,0.06,9,6,4.3,Metro,0
33911,48,1,22303,34463,0.52,0.01,15,14,4.1,Metro,0
33912,30,4,226144,39229,0.21,0.23,4,3,4.3,Other,0
33913,35,7,386104,43561,0.27,0.11,3,6,4.3,Seoul,0
33914,98,2,39914,27434,0.44,0.09,8,4,4.5,Metro,0
33915,77,4,164288,39167,0.39,0.05,7,3,3.6,Seoul,0
33916,11,7,242926,32575,0.79,0.04,13,12,4.7,Seoul,0
33917,27,6,238376,31376,0.38,0.21,6,13,3.6,Other,0
33918,24,10,332658,36870,0.31,0.13,4,13,4.3,Other,0
33919,21,8,356327,46758,0.48,0.05,18,16,4.0,Metro,0
33920,73,2,71503,43254,0.31,0.11,7,2,3.1,Metro,0
33921,24,15,476310,36993,0.84,0.15,22,23,4.6,Other,0
33922,30,4,171792,41797,0.2,0.19,17,15,4.7,Other,0
33923,14,10,397211,40291,0.91,0.12,23,13,3.7,Seoul,0
33924,15,8,268369,44295,0.32,0.7,7,6,3.3,Metro,0
33925,4,6,260964,39047,0.78,0.02,22,20,4.9,Other,0
33926,37,8,329096,31209,0.5,0.07,16,12,5.0,Seoul,0
33927,19,6,133169,43914,0.32,0.08,12,8,4.4,Metro,0
33928,48,23,297,78252,0.39,0.35,5,106,3.5,Seoul,-1
33929,5,20,1572659,71963,0.1,0.06,16,45,4.6,Metro,0
33930,19,5,86495,44739,0.25,0.31,11,18,3.8,Metro,0
33931,15,4,204301,44932,0.23,0.12,11,18,4.1,Seoul,0
33932,20,5,155721,30331,0.7,0.05,14,11,4.3,Metro,0
33933,12,8,397361,51828,0.09,0.19,15,12,4.1,Seoul,0
33934,12,22,1295545,46567,0.12,0.01,32,45,4.7,Other,0
33935,72,3,97676,49861,0.11,0.07,6,6,4.9,Seoul,0
33936,10,5,191603,47088,0.75,0.05,28,15,4.6,Metro,0
33937,7,10,253652,36835,0.47,0.08,23,26,4.7,Seoul,0
33938,27,8,178426,38524,0.29,0.03,6,3,4.2,Metro,0
33939,85,2,165787,48511,0.47,0.14,4,1,3.7,Other,0
33940,5,15,959523,47684,0.04,0.05,15,30,4.6,Seoul,0
33941,10,11,592839,46525,0.01,0.15,23,21,5.0,Metro,0
33942,22,6,186635,24710,0.82,0.07,27,22,4.3,Other,0
33943,19,15,534368,30200,0.62,0.08,12,14,4.0,Metro,0
33944,26,1,20881,32638,0.19,0.05,16,6,4.1,Metro,0
33945,14,10,287056,41875,0.69,0.11,22,16,4.0,Seoul,0
33946,30,7,292970,43631,0.43,0.18,17,7,4.3,Seoul,0
33947,16,11,398293,37892,0.78,0.12,26,38,4.9,Seoul,0
33948,8,19,1505851,63456,0.14,0.01,25,29,4.4,Other,0
33949,29,4,147884,48963,0.22,0.23,16,8,4.4,Metro,0
33950,13,10,375470,33343,0.78,0.1,14,10,3.9,Seoul,0
33951,96,1,36368,40905,0.08,0.21,4,5,3.9,Metro,0
33952,12,12,340912,41394,0.11,0.58,20,19,2.9,Other,0
33953,101,21,1277175,71268,0.02,0.71,37,75,3.9,Seoul,-1
33954,34,7,406782,48367,0.34,0.06,5,19,4.2,Metro,0
33955,10,19,1020410,51812,0.11,0.04,22,28,4.9,Seoul,0
33956,50,2,92216,54584,0.17,0.06,16,8,4.3,Seoul,0
33957,9,8,142261,26875,0.43,0.6,10,12,3.2,Metro,0
33958,16,5,132280,28854,0.14,0.39,10,2,4.0,Metro,0
33959,7,22,2110940,56917,0.14,0.12,14,42,4.7,Metro,0
33960,69,3,134047,36213,0.39,0.17,9,2,4.5,Metro,0
33961,20,12,781644,55709,0.78,0.03,1,14,4.0,Seoul,0
33962,0,21,1283818,70976,0.15,0.05,16,42,4.6,Metro,0
33963,34,8,240387,37285,0.31,0.13,12,11,4.9,Seoul,0
33964,18,2,70339,47801,0.88,0.1,12,14,4.3,Metro,0
33965,19,5,257009,41591,0.86,0.06,14,11,4.0,Seoul,0
33966,11,24,1298763,54916,0.09,0.08,25,27,4.8,Seoul,0
33967,83,2,71572,36676,0.51,0.17,5,1,3.8,Other,0
33968,13,12,503257,43633,0.9,0.16,21,12,4.6,Metro,0
33969,83,3,132607,41260,0.14,0.13,10,5,3.4,Seoul,0
33970,7,18,1434898,60650,0.38,0.02,17,29,4.6,Seoul,0
33971,16,9,387222,57764,0.45,0.63,9,9,3.8,Metro,0
33972,10,17,1251498,59163,0.03,0.08,10,23,4.5,Other,0
33973,1,8,325577,28425,0.26,0.07,20,10,4.2,Metro,0
33974,10,14,557047,40144,0.47,0.15,15,17,4.6,Seoul,0
33975,10,10,629971,50294,0.2,0.03,24,36,5.0,Other,0
33976,19,5,134749,33223,0.6,0.05,18,21,4.5,Seoul,0
33977,4,17,1350908,63473,0.12,0.14,17,35,4.3,Seoul,0
33978,3,14,454189,48202,0.11,0.03,26,41,4.7,Metro,0
33979,31,3,99389,37627,0.39,0.02,4,4,5.0,Other,0
33980,22,4,175274,40051,0.37,0.03,11,13,4.5,Metro,0
33981,10,17,1569720,65719,0.16,0.13,21,39,4.7,Other,0
33982,61,4,96779,37274,0.29,0.08,6,2,3.7,Metro,0
33983,25,7,127874,17555,0.23,0.13,18,8,4.1,Metro,0
33984,25,4,17198,49215,0.87,0.18,15,8,4.2,Seoul,0
33985,84,2,44284,30524,0.34,0.04,7,3,4.9,Metro,0
33986,6,16,864086,50300,0.09,0.02,21,40,5.0,Seoul,0
33987,22,10,362098,47959,0.78,0.06,17,15,4.5,Metro,0
33988,100,1,95651,43365,0.24,0.21,10,3,4.1,Seoul,0
33989,33,6,272530,44516,0.3,0.72,20,22,3.6,Seoul,0
33990,33,9,321681,43403,0.21,0.46,15,6,3.2,Other,0
33991,25,2,50821,28978,0.3,0.48,12,15,3.9,Metro,0
33992,102,4,177079,40382,0.23,0.09,9,3,4.5,Other,0
33993,11,18,1235020,51176,0.22,0.07,22,23,4.6,Seoul,0
33994,25,10,311309,28159,0.87,0.08,18,13,4.9,Seoul,0
33995,15,9,374051,43585,0.78,0.12,15,11,4.0,Seoul,0
33996,6,16,501010,46292,0.35,0.12,15,30,5.0,Metro,0
33997,11,20,1081941,47606,0.11,0.07,17,43,4.9,Metro,0
33998,51,3,115543,31950,0.33,0.04,7,2,4.4,Other,0
33999,7,9,422603,44358,0.6,0.12,22,24,4.7,Metro,0
34000,8,3,160352,39748,0.78,0.12,25,13,4.6,Seoul,0
34001,6,6,202781,35497,0.15,0.09,19,3,4.5,Metro,0
34002,95,2,74450,49912,0.21,0.05,6,6,3.7,Seoul,0
34003,35,8,249705,39986,0.24,0.02,16,15,4.6,Seoul,0
34004,24,8,394536,56681,0.49,0.04,12,10,4.4,Other,0
34005,46,3,77401,38559,0.28,0.11,9,12,4.6,Other,0
34006,1,8,402197,55921,0.79,0.14,19,23,4.4,Metro,0
34007,96,3,125551,39668,0.21,0.13,3,1,4.3,Seoul,0
34008,25,7,148398,39357,0.92,0.04,11,26,4.5,Metro,0
34009,8,3,84016,40440,0.81,0.09,9,19,4.1,Metro,0
34010,15,3,99822,47586,0.06,0.03,14,15,4.5,Metro,0
34011,27,11,290580,39618,0.81,0.15,23,12,3.9,Other,0
34012,14,12,464286,37721,0.55,0.07,28,16,4.7,Seoul,0
34013,38,8,228050,26227,0.37,0.59,13,12,3.8,Seoul,0
34014,9,5,260123,51586,0.08,0.11,20,31,4.2,Seoul,0
34015,40,4,163561,42808,0.27,0.17,8,16,4.7,Seoul,0
34016,38,6,171478,47028,0.56,0.19,9,6,3.8,Metro,0
34017,19,7,208391,35555,0.59,0.14,16,14,4.0,Seoul,0
34018,83,2,32163,26607,0.32,0.19,5,0,4.9,Metro,0
34019,8,17,723559,35549,0.04,0.02,15,22,4.4,Seoul,0
34020,28,10,562164,45530,0.52,0.19,18,11,3.8,Other,0
34021,31,8,324209,45548,0.35,0.14,27,18,4.1,Seoul,0
34022,65,19,3689320,107276,0.27,0.13,38,57,4.8,Seoul,-1
34023,12,8,316419,52851,0.97,0.05,17,18,4.5,Metro,0
34024,13,7,285149,48315,0.62,0.35,18,10,4.3,Metro,0
34025,35,6,158492,29640,0.26,0.15,12,6,4.7,Metro,0
34026,25,2,73531,56636,0.31,0.66,11,11,1.8,Other,0
34027,16,8,491588,48413,0.4,0.08,11,0,3.8,Other,0
34028,39,4,114927,38143,0.14,0.15,20,7,4.3,Metro,0
34029,35,2,90072,45559,0.15,0.1,13,3,4.6,Metro,0
34030,21,1,26001,36398,0.41,0.58,14,18,3.9,Other,0
34031,40,5,225137,44937,0.4,0.25,19,6,4.7,Seoul,0
34032,64,6,265369,32619,0.4,0.04,3,0,4.5,Other,0
34033,31,4,131828,47156,0.28,0.03,7,14,4.1,Seoul,0
34034,29,6,165744,35842,0.29,0.36,13,9,4.0,Other,0
34035,6,21,1286390,53133,0.16,0.06,26,41,4.7,Other,0
34036,77,1,32131,34722,0.62,0.19,4,1,4.3,Seoul,0
34037,9,10,565111,47524,0.64,0.05,26,18,4.3,Metro,0
34038,15,8,245191,36781,0.38,0.23,10,13,3.7,Seoul,0
34039,70,1,20561,36505,0.18,0.16,2,2,3.9,Seoul,0
34040,36,5,237420,43304,0.09,0.05,11,13,4.3,Seoul,0
34041,32,4,197365,44906,0.4,0.05,4,3,3.5,Other,0
34042,25,5,138982,38666,0.49,0.09,17,4,4.3,Metro,0
34043,8,23,1403149,50936,0.05,0.06,20,30,4.5,Metro,0
34044,5,25,4741510,108327,0.01,0.93,23,31,3.9,Other,-1
34045,70,2,71287,37538,0.48,0.08,2,3,4.8,Metro,0
34046,7,11,257069,25150,0.82,0.04,13,15,4.2,Metro,0
34047,12,12,406338,28948,0.77,0.15,23,22,4.7,Other,0
34048,10,12,307504,49449,0.7,0.1,16,20,4.3,Metro,0
34049,56,3,170122,42947,0.17,0.02,2,3,3.7,Seoul,0
34050,23,7,593734,58478,0.26,0.04,15,5,4.8,Metro,0
34051,9,8,353641,54723,0.2,0.44,23,13,3.5,Metro,0
34052,36,5,202737,43091,0.55,0.13,4,12,4.4,Metro,0
34053,112,12,1878277,152250,0.05,0.09,32,102,4.0,Seoul,-1
34054,87,3,69692,25411,0.18,0.04,7,1,3.7,Metro,0
34055,17,5,202788,61763,0.34,0.11,10,6,4.7,Metro,0
34056,38,11,524642,46161,0.42,0.09,14,16,4.5,Other,0
34057,5,8,478119,53336,0.64,0.07,14,7,4.2,Other,0
34058,19,8,329574,42030,0.36,0.49,16,0,4.1,Metro,0
34059,85,0,10709,29173,0.27,0.04,8,2,4.0,Metro,0
34060,7,8,445667,42665,0.38,0.05,15,9,3.9,Metro,0
34061,14,12,741544,56112,0.43,0.59,6,10,3.9,Metro,0
34062,34,11,466649,56661,0.51,0.03,16,0,4.8,Metro,0
34063,13,18,686040,45876,0.58,0.07,15,7,4.5,Metro,0
34064,10,3,106590,45773,0.25,0.01,9,3,3.9,Other,0
34065,12,19,1030909,61320,0.06,0.04,13,44,4.8,Other,0
34066,3,7,275346,42265,0.32,0.13,14,16,4.1,Seoul,0
34067,17,14,486262,39861,0.52,0.11,7,16,4.4,Metro,0
34068,33,5,133286,28607,0.43,0.04,16,13,4.0,Seoul,0
34069,7,9,376341,41615,0.46,0.61,10,16,3.3,Metro,0
34070,8,7,441331,51466,0.83,0.12,24,24,4.4,Metro,0
34071,85,4,144924,38256,0.3,0.01,7,4,3.2,Other,0
34072,29,5,88868,22381,0.35,0.12,11,7,4.3,Seoul,0
34073,68,2,37110,32199,0.21,0.06,3,0,3.8,Seoul,0
34074,13,9,386685,47275,0.72,0.06,19,25,4.5,Seoul,0
34075,7,23,1445257,58384,0.12,0.03,19,35,4.6,Seoul,0
34076,75,5,99981,36365,0.3,0.14,1,4,3.6,Other,0
34077,17,2,127449,53984,0.18,0.04,10,11,3.9,Metro,0
34078,11,9,546443,45694,0.32,0.05,7,15,3.6,Metro,0
34079,24,3,159367,49962,0.81,0.17,17,23,4.4,Metro,0
34080,73,2,37523,43967,0.34,0.11,0,0,3.2,Seoul,0
34081,70,31,3950481,10022,0.83,0.51,16,66,2.8,Metro,-1
34082,4,9,196611,29004,0.87,0.01,15,17,4.7,Metro,0
34083,29,2,78620,41191,0.13,0.13,21,5,5.0,Metro,0
34084,28,14,595951,44403,0.64,0.11,20,27,4.0,Metro,0
34085,19,8,265528,41730,0.26,0.13,6,12,3.7,Seoul,0
34086,23,11,300739,47252,0.18,0.53,10,16,2.9,Seoul,0
34087,34,5,165241,45759,0.6,0.1,7,6,4.7,Other,0
34088,18,4,291035,48713,0.16,0.12,13,12,4.6,Metro,0
34089,9,17,875392,49339,0.13,0.07,23,33,4.5,Seoul,0
34090,9,17,596303,54422,0.69,0.13,22,14,4.8,Seoul,0
34091,7,16,985501,51332,0.06,0.08,19,46,4.5,Seoul,0
34092,20,4,115662,36000,0.19,0.23,7,15,4.5,Seoul,0
34093,38,6,308367,44736,0.34,0.06,21,16,4.1,Seoul,0
34094,15,9,370352,45692,0.89,0.07,17,16,4.1,Other,0
34095,23,10,499781,48638,0.92,0.09,23,9,3.9,Other,0
34096,25,11,535300,42255,0.78,0.05,19,16,4.2,Metro,0
34097,13,5,141606,47737,0.29,0.12,6,9,3.7,Seoul,0
34098,8,6,187551,38488,0.2,0.07,13,14,4.3,Other,0
34099,14,1,30192,22971,0.46,0.02,17,12,4.7,Metro,0
34100,1,4,140039,60756,0.24,0.54,13,14,3.8,Metro,0
34101,17,15,502158,42743,0.9,0.08,18,13,4.3,Metro,0
34102,28,1,23549,36071,0.32,0.15,6,7,4.5,Other,0
34103,48,1,35911,31269,0.35,0.1,8,4,4.3,Seoul,0
34104,9,6,264704,51818,0.8,0.22,23,27,4.2,Seoul,0
34105,30,7,170079,51425,0.29,0.33,25,11,4.0,Seoul,0
34106,7,18,1249145,53123,0.3,0.03,24,25,4.9,Other,0
34107,27,8,467994,53667,0.42,0.19,13,16,4.9,Other,0
34108,15,10,275759,34339,0.33,0.09,9,10,4.5,Seoul,0
34109,19,15,579917,43689,0.29,0.56,11,15,2.9,Other,0
34110,15,5,206368,34028,0.42,0.12,14,9,4.2,Seoul,0
34111,9,17,519843,37311,0.62,0.14,15,26,4.1,Seoul,0
34112,30,8,243658,37165,0.19,0.1,11,13,4.5,Metro,0
34113,4,7,337862,50516,0.34,0.09,13,21,4.2,Seoul,0
34114,2,9,527805,50912,0.38,0.09,15,0,3.6,Metro,0
34115,27,9,285084,35754,0.42,0.05,8,20,5.0,Metro,0
34116,10,8,265083,36627,0.76,0.08,12,18,4.7,Other,0
34117,36,3,77679,38944,0.31,0.12,12,9,4.5,Seoul,0
34118,36,6,239007,41415,0.4,0.17,11,11,3.2,Seoul,0
34119,27,5,160670,38653,0.62,0.05,18,21,4.1,Seoul,0
34120,64,5,129714,32117,0.25,0.08,3,4,3.9,Other,0
34121,7,9,212935,39322,0.39,0.3,13,23,3.5,Metro,0
34122,29,8,339482,55518,0.4,0.07,7,5,4.6,Seoul,0
34123,39,8,175155,24532,0.47,0.11,16,2,4.8,Other,0
34124,60,2,42743,38878,0.4,0.14,5,4,4.5,Seoul,0
34125,15,0,0,54733,0.3,0.46,10,15,3.1,Metro,0
34126,11,8,176101,42164,0.72,0.08,18,14,3.7,Metro,0
34127,23,8,239574,30221,0.4,0.02,4,12,4.6,Seoul,0
34128,94,2,36487,20989,0.36,0.05,7,2,3.9,Seoul,0
34129,20,6,384378,64879,0.21,0.06,5,8,4.8,Metro,0
34130,18,8,388375,50307,0.23,0.33,15,0,4.0,Seoul,0
34131,24,8,505339,53600,0.21,0.07,15,7,4.5,Metro,0
34132,29,2,58236,29587,0.58,0.22,5,6,4.0,Metro,0
34133,91,2,112953,46061,0.31,0.1,5,4,3.4,Metro,0
34134,72,3,182137,71221,0.2,0.04,21,1,4.4,Metro,0
34135,23,10,639059,48743,0.34,0.14,5,9,4.8,Other,0
34136,14,16,1208465,66888,0.11,0.11,25,46,4.3,Metro,0
34137,27,9,414963,44018,0.34,0.1,20,11,4.7,Other,0
34138,46,10,692771,56298,0.18,0.25,17,14,3.8,Other,0
34139,32,6,194473,35133,0.58,0.09,4,11,4.8,Other,0
34140,5,4,164946,38630,0.33,0.06,12,10,4.1,Metro,0
34141,84,4,112001,39041,0.16,0.07,11,1,3.6,Seoul,0
34142,46,6,230566,43690,0.21,0.07,5,5,4.2,Other,0
34143,12,13,526469,48422,0.13,0.2,36,30,4.9,Metro,0
34144,107,3,112825,38744,0.44,0.02,13,6,4.1,Metro,0
34145,117,3,53398,33685,0.26,0.01,6,5,4.5,Metro,0
34146,16,7,149721,30729,0.83,0.11,17,3,4.3,Metro,0
34147,7,14,769792,49242,0.08,0.05,29,36,4.9,Seoul,0
34148,29,11,333830,47543,0.16,0.06,8,15,4.2,Metro,0
34149,100,2,73813,43513,0.28,0.08,0,1,4.4,Metro,0
34150,60,3,150308,36709,0.28,0.02,4,6,4.1,Seoul,0
34151,7,10,454421,47117,0.62,0.08,24,13,5.0,Other,0
34152,0,4,208709,46038,0.03,0.2,10,8,5.0,Metro,0
34153,92,3,119227,47809,0.35,0.05,5,3,4.7,Seoul,0
34154,77,2,52996,24313,0.07,0.21,8,1,3.7,Metro,0
34155,20,6,272598,44846,0.31,0.23,2,11,3.6,Metro,0
34156,8,12,861449,45971,0.05,0.01,12,36,4.6,Metro,0
34157,29,5,237361,50990,0.22,0.61,10,14,3.9,Seoul,0
34158,4,18,1116897,43144,0.12,0.04,20,32,4.4,Other,0
34159,172,37,4755912,158616,0.46,0.7,3,101,2.9,Other,-1
34160,6,4,152001,40850,0.81,0.08,21,22,4.1,Seoul,0
34161,16,9,360108,39435,0.51,0.03,8,6,4.1,Metro,0
34162,14,9,479490,47976,0.79,0.01,17,21,4.1,Seoul,0
34163,19,6,218491,46175,0.65,0.05,11,14,4.5,Metro,0
34164,60,2,68773,38339,0.33,0.07,1,6,3.8,Seoul,0
34165,25,5,317308,45421,0.23,0.08,11,16,4.3,Seoul,0
34166,12,11,333979,27167,0.79,0.11,18,16,4.3,Metro,0
34167,6,16,465678,57456,0.15,0.13,20,29,4.8,Seoul,0
34168,80,4,110968,40490,0.39,0.21,7,2,4.6,Seoul,0
34169,65,20,694725,33837,0.89,0.12,10,45,2.9,Other,0
34170,91,1,17469,49229,0.33,0.19,4,4,4.3,Other,0
34171,32,4,100965,46288,0.32,0.39,9,19,3.4,Seoul,0
34172,40,5,164277,40615,0.4,0.12,10,18,4.7,Metro,0
34173,16,11,500686,52602,0.45,0.44,11,13,3.4,Metro,0
34174,12,13,555243,48003,0.92,0.09,18,22,4.9,Seoul,0
34175,41,7,373670,38326,0.33,0.02,13,15,3.7,Seoul,0
34176,44,0,0,29825,0.26,0.04,16,20,4.0,Other,0
34177,23,2,85919,55815,0.33,0.08,25,17,5.0,Metro,0
34178,17,6,187497,36696,0.09,0.73,14,8,3.8,Other,0
34179,0,5,211742,49750,0.25,0.06,18,10,3.9,Metro,0
34180,0,9,543267,52062,0.23,0.18,7,4,4.3,Other,0
34181,34,6,173187,32572,0.19,0.12,9,12,4.1,Metro,0
34182,8,15,917250,56623,0.08,0.01,25,32,4.6,Seoul,0
34183,24,6,378084,38501,0.49,0.13,14,2,3.5,Metro,0
34184,103,3,87526,27090,0.08,0.05,4,3,4.5,Other,0
34185,37,8,393968,38434,0.09,0.57,13,19,3.6,Other,0
34186,43,7,208253,42368,0.27,0.16,18,15,3.9,Seoul,0
34187,10,14,1152972,65262,0.2,0.02,16,27,4.4,Metro,0
34188,10,18,1213752,63331,0.08,0.08,19,51,5.0,Other,0
34189,3,19,1429717,74177,0.1,0.08,15,31,4.5,Seoul,0
34190,88,4,100885,26843,0.24,0.04,3,4,3.9,Metro,0
34191,11,11,653610,54409,0.05,0.06,18,44,4.4,Seoul,0
34192,31,5,319597,46216,0.38,0.06,21,11,3.9,Other,0
34193,4,2,64062,36075,0.23,0.04,3,7,4.6,Metro,0
34194,18,8,426075,58606,0.28,0.15,17,9,3.9,Other,0
34195,4,11,358883,51358,0.77,0.17,21,15,4.3,Metro,0
34196,30,7,267943,50920,0.46,0.28,6,17,4.8,Seoul,0
34197,7,11,694909,52916,0.1,0.06,19,43,4.8,Metro,0
34198,12,7,315099,44631,0.5,0.02,11,12,4.0,Seoul,0
34199,13,13,616117,45070,0.89,0.2,18,11,4.1,Metro,0
34200,3,20,769219,44598,0.25,0.03,20,38,4.7,Seoul,0
34201,25,7,287441,42210,0.64,0.16,17,22,4.5,Seoul,0
34202,43,3,114881,45728,0.37,0.09,17,10,4.5,Seoul,0
34203,12,10,850775,60573,0.04,0.08,15,34,5.0,Other,0
34204,20,10,379223,41012,0.26,0.21,8,8,4.4,Metro,0
34205,21,5,124283,36867,0.34,0.11,10,11,4.3,Metro,0
34206,6,10,102115,21302,0.26,0.13,22,14,4.6,Other,0
34207,8,10,439578,48056,0.65,0.07,11,14,4.5,Other,0
34208,13,18,1108069,55948,0.02,0.12,28,37,4.6,Seoul,0
34209,86,3,108353,35175,0.43,0.03,5,5,4.0,Metro,0
34210,20,2,140540,50900,0.8,0.08,14,24,4.5,Metro,0
34211,49,1,34830,50887,0.24,0.11,20,13,4.3,Seoul,0
34212,71,4,108142,22860,0.24,0.04,7,5,3.9,Seoul,0
34213,79,2,59988,56452,0.1,0.07,0,0,3.5,Seoul,0
34214,8,22,1235081,60210,0.2,0.03,25,40,4.6,Metro,0
34215,23,5,284697,43527,0.56,0.12,14,5,4.6,Other,0
34216,0,9,411187,45660,0.84,0.12,19,6,4.1,Metro,0
34217,28,10,558310,53652,0.35,0.1,3,13,3.6,Seoul,0
34218,10,22,1366470,45887,0.01,0.1,13,36,4.8,Other,0
34219,2,5,171164,36765,0.49,0.41,14,11,3.4,Other,0
34220,16,6,260283,48235,0.37,0.14,4,6,3.8,Metro,0
34221,8,10,457308,46183,0.65,0.04,19,15,4.2,Other,0
34222,10,19,866622,57813,0.38,0.05,22,22,4.7,Seoul,0
34223,1,10,549494,53599,0.77,0.12,11,22,4.7,Metro,0
34224,23,4,226742,47328,0.65,0.14,15,21,4.5,Seoul,0
34225,20,8,231429,36398,0.83,0.11,13,17,4.6,Seoul,0
34226,20,0,0,42745,0.24,0.13,13,10,4.0,Seoul,0
34227,29,4,65945,43812,0.2,0.06,14,0,3.8,Metro,0
34228,7,8,324700,50866,0.76,0.11,25,20,4.4,Other,0
34229,30,7,260555,36379,0.68,0.21,13,9,4.4,Metro,0
34230,16,8,286538,41134,0.77,0.04,19,19,4.7,Metro,0
34231,3,8,463208,50485,0.43,0.46,19,4,2.6,Metro,0
34232,13,19,1055078,56642,0.17,0.1,13,20,4.7,Other,0
34233,32,10,240688,32246,0.45,0.07,7,7,4.3,Metro,0
34234,37,5,181661,34092,0.34,0.06,12,4,4.9,Metro,0
34235,10,25,1383120,56112,0.03,0.09,30,47,4.8,Metro,0
34236,22,11,337170,42233,0.65,0.06,20,9,4.5,Seoul,0
34237,45,3,190736,45467,0.12,0.15,6,2,4.0,Other,0
34238,33,9,240752,34358,0.2,0.06,17,8,4.5,Other,0
34239,32,7,239191,41253,0.19,0.26,11,15,4.0,Seoul,0
34240,17,5,265201,50047,0.14,0.07,7,7,4.3,Seoul,0
34241,22,8,372646,49162,0.26,0.22,12,3,4.6,Metro,0
34242,10,8,200923,29335,0.45,0.13,14,18,4.5,Other,0
34243,86,1,23599,42138,0.26,0.15,8,5,3.8,Other,0
34244,19,5,177368,50743,0.46,0.17,10,8,4.3,Other,0
34245,30,4,221084,44275,0.24,0.1,14,16,3.9,Seoul,0
34246,24,8,335838,42748,0.55,0.05,18,16,4.2,Seoul,0
34247,30,2,90533,49304,0.24,0.24,11,5,4.2,Metro,0
34248,2,7,504524,49534,0.12,0.09,32,14,4.7,Other,0
34249,11,9,439691,48782,0.72,0.05,15,19,4.6,Seoul,0
34250,33,7,231352,47631,0.19,0.06,5,15,3.8,Metro,0
34251,0,8,382458,54242,0.87,0.14,16,21,4.1,Seoul,0
34252,15,14,878645,64515,0.21,0.07,22,37,4.6,Seoul,0
34253,8,12,451368,42171,0.66,0.05,20,18,4.9,Other,0
34254,43,5,72927,27932,0.27,0.08,10,14,4.6,Seoul,0
34255,9,7,348791,44784,0.24,0.26,17,14,4.6,Other,0
34256,11,19,926425,71402,0.04,0.27,17,33,4.9,Other,0
34257,5,15,664601,46117,0.26,0.12,18,36,4.6,Metro,0
34258,84,3,117472,44263,0.19,0.14,7,2,3.7,Seoul,0
34259,32,9,491428,38931,0.26,0.51,6,12,3.1,Other,0
34260,111,24,166146,52881,0.32,0.61,16,63,3.7,Metro,-1
34261,16,8,376497,37846,0.23,0.39,15,17,4.2,Other,0
34262,3,7,348083,56243,0.3,0.09,10,13,4.0,Seoul,0
34263,29,8,396585,43152,0.7,0.18,21,10,4.3,Metro,0
34264,22,7,231129,32318,0.16,0.11,22,15,4.3,Metro,0
34265,43,6,316207,34681,0.54,0.12,3,10,4.3,Seoul,0
34266,42,3,84605,25097,0.54,0.11,14,9,4.3,Seoul,0
34267,69,15,1699749,74590,0.09,0.15,72,8,1.1,Seoul,-1
34268,27,7,276474,38946,0.05,0.06,15,14,3.9,Metro,0
34269,22,8,139023,29754,0.24,0.23,6,19,4.0,Seoul,0
34270,28,12,584813,35255,0.11,0.1,12,25,4.5,Metro,0
34271,25,6,183083,46210,0.56,0.67,21,12,4.4,Seoul,0
34272,74,2,56557,33083,0.11,0.06,5,1,4.0,Seoul,0
34273,38,5,207527,45218,0.25,0.17,1,11,4.4,Other,0
34274,16,3,273969,50341,0.38,0.03,12,6,4.5,Seoul,0
34275,14,18,846307,51815,0.72,0.13,19,23,4.3,Metro,0
34276,3,21,1516938,60764,0.13,0.16,19,26,4.9,Seoul,0
34277,99,4,87578,35112,0.61,0.02,6,4,4.6,Metro,0
34278,138,27,1716283,109450,0.63,0.25,53,82,4.9,Other,-1
34279,10,7,281604,43389,0.63,0.03,19,22,4.4,Seoul,0
34280,26,6,154255,38861,0.4,0.07,14,7,3.7,Metro,0
34281,9,16,636705,31977,0.07,0.15,21,38,5.0,Other,0
34282,66,5,177942,40738,0.22,0.18,10,3,3.5,Seoul,0
34283,38,8,444503,40904,0.44,0.12,15,10,4.3,Other,0
34284,6,17,1551240,60349,0.11,0.02,30,37,4.6,Metro,0
34285,35,8,365014,41831,0.34,0.12,11,10,4.2,Seoul,0
34286,31,12,567874,38553,0.8,0.09,20,24,4.3,Other,0
34287,32,8,254261,35861,0.29,0.65,21,8,3.4,Metro,0
34288,17,6,283983,55455,0.94,0.11,15,12,4.8,Seoul,0
34289,0,13,1069421,49386,0.28,0.63,15,16,3.7,Metro,0
34290,1,10,652439,50195,0.25,0.09,6,12,4.0,Seoul,0
34291,8,15,824172,40039,0.11,0.11,28,57,5.0,Seoul,0
34292,10,14,803851,50800,0.04,0.04,28,36,4.6,Metro,0
34293,5,14,566447,44496,0.03,0.04,23,46,4.6,Seoul,0
34294,35,7,242343,50218,0.2,0.16,5,12,3.5,Metro,0
34295,25,3,105533,50972,0.34,0.18,6,12,3.7,Metro,0
34296,109,1,21512,33966,0.59,0.09,6,4,3.8,Other,0
34297,104,4,103200,30580,0.39,0.08,11,4,3.1,Metro,0
34298,33,7,221420,45185,0.41,0.13,14,3,3.9,Seoul,0
34299,22,1,9344,40739,0.25,0.11,13,6,4.2,Other,0
34300,31,5,171443,38415,0.4,0.03,1,5,4.5,Seoul,0
34301,98,4,112449,33764,0.23,0.18,8,0,3.5,Metro,0
34302,26,5,127172,48432,0.33,0.27,21,13,4.8,Other,0
34303,31,10,284926,39886,0.38,0.41,18,16,3.5,Metro,0
34304,76,3,96022,41054,0.32,0.03,6,7,4.3,Seoul,0
34305,3,17,1296840,53275,0.08,0.03,15,23,4.8,Other,0
34306,9,13,817100,61710,0.03,0.01,17,43,4.8,Metro,0
34307,18,7,258024,35420,0.4,0.09,13,1,4.0,Metro,0
34308,5,11,324566,37885,0.64,0.08,16,19,4.2,Metro,0
34309,26,6,325071,57557,0.3,0.45,21,6,3.3,Metro,0
34310,16,7,245810,35479,0.24,0.09,10,17,4.5,Other,0
34311,23,4,152995,47490,0.36,0.11,8,13,4.3,Seoul,0
34312,9,4,236939,49729,0.52,0.13,10,11,4.7,Metro,0
34313,13,11,412844,37416,0.87,0.17,23,14,3.9,Seoul,0
34314,20,6,275542,43014,0.54,0.14,18,5,4.8,Metro,0
34315,5,20,770159,40141,0.1,0.07,22,37,4.7,Metro,0
34316,21,7,466688,48713,0.26,0.02,16,10,4.8,Metro,0
34317,3,4,253368,57185,0.23,0.68,9,10,3.3,Seoul,0
34318,37,8,465142,40591,0.54,0.27,11,3,4.5,Metro,0
34319,33,5,205988,41660,0.63,0.02,17,15,4.2,Metro,0
34320,71,4,84197,45292,0.21,0.14,6,0,4.4,Other,0
34321,49,6,301520,46300,0.3,0.13,16,10,4.3,Metro,0
34322,5,3,139851,35941,0.36,0.07,11,18,4.2,Seoul,0
34323,22,3,251269,49464,0.18,0.12,17,18,4.1,Seoul,0
34324,8,19,986273,52124,0.11,0.09,15,37,4.9,Other,0
34325,21,6,204570,33208,0.76,0.16,27,18,4.3,Seoul,0
34326,40,1,30865,40825,0.28,0.42,18,11,3.8,Seoul,0
34327,165,15,517550,162634,0.14,0.2,2,18,1.4,Metro,-1
34328,28,4,156906,41403,0.09,0.1,18,14,3.4,Other,0
34329,22,9,263852,43794,0.37,0.17,15,18,3.6,Metro,0
34330,13,2,106925,59990,0.3,0.5,12,7,2.8,Seoul,0
34331,6,11,782330,67648,0.11,0.02,27,49,5.0,Metro,0
34332,18,2,60101,34997,0.31,0.56,10,13,3.6,Other,0
34333,10,9,566612,58454,0.2,0.02,25,37,4.7,Other,0
34334,27,38,518055,122166,0.77,0.91,34,83,4.0,Other,-1
34335,14,10,405909,50481,0.41,0.18,15,3,4.1,Other,0
34336,9,16,907873,45582,0.12,0.09,25,29,4.5,Metro,0
34337,4,28,1445334,51230,0.15,0.09,11,30,4.6,Metro,0
34338,2,21,1202718,67449,0.3,0.05,30,42,4.8,Other,0
34339,33,7,155102,23147,0.4,0.08,8,9,4.2,Metro,0
34340,27,9,210005,31593,0.26,0.08,2,10,4.4,Metro,0
34341,7,14,652062,60715,0.25,0.07,13,39,4.8,Seoul,0
34342,9,18,963073,47654,0.18,0.09,21,23,4.7,Other,0
34343,21,8,462956,52239,0.52,0.06,13,14,4.2,Seoul,0
34344,14,9,458795,50871,0.59,0.13,23,35,4.6,Metro,0
34345,37,6,343250,47397,0.28,0.17,11,11,4.5,Metro,0
34346,25,2,96197,42553,0.24,0.5,13,22,3.7,Seoul,0
34347,52,0,0,39035,0.26,0.05,10,11,4.2,Metro,0
34348,14,12,549749,43612,0.29,0.08,5,3,4.6,Metro,0
34349,32,5,382812,48373,0.54,0.23,16,7,4.4,Other,0
34350,27,5,339638,56977,0.23,0.07,11,13,4.0,Seoul,0
34351,20,15,855655,52524,0.76,0.17,4,23,4.7,Seoul,0
34352,9,19,1114153,52863,0.1,0.09,26,39,4.5,Other,0
34353,33,10,252427,39225,0.18,0.12,7,10,4.7,Other,0
34354,5,11,553082,53119,0.31,0.08,24,26,4.9,Metro,0
34355,41,6,281383,54854,0.09,0.15,9,8,4.1,Other,0
34356,42,12,462932,48111,0.24,0.05,7,9,4.2,Seoul,0
34357,8,2,69516,54495,0.09,0.55,9,21,3.4,Other,0
34358,3,7,235039,44612,0.9,0.13,14,13,4.4,Other,0
34359,56,2,76248,36482,0.39,0.04,6,0,4.6,Metro,0
34360,19,4,184199,34686,0.26,0.25,10,15,4.2,Seoul,0
34361,4,10,239488,35113,0.74,0.12,19,16,4.2,Seoul,0
34362,5,9,281773,37531,0.38,0.02,12,13,4.5,Metro,0
34363,24,5,215521,53885,0.36,0.07,14,7,4.9,Seoul,0
34364,26,8,421707,60260,0.13,0.52,11,12,4.1,Metro,0
34365,24,6,248802,55731,0.31,0.22,3,20,3.9,Seoul,0
34366,8,21,1095965,50696,0.1,0.04,14,39,5.0,Metro,0
34367,84,2,83814,37568,0.3,0.01,3,3,4.2,Metro,0
34368,0,4,138406,42559,0.16,0.06,13,10,4.6,Seoul,0
34369,13,15,745980,41318,0.09,0.09,15,29,4.7,Other,0
34370,70,3,23417,26875,0.32,0.13,8,0,4.0,Seoul,0
34371,9,10,349727,41953,0.79,0.14,13,16,4.4,Metro,0
34372,8,16,1068422,49579,0.01,0.01,24,33,5.0,Seoul,0
34373,37,4,198111,52903,0.17,0.14,4,7,4.9,Metro,0
34374,12,9,377362,39882,0.89,0.03,12,19,4.2,Metro,0
34375,19,9,344726,46189,0.17,0.12,10,6,4.7,Metro,0
34376,16,4,101383,34787,0.58,0.08,16,9,3.7,Metro,0
34377,24,7,376912,42399,0.27,0.04,14,13,3.9,Seoul,0
34378,18,11,249568,38578,0.74,0.06,20,20,4.1,Other,0
34379,18,7,292438,44707,0.24,0.07,11,15,4.7,Seoul,0
34380,0,16,1004487,66114,0.15,0.01,25,31,4.9,Metro,0
34381,23,2,57251,30451,0.41,0.13,2,17,4.3,Metro,0
34382,31,9,402748,45540,0.74,0.14,21,5,4.6,Metro,0
34383,9,12,388953,37764,0.8,0.17,16,8,4.3,Other,0
34384,83,2,99574,41591,0.42,0.13,12,6,4.3,Seoul,0
34385,40,2,95768,40561,0.29,0.11,10,14,3.7,Metro,0
34386,19,10,330329,31134,0.28,0.38,17,3,3.1,Other,0
34387,12,10,258157,44042,0.81,0.1,16,30,4.3,Other,0
34388,9,9,262267,29566,0.84,0.02,14,16,4.7,Other,0
34389,26,4,170402,38269,0.29,0.15,20,12,3.8,Other,0
34390,50,5,220751,52018,0.34,0.16,17,5,3.7,Metro,0
34391,22,10,474656,53754,0.73,0.33,21,27,4.1,Seoul,0
34392,33,6,338138,45243,0.41,0.21,24,15,4.2,Seoul,0
34393,33,7,275889,40868,0.31,0.09,12,12,4.3,Metro,0
34394,23,9,386666,53019,0.26,0.15,8,14,4.2,Metro,0
34395,78,2,58168,37143,0.33,0.07,1,1,3.6,Seoul,0
34396,54,2,29468,30492,0.15,0.12,10,1,3.1,Other,0
34397,178,39,4728780,103445,0.15,0.21,33,0,1.6,Metro,-1
34398,24,10,349215,29396,0.38,0.13,10,11,3.8,Seoul,0
34399,11,14,636426,48092,0.58,0.13,23,5,4.5,Metro,0
34400,37,6,245128,34419,0.41,0.03,13,9,3.8,Seoul,0
34401,39,4,226777,54376,0.31,0.13,10,10,4.3,Seoul,0
34402,28,8,347046,48776,0.08,0.12,16,12,4.5,Other,0
34403,8,21,1194966,51951,0.05,0.05,15,47,5.0,Seoul,0
34404,28,8,364025,43321,0.8,0.22,19,12,4.2,Metro,0
34405,96,3,96033,34141,0.57,0.25,7,3,3.8,Seoul,0
34406,32,6,185644,28746,0.36,0.1,15,10,4.2,Metro,0
34407,10,6,192431,50968,0.48,0.46,12,12,3.2,Metro,0
34408,77,1,74174,42282,0.34,0.07,9,6,3.8,Seoul,0
34409,23,7,263374,44963,0.26,0.17,5,3,3.9,Seoul,0
34410,9,8,335658,44817,0.82,0.26,11,34,4.2,Seoul,0
34411,92,3,176252,45823,0.14,0.07,4,5,4.0,Seoul,0
34412,15,13,908212,54174,0.28,0.02,24,38,4.8,Metro,0
34413,28,9,269749,31598,0.37,0.1,16,20,4.0,Metro,0
34414,21,13,364416,34076,0.75,0.09,16,10,4.9,Other,0
34415,24,10,304590,36676,0.74,0.21,22,29,4.1,Seoul,0
34416,26,5,176318,39165,0.26,0.15,13,6,4.5,Seoul,0
34417,25,10,481946,47120,0.44,0.18,20,1,3.9,Metro,0
34418,2,9,486350,56124,0.11,0.1,13,45,4.7,Seoul,0
34419,7,17,1379753,72745,0.03,0.09,26,58,4.9,Other,0
34420,37,2,144123,42694,0.4,0.18,17,8,4.4,Metro,0
34421,4,8,356139,36835,0.83,0.09,9,20,4.2,Metro,0
34422,18,10,474963,42177,0.95,0.02,18,19,4.5,Metro,0
34423,24,8,316859,42380,0.45,0.06,18,5,4.1,Metro,0
34424,0,11,363874,51283,0.8,0.14,19,14,4.4,Seoul,0
34425,17,4,186186,35590,0.41,0.05,12,25,4.1,Metro,0
34426,52,4,214039,40717,0.13,0.18,5,3,3.6,Seoul,0
34427,20,9,272624,45033,0.69,0.26,28,13,4.0,Seoul,0
34428,6,8,470771,55071,0.08,0.05,17,35,4.6,Metro,0
34429,6,12,298820,35698,0.59,0.02,15,21,4.9,Seoul,0
34430,7,15,790192,63752,0.27,0.04,22,47,4.8,Other,0
34431,170,16,3291911,35085,0.17,0.17,18,8,2.7,Seoul,-1
34432,95,36,3333508,8690,0.77,0.37,66,42,2.6,Metro,-1
34433,22,7,361946,53384,0.37,0.15,5,9,4.6,Metro,0
34434,60,4,224657,53249,0.11,0.03,10,2,3.7,Metro,0
34435,22,7,416740,47470,0.31,0.12,19,15,4.2,Metro,0
34436,30,5,261161,35754,0.43,0.09,16,11,3.9,Metro,0
34437,74,25,1309273,152364,0.76,0.78,47,29,2.1,Other,-1
34438,19,10,244789,41436,0.69,0.22,26,19,4.3,Metro,0
34439,22,11,499206,39544,0.8,0.2,15,22,4.5,Other,0
34440,20,11,468679,41892,0.7,0.06,23,15,5.0,Metro,0
34441,8,21,1181118,50215,0.19,0.15,21,29,5.0,Seoul,0
34442,14,2,105575,47346,0.72,0.16,20,31,4.3,Other,0
34443,39,4,89327,40211,0.45,0.07,10,15,3.4,Other,0
34444,23,9,490680,47788,0.31,0.56,9,6,4.4,Seoul,0
34445,12,18,1072446,52925,0.43,0.13,29,45,4.9,Seoul,0
34446,67,6,194646,46923,0.47,0.31,6,4,4.4,Metro,0
34447,80,3,114793,42411,0.05,0.03,8,3,3.4,Seoul,0
34448,73,5,146276,32378,0.37,0.02,4,3,3.9,Seoul,0
34449,22,7,176050,38069,0.57,0.1,14,4,4.2,Seoul,0
34450,7,20,1345856,55100,0.46,0.11,23,29,4.7,Metro,0
34451,44,8,418813,44299,0.41,0.06,12,12,4.2,Other,0
34452,12,9,394116,35586,0.31,0.41,19,18,3.2,Other,0
34453,25,11,661274,58048,0.1,0.19,9,3,4.9,Metro,0
34454,31,5,142561,35196,0.2,0.12,4,11,4.4,Seoul,0
34455,37,2,145508,48061,0.49,0.08,10,9,4.4,Metro,0
34456,11,9,272538,36961,0.7,0.13,17,19,4.1,Seoul,0
34457,12,18,778104,48807,0.07,0.05,18,35,4.7,Seoul,0
34458,40,7,335101,50697,0.59,0.15,8,9,4.0,Metro,0
34459,7,26,1508062,53370,0.16,0.17,24,39,4.9,Other,0
34460,33,2,71249,47392,0.47,0.17,18,10,3.9,Metro,0
34461,102,3,163808,47049,0.43,0.07,5,3,3.7,Metro,0
34462,96,2,57757,31851,0.19,0.1,8,4,3.1,Other,0
34463,13,5,251867,39579,0.73,0.08,20,30,4.5,Metro,0
34464,15,8,496192,41368,0.24,0.59,5,18,3.5,Metro,0
34465,6,13,611240,48875,0.83,0.12,17,12,5.0,Metro,0
34466,13,8,234362,45283,0.63,0.09,29,18,4.4,Seoul,0
34467,12,13,451642,50954,0.82,0.11,8,24,4.3,Other,0
34468,56,10,474871,51215,0.22,0.05,14,7,4.5,Other,0
34469,14,10,556158,53931,0.36,0.38,13,12,3.1,Seoul,0
34470,8,5,172908,52051,0.94,0.07,17,19,4.5,Metro,0
34471,2,9,284602,53682,0.26,0.47,20,11,4.0,Seoul,0
34472,2,10,393133,32476,0.76,0.12,17,21,3.8,Seoul,0
34473,25,8,440469,42383,0.46,0.32,10,0,4.1,Seoul,0
34474,6,14,1166511,62104,0.04,0.08,35,41,4.8,Seoul,0
34475,60,3,86228,43974,0.53,0.05,7,4,3.8,Metro,0
34476,7,3,133408,47423,0.28,0.12,18,14,3.9,Metro,0
34477,25,2,118626,44105,0.36,0.15,17,16,4.7,Seoul,0
34478,5,9,490497,44018,0.66,0.17,17,12,4.2,Seoul,0
34479,35,4,137964,31451,0.34,0.27,13,12,4.1,Metro,0
34480,13,4,214961,47215,0.25,0.53,12,6,3.9,Other,0
34481,134,3,24230,18448,0.25,0.02,8,6,3.5,Metro,0
34482,30,7,330580,33631,0.29,0.12,12,3,3.9,Metro,0
34483,13,4,254977,52493,0.25,0.04,7,8,5.0,Metro,0
34484,0,17,775976,38444,0.84,0.05,23,16,3.9,Seoul,0
34485,21,8,332310,38868,0.47,0.09,13,11,4.0,Seoul,0
34486,12,13,388126,33609,0.76,0.06,16,13,4.3,Metro,0
34487,15,8,392678,40078,0.49,0.04,11,5,4.0,Seoul,0
34488,4,18,1295670,48597,0.01,0.02,26,25,4.9,Metro,0
34489,17,12,299239,36476,0.81,0.03,20,17,4.2,Other,0
34490,17,5,233377,49888,0.59,0.02,18,13,4.7,Metro,0
34491,24,8,283275,41893,0.32,0.09,14,15,5.0,Seoul,0
34492,31,9,519246,49396,0.13,0.01,11,6,4.3,Metro,0
34493,16,8,454036,56312,0.55,0.39,9,14,3.6,Metro,0
34494,0,14,1062614,55001,0.12,0.12,22,28,4.8,Seoul,0
34495,0,15,444810,39895,0.84,0.08,19,17,3.6,Metro,0
34496,73,2,89544,34050,0.27,0.09,5,2,3.8,Seoul,0
34497,101,1,30672,26818,0.44,0.3,6,2,4.0,Metro,0
34498,69,1,32326,35710,0.16,0.03,9,3,2.9,Metro,0
34499,16,7,306099,42039,0.6,0.12,19,16,4.9,Other,0
34500,17,7,326786,33730,0.29,0.07,9,7,4.2,Seoul,0
34501,8,20,1040022,60670,0.07,0.08,17,40,4.5,Other,0
34502,87,4,108330,25687,0.43,0.07,10,3,4.5,Seoul,0
34503,34,5,313126,52151,0.52,0.18,10,9,3.8,Seoul,0
34504,94,4,109071,38228,0.14,0.04,3,5,5.0,Metro,0
34505,15,16,907591,48404,0.04,0.02,18,32,4.6,Metro,0
34506,45,5,110025,41737,0.47,0.14,10,1,3.5,Other,0
34507,110,2,82023,32799,0.46,0.07,4,6,3.7,Other,0
34508,16,10,295959,39938,0.91,0.06,22,15,4.5,Metro,0
34509,15,11,451747,35589,0.33,0.06,13,10,3.8,Other,0
34510,13,9,309070,37752,0.69,0.03,17,22,4.6,Seoul,0
34511,14,4,240484,54353,0.44,0.09,15,16,4.8,Metro,0
34512,51,5,264697,48156,0.32,0.08,14,9,4.4,Metro,0
34513,19,8,359827,38303,0.43,0.06,21,17,4.3,Metro,0
34514,48,16,781100,94132,0.91,0.86,28,66,2.8,Seoul,-1
34515,10,14,892238,55583,0.06,0.02,17,34,4.9,Metro,0
34516,6,8,429986,41905,0.76,0.06,20,12,4.3,Seoul,0
34517,59,2,26100,35440,0.14,0.11,7,2,3.6,Other,0
34518,11,10,724107,59127,0.84,0.16,17,5,3.9,Other,0
34519,3,5,205924,48350,0.38,0.01,15,6,3.9,Seoul,0
34520,21,1,17589,29923,0.68,0.2,13,15,4.8,Metro,0
34521,5,22,1097788,53679,0.12,0.08,22,34,4.8,Seoul,0
34522,68,1,41711,39756,0.19,0.11,7,5,3.4,Seoul,0
34523,10,5,216725,38821,0.61,0.1,3,22,4.1,Seoul,0
34524,1,3,104246,36120,0.33,0.07,13,3,4.4,Metro,0
34525,45,5,236688,44905,0.43,0.08,13,13,3.8,Seoul,0
34526,24,12,642902,50002,0.19,0.08,8,8,3.7,Seoul,0
34527,13,5,244299,45495,0.42,0.12,11,0,4.0,Metro,0
34528,32,9,508581,36370,0.17,0.03,6,12,4.2,Metro,0
34529,7,9,226205,49960,0.75,0.18,26,31,5.0,Other,0
34530,46,5,151683,30871,0.24,0.08,14,13,4.1,Seoul,0
34531,23,3,163822,41415,0.19,0.08,12,15,4.8,Seoul,0
34532,15,10,290461,41871,0.93,0.19,14,21,4.5,Seoul,0
34533,45,4,135364,33146,0.33,0.07,7,8,4.9,Other,0
34534,63,4,123632,37623,0.27,0.04,5,8,5.0,Other,0
34535,98,25,756475,23613,0.44,0.05,78,84,1.3,Other,-1
34536,6,18,541725,38935,0.17,0.06,31,36,4.6,Other,0
34537,11,1,18322,42692,0.37,0.11,18,14,3.8,Seoul,0
34538,47,10,434856,49409,0.22,0.12,13,9,4.4,Other,0
34539,11,16,851092,52011,0.13,0.04,23,39,4.7,Other,0
34540,64,1,34191,48783,0.48,0.07,5,5,3.8,Other,0
34541,15,18,1310917,57973,0.18,0.07,16,39,4.5,Seoul,0
34542,13,17,1360729,68963,0.16,0.02,35,29,4.4,Seoul,0
34543,18,13,823983,53284,0.26,0.49,21,16,3.6,Seoul,0
34544,65,2,78595,32517,0.52,0.13,1,4,4.3,Metro,0
34545,51,3,88390,42298,0.11,0.16,8,5,4.6,Seoul,0
34546,16,9,394572,38935,0.92,0.07,16,13,4.3,Seoul,0
34547,25,6,284373,59726,0.48,0.52,10,16,3.7,Seoul,0
34548,8,4,122391,27873,0.75,0.09,14,21,4.3,Metro,0
34549,16,7,309661,48813,0.28,0.21,11,7,4.0,Metro,0
34550,21,9,355745,47339,0.96,0.25,20,17,4.5,Metro,0
34551,10,17,1224824,59543,0.07,0.02,33,32,4.7,Metro,0
34552,18,5,171970,51842,0.3,0.07,9,11,3.1,Seoul,0
34553,7,15,1110331,64010,0.06,0.01,25,42,5.0,Metro,0
34554,37,4,178149,42841,0.2,0.2,15,18,4.9,Seoul,0
34555,17,4,121421,31913,0.84,0.12,16,20,4.4,Metro,0
34556,25,5,144555,39384,0.3,0.07,16,7,3.7,Other,0
34557,24,9,306776,46953,0.39,0.05,16,9,5.0,Metro,0
34558,22,2,148525,46811,0.22,0.03,15,5,4.2,Seoul,0
34559,8,13,706218,45327,0.06,0.07,30,31,4.7,Seoul,0
34560,17,6,352145,46411,0.22,0.11,17,11,4.7,Other,0
34561,9,9,289053,50485,0.47,0.42,12,13,3.7,Other,0
34562,12,14,547475,47795,0.79,0.07,26,23,4.5,Metro,0
34563,31,8,316229,54189,0.87,0.26,21,19,4.5,Metro,0
34564,27,9,807313,60190,0.55,0.25,10,15,4.8,Other,0
34565,21,3,126685,33020,0.65,0.07,17,19,4.2,Seoul,0
34566,31,1,45413,48982,0.41,0.03,9,2,4.6,Seoul,0
34567,22,4,222078,53651,0.39,0.2,14,9,4.3,Seoul,0
34568,4,15,954364,53985,0.04,0.04,20,32,5.0,Other,0
34569,32,2,81815,33243,0.52,0.19,13,15,4.3,Seoul,0
34570,30,3,105372,34236,0.31,0.2,11,8,4.3,Other,0
34571,2,8,544025,50179,0.79,0.2,13,27,4.2,Metro,0
34572,30,7,218798,36033,0.43,0.01,12,7,3.7,Seoul,0
34573,11,12,387236,42178,0.84,0.15,17,21,4.3,Other,0
34574,90,1,33028,40082,0.34,0.04,5,2,4.5,Metro,0
34575,22,8,271104,43137,0.35,0.14,22,7,3.9,Metro,0
34576,31,10,156103,27341,0.82,0.17,21,19,4.5,Metro,0
34577,21,5,241492,41714,0.38,0.24,14,13,3.4,Metro,0
34578,1,9,627261,64766,0.03,0.12,26,23,4.7,Other,0
34579,77,3,99912,25290,0.41,0.13,6,4,4.5,Metro,0
34580,2,19,1035828,47898,0.04,0.13,19,35,4.7,Other,0
34581,29,2,63256,45372,0.58,0.12,16,11,4.0,Metro,0
34582,11,4,257663,57874,0.59,0.04,5,16,3.6,Other,0
34583,60,7,277412,42193,0.61,0.09,18,8,4.4,Other,0
34584,27,13,786578,70843,0.4,0.51,12,23,4.0,Seoul,0
34585,0,6,338619,47357,0.39,0.04,12,10,3.3,Metro,0
34586,18,3,170989,43690,0.1,0.13,13,10,4.1,Seoul,0
34587,31,5,292054,52741,0.44,0.05,11,12,4.3,Metro,0
34588,14,5,301471,42339,0.11,0.46,11,14,3.1,Metro,0
34589,34,8,280149,48735,0.65,0.12,6,2,4.3,Metro,0
34590,15,7,176799,42549,0.2,0.03,4,10,3.6,Seoul,0
34591,7,6,206670,33566,0.89,0.07,18,18,3.9,Seoul,0
34592,72,4,137228,38698,0.15,0.1,4,2,3.3,Seoul,0
34593,110,32,3472421,110761,0.44,0.59,75,65,2.3,Other,-1
34594,14,7,277285,43248,0.81,0.09,17,15,4.3,Other,0
34595,23,8,392298,44808,0.7,0.06,13,11,4.4,Other,0
34596,17,3,198132,63425,0.31,0.65,21,10,4.0,Seoul,0
34597,95,3,29274,37305,0.38,0.22,8,2,4.4,Metro,0
34598,19,8,266346,30935,0.7,0.11,29,22,4.3,Other,0
34599,20,5,157844,42222,0.61,0.08,17,26,4.8,Seoul,0
34600,110,2,62107,34061,0.42,0.08,7,4,3.8,Metro,0
34601,26,7,285911,48494,0.64,0.06,30,0,4.2,Metro,0
34602,2,7,223938,36133,0.17,0.41,5,9,3.1,Seoul,0
34603,7,5,218878,44135,0.19,0.44,10,6,3.6,Seoul,0
34604,9,5,149773,50774,0.35,0.18,20,7,4.0,Other,0
34605,11,4,189551,43401,0.4,0.02,13,10,3.8,Other,0
34606,19,9,506777,47765,0.84,0.05,11,21,4.8,Seoul,0
34607,36,6,242764,48983,0.6,0.03,14,12,4.1,Other,0
34608,14,5,215349,48990,0.59,0.06,13,21,4.5,Other,0
34609,7,11,1004874,62722,0.04,0.09,14,38,4.5,Metro,0
34610,27,7,353683,51506,0.21,0.64,13,25,3.2,Seoul,0
34611,35,3,115036,40955,0.3,0.02,20,17,3.6,Metro,0
34612,8,12,496510,39110,0.83,0.09,16,13,4.9,Metro,0
34613,25,5,166283,33846,0.25,0.24,13,21,4.2,Metro,0
34614,44,2,95297,52195,0.17,0.11,3,3,4.8,Seoul,0
34615,17,12,494139,45069,0.78,0.07,28,14,4.7,Seoul,0
34616,11,6,336457,49507,0.84,0.17,17,10,4.4,Seoul,0
34617,6,15,1039121,60867,0.23,0.08,38,19,4.6,Seoul,0
34618,34,9,369229,38875,0.25,0.1,3,11,3.5,Seoul,0
34619,107,4,242710,48280,0.49,0.11,6,4,3.5,Metro,0
34620,26,12,474757,48511,0.17,0.06,18,13,4.0,Other,0
34621,11,7,156910,47967,0.69,0.18,16,17,4.3,Seoul,0
34622,8,3,86799,21145,0.43,0.34,17,17,3.6,Metro,0
34623,16,2,73560,47807,0.39,0.01,12,9,4.1,Other,0
34624,11,4,152889,36823,0.56,0.13,13,14,3.9,Other,0
34625,1,19,1178827,57198,0.11,0.04,14,26,4.5,Seoul,0
34626,32,9,474917,55385,0.26,0.09,12,9,4.0,Metro,0
34627,17,3,93961,34059,0.16,0.17,11,20,4.0,Seoul,0
34628,24,8,409368,48240,0.81,0.09,22,24,4.3,Other,0
34629,11,9,298640,42795,0.85,0.05,23,14,4.5,Other,0
34630,26,10,389638,41338,0.94,0.05,21,18,4.3,Metro,0
34631,16,10,546877,43905,0.85,0.13,19,22,3.9,Seoul,0
34632,75,3,77249,31899,0.41,0.17,3,3,3.4,Seoul,0
34633,13,10,298567,36654,0.75,0.21,12,25,4.3,Seoul,0
34634,1,14,515543,49785,0.76,0.13,14,8,4.7,Seoul,0
34635,35,6,296341,44484,0.17,0.14,16,17,4.2,Metro,0
34636,7,19,1136001,52370,0.12,0.08,24,24,4.4,Metro,0
34637,29,9,251518,31287,0.85,0.07,10,15,3.6,Seoul,0
34638,21,10,320492,39278,0.24,0.06,13,11,4.6,Metro,0
34639,14,5,169067,38470,0.68,0.07,17,14,4.8,Metro,0
34640,0,4,128891,41746,0.68,0.27,16,13,4.6,Seoul,0
34641,21,14,611728,45288,0.94,0.07,15,16,4.3,Seoul,0
34642,6,9,443000,47110,0.05,0.09,24,41,4.5,Seoul,0
34643,48,2,104447,43083,0.36,0.15,6,2,3.9,Other,0
34644,2,16,1095811,69203,0.04,0.01,25,20,4.7,Seoul,0
34645,14,11,481667,46603,0.79,0.06,19,6,4.5,Metro,0
34646,8,4,141645,40100,0.51,0.55,7,20,3.7,Metro,0
34647,19,6,598114,65152,0.22,0.5,18,13,4.0,Seoul,0
34648,7,10,525756,52423,0.66,0.2,15,16,4.7,Metro,0
34649,21,10,346040,42544,0.73,0.07,16,18,4.4,Seoul,0
34650,83,2,85033,43951,0.26,0.03,8,5,4.3,Metro,0
34651,41,4,226200,44755,0.54,0.06,13,8,4.8,Seoul,0
34652,14,5,268115,31738,0.52,0.06,8,11,4.6,Metro,0
34653,6,18,1223162,60055,0.02,0.04,21,34,4.6,Metro,0
34654,6,16,934540,57725,0.09,0.08,22,41,4.6,Seoul,0
34655,73,0,0,39167,0.25,0.04,7,2,3.0,Seoul,0
34656,11,3,83457,27999,0.32,0.01,24,8,4.8,Metro,0
34657,27,8,257494,37520,0.36,0.31,19,11,4.6,Seoul,0
34658,5,21,1183443,51697,0.1,0.02,23,37,4.8,Metro,0
34659,21,2,47977,49113,0.34,0.09,17,4,4.2,Other,0
34660,0,9,266834,36974,0.81,0.12,16,12,4.7,Seoul,0
34661,27,4,167396,44687,0.37,0.06,20,17,4.1,Metro,0
34662,25,6,310619,58472,0.46,0.34,16,14,4.2,Seoul,0
34663,92,4,140980,29215,0.28,0.07,7,4,3.7,Metro,0
34664,11,13,662205,55303,0.22,0.07,25,31,4.4,Other,0
34665,24,3,92682,30808,0.21,0.14,13,7,4.9,Seoul,0
34666,78,2,78620,30381,0.37,0.07,9,5,3.4,Metro,0
34667,19,5,261078,51711,0.37,0.02,17,13,4.2,Metro,0
34668,9,10,391006,40985,0.74,0.15,18,15,4.7,Metro,0
34669,22,11,472453,44990,0.43,0.24,16,0,3.8,Metro,0
34670,12,8,282398,39764,0.89,0.05,20,18,4.5,Other,0
34671,20,12,502392,45640,0.67,0.08,11,19,4.1,Metro,0
34672,30,7,207319,34531,0.93,0.05,20,8,4.4,Other,0
34673,0,8,492938,56318,0.04,0.03,22,38,4.7,Seoul,0
34674,12,6,260567,40772,0.64,0.05,19,22,3.8,Metro,0
34675,0,7,337394,49782,0.32,0.08,13,6,4.4,Seoul,0
34676,0,19,1362646,58199,0.08,0.02,22,43,4.9,Seoul,0
34677,7,14,891799,60875,0.06,0.08,14,34,4.9,Other,0
34678,118,12,287476,181225,0.08,0.51,72,34,4.9,Other,-1
34679,9,15,809827,43267,0.21,0.04,25,44,4.7,Metro,0
34680,43,7,230974,39957,0.28,0.06,12,19,4.9,Seoul,0
34681,17,12,351320,31637,0.49,0.33,6,7,3.7,Metro,0
34682,5,21,1309311,55674,0.27,0.07,23,38,4.6,Metro,0
34683,17,7,178510,26867,0.37,0.12,12,12,4.5,Metro,0
34684,30,6,267423,56388,0.47,0.08,13,18,4.1,Metro,0
34685,0,5,175853,30633,0.09,0.43,10,10,3.0,Seoul,0
34686,17,4,159584,53359,0.64,0.06,20,22,4.5,Seoul,0
34687,33,8,331796,43259,0.94,0.04,19,14,4.3,Seoul,0
34688,82,1,50925,42223,0.52,0.12,4,4,4.4,Seoul,0
34689,0,9,391274,41459,0.57,0.24,6,10,4.7,Metro,0
34690,14,8,427875,51896,0.49,0.02,15,9,3.8,Other,0
34691,66,5,213483,42055,0.1,0.08,5,3,3.7,Seoul,0
34692,14,13,394012,34629,0.89,0.21,20,28,4.2,Other,0
34693,28,3,146585,39541,0.27,0.12,18,15,4.4,Metro,0
34694,47,8,298814,43836,0.28,0.09,9,11,4.1,Seoul,0
34695,54,3,96421,35717,0.32,0.03,1,0,4.5,Metro,0
34696,30,7,221100,28358,0.21,0.22,10,9,3.9,Other,0
34697,90,2,119868,48526,0.15,0.07,5,2,3.6,Metro,0
34698,65,4,140919,49947,0.41,0.04,4,7,4.1,Metro,0
34699,32,7,307470,35551,0.42,0.24,9,19,3.9,Metro,0
34700,19,1,51612,56339,0.7,0.08,10,19,4.3,Metro,0
34701,4,6,175602,31436,0.53,0.32,12,10,3.2,Seoul,0
34702,9,2,1713179,59794,0.55,0.54,27,8,1.2,Metro,-1
34703,17,8,285097,39622,0.68,0.12,16,21,4.6,Other,0
34704,105,3,132716,49887,0.15,0.11,7,3,3.9,Seoul,0
34705,3,11,404771,41022,0.08,0.02,18,35,4.7,Seoul,0
34706,5,5,152262,26369,0.72,0.13,20,20,4.0,Seoul,0
34707,7,25,1666552,52411,0.04,0.05,16,19,5.0,Metro,0
34708,72,2,66786,37873,0.45,0.06,11,3,3.4,Other,0
34709,28,10,281593,41588,0.62,0.11,24,22,4.4,Seoul,0
34710,9,7,177958,53534,0.82,0.21,16,12,4.3,Seoul,0
34711,25,6,254340,50857,0.4,0.04,6,17,4.2,Other,0
34712,16,14,382122,33694,0.66,0.03,16,16,4.3,Other,0
34713,23,6,404656,53659,0.26,0.05,10,8,4.6,Metro,0
34714,31,8,501104,37386,0.15,0.55,21,6,3.2,Metro,0
34715,29,4,136442,47378,0.51,0.36,17,0,3.8,Metro,0
34716,16,12,279842,31808,0.65,0.03,21,22,4.5,Seoul,0
34717,15,5,67467,37427,0.77,0.12,15,13,4.9,Metro,0
34718,40,9,313122,45261,0.27,0.07,7,7,5.0,Metro,0
34719,21,2,72156,51593,0.18,0.12,11,9,4.3,Other,0
34720,5,13,528400,50926,0.12,0.04,27,33,4.8,Metro,0
34721,89,3,54765,27321,0.31,0.1,4,4,4.7,Other,0
34722,25,14,577709,51233,0.17,0.07,16,6,4.4,Other,0
34723,11,8,533698,48449,0.76,0.09,14,16,4.5,Seoul,0
34724,20,3,137928,45719,0.33,0.09,14,8,4.5,Seoul,0
34725,13,16,1261242,58934,0.16,0.02,21,28,4.7,Metro,0
34726,16,7,385688,53932,0.74,0.13,20,22,4.8,Metro,0
34727,22,7,431441,43862,0.47,0.07,15,14,3.6,Metro,0
34728,26,6,269873,45137,0.92,0.09,16,20,4.8,Metro,0
34729,38,7,301869,51622,0.39,0.08,15,4,5.0,Seoul,0
34730,74,4,106875,35421,0.68,0.09,7,2,4.5,Metro,0
34731,43,4,3368716,50447,0.3,0.34,48,112,1.7,Other,-1
34732,24,15,537519,44865,0.21,0.58,22,15,4.1,Other,0
34733,13,11,495690,41844,0.81,0.11,16,18,3.8,Seoul,0
34734,11,9,413149,54526,0.95,0.1,14,17,4.3,Metro,0
34735,2,6,294594,52827,0.2,0.32,19,34,2.5,Metro,0
34736,30,9,458370,33675,0.26,0.38,13,5,3.9,Other,0
34737,29,10,502441,40295,0.31,0.11,6,8,4.6,Metro,0
34738,6,11,857996,70861,0.38,0.05,26,25,4.8,Metro,0
34739,7,16,412071,39443,0.08,0.12,14,34,4.7,Metro,0
34740,23,5,130718,30447,0.51,0.12,13,10,4.4,Other,0
34741,8,7,330240,39824,0.76,0.03,18,23,4.1,Seoul,0
34742,33,2,101108,42983,0.65,0.15,20,31,5.0,Other,0
34743,15,6,194442,34436,0.21,0.05,9,20,4.1,Metro,0
34744,15,7,288369,43684,0.85,0.12,20,20,4.1,Other,0
34745,17,15,1285503,73193,0.31,0.09,31,31,4.7,Seoul,0
34746,6,10,543598,53135,0.07,0.04,27,31,4.7,Metro,0
34747,68,2,66626,37081,0.33,0.3,8,5,4.0,Other,0
34748,33,5,232262,44891,0.15,0.03,16,8,4.5,Metro,0
34749,35,4,182450,49970,0.3,0.06,9,17,4.1,Metro,0
34750,9,27,1559715,57782,0.12,0.05,22,41,4.6,Metro,0
34751,22,11,318200,31179,0.79,0.07,21,26,4.0,Other,0
34752,35,6,256366,59428,0.26,0.33,17,10,4.4,Metro,0
34753,44,0,6369,32962,0.29,0.13,13,4,4.4,Seoul,0
34754,74,4,39862,34953,0.19,0.13,7,0,3.7,Metro,0
34755,15,10,283556,54725,0.13,0.6,11,4,3.5,Metro,0
34756,25,6,203603,41989,0.44,0.07,13,13,4.5,Metro,0
34757,72,3,55350,28756,0.11,0.04,6,0,4.2,Metro,0
34758,36,6,451655,61683,0.19,0.71,15,15,3.5,Seoul,0
34759,10,14,583239,43681,0.19,0.01,25,37,4.9,Metro,0
34760,18,3,252350,57486,0.45,0.68,16,9,4.1,Metro,0
34761,16,6,145530,39369,0.21,0.12,15,15,4.2,Other,0
34762,33,5,308054,42337,0.19,0.11,15,22,4.3,Metro,0
34763,11,5,115494,24015,0.13,0.46,7,14,3.4,Other,0
34764,38,7,320316,45178,0.26,0.1,19,6,4.0,Metro,0
34765,58,4,151232,43716,0.06,0.03,6,2,3.9,Metro,0
34766,16,21,509731,169115,1.0,0.18,35,59,3.7,Metro,-1
34767,35,8,434370,59221,0.31,0.02,17,12,3.8,Metro,0
34768,16,3,107065,43076,0.11,0.12,10,14,4.6,Other,0
34769,29,13,606194,47976,0.95,0.05,24,14,4.1,Other,0
34770,29,8,215180,33152,0.25,0.07,16,4,3.9,Seoul,0
34771,2,10,291571,46476,0.6,0.03,15,2,4.8,Metro,0
34772,34,3,166392,51026,0.1,0.39,7,1,4.2,Metro,0
34773,10,14,948882,62975,0.09,0.06,26,31,4.3,Metro,0
34774,42,4,175572,57056,0.38,0.08,10,4,4.0,Seoul,0
34775,8,20,1103040,55332,0.01,0.05,14,30,4.8,Seoul,0
34776,8,23,923725,54508,0.04,0.03,32,31,4.6,Metro,0
34777,111,2,53384,39986,0.46,0.09,5,2,3.9,Other,0
34778,7,21,1097069,39501,0.02,0.06,25,33,4.3,Other,0
34779,12,7,151273,28045,0.7,0.08,10,13,4.4,Metro,0
34780,41,3,128017,43762,0.07,0.05,17,1,3.8,Seoul,0
34781,6,10,318563,32685,0.89,0.12,14,12,4.7,Seoul,0
34782,4,6,328235,40766,0.37,0.48,13,22,3.3,Metro,0
34783,14,12,234911,32608,0.16,0.57,23,2,4.0,Seoul,0
34784,27,6,325343,42661,0.19,0.13,13,0,4.2,Seoul,0
34785,26,10,737717,66462,0.32,0.49,7,5,3.8,Seoul,0
34786,27,7,403190,40593,0.48,0.04,20,7,4.5,Metro,0
34787,27,8,287880,35212,0.75,0.15,18,16,4.1,Metro,0
34788,44,8,587779,61638,0.24,0.04,13,14,4.7,Metro,0
34789,5,11,654170,55590,0.04,0.12,18,40,4.5,Seoul,0
34790,18,8,376246,38458,0.38,0.06,5,7,4.3,Seoul,0
34791,76,2,96960,36627,0.14,0.02,4,4,3.0,Metro,0
34792,8,17,992822,61767,0.03,0.06,15,27,4.7,Other,0
34793,94,1,3846990,133587,0.33,0.03,26,41,4.4,Metro,-1
34794,39,9,426469,41712,0.33,0.66,16,10,4.3,Metro,0
34795,17,10,356300,36742,0.61,0.13,16,24,4.4,Seoul,0
34796,25,7,237895,44809,0.72,0.07,13,15,4.3,Seoul,0
34797,18,7,256668,40728,0.91,0.09,17,16,4.5,Other,0
34798,46,1,42331,37704,0.13,0.13,14,4,3.6,Seoul,0
34799,26,9,339640,29184,0.62,0.07,13,9,5.0,Other,0
34800,15,6,229109,37603,0.18,0.04,8,8,3.6,Metro,0
34801,63,4,206438,48890,0.34,0.11,3,1,4.8,Other,0
34802,25,2,56241,42498,0.85,0.11,20,18,4.8,Metro,0
34803,15,8,393511,53110,0.15,0.02,28,47,4.7,Seoul,0
34804,75,2,98427,48754,0.33,0.07,9,2,3.9,Seoul,0
34805,7,4,89947,38589,0.38,0.04,11,14,3.3,Metro,0
34806,28,5,192740,31607,0.24,0.09,12,13,3.6,Metro,0
34807,84,3,80024,36075,0.33,0.1,7,2,3.6,Metro,0
34808,28,10,325968,41301,0.39,0.22,15,12,3.6,Metro,0
34809,70,3,159006,47628,0.3,0.17,7,5,4.0,Metro,0
34810,0,4,213702,57519,0.48,0.03,11,18,3.7,Metro,0
34811,34,7,172089,31564,0.17,0.11,20,9,4.0,Seoul,0
34812,24,8,319107,30529,0.19,0.06,13,13,4.0,Seoul,0
34813,34,8,453886,49711,0.43,0.08,11,8,4.0,Seoul,0
34814,31,6,318347,38491,0.47,0.49,14,12,3.5,Other,0
34815,115,2,92909,39293,0.29,0.01,2,3,3.2,Metro,0
34816,12,20,1583427,64394,0.18,0.06,23,40,4.8,Other,0
34817,16,13,528163,45472,0.78,0.07,15,19,4.4,Metro,0
34818,28,8,222667,41193,0.36,0.01,17,4,3.7,Seoul,0
34819,38,6,240203,39565,0.13,0.15,14,13,4.2,Metro,0
34820,39,6,381785,52720,0.32,0.09,5,10,4.5,Seoul,0
34821,27,11,387932,38010,0.26,0.07,7,9,4.0,Seoul,0
34822,20,9,323163,43906,0.62,0.09,14,22,4.1,Metro,0
34823,36,11,314837,28910,0.3,0.31,21,11,4.1,Seoul,0
34824,36,10,599462,50206,0.38,0.02,12,11,4.6,Other,0
34825,116,3,91804,32116,0.42,0.08,14,6,3.7,Seoul,0
34826,83,4,102158,36763,0.43,0.04,7,6,4.0,Metro,0
34827,18,12,591397,41867,0.77,0.03,16,16,4.5,Other,0
34828,68,4,91595,51625,0.64,0.0,4,3,4.2,Seoul,0
34829,11,7,292298,42454,0.19,0.15,12,9,4.5,Seoul,0
34830,23,5,306024,52103,0.21,0.56,9,8,3.3,Other,0
34831,14,5,187289,41972,0.49,0.08,19,0,4.0,Seoul,0
34832,12,11,606067,44290,0.55,0.04,24,17,4.5,Other,0
34833,13,6,193137,25456,0.42,0.15,12,6,4.7,Seoul,0
34834,33,6,144402,33995,0.19,0.09,11,9,4.1,Seoul,0
34835,13,12,386616,43519,0.58,0.09,23,26,4.3,Metro,0
34836,17,9,299031,41209,0.17,0.08,13,11,4.4,Seoul,0
34837,8,9,509221,64063,0.03,0.1,25,13,4.9,Seoul,0
34838,10,13,718574,49871,0.15,0.14,22,36,4.4,Seoul,0
34839,4,16,1065183,67761,0.04,0.06,16,43,4.8,Metro,0
34840,11,7,281109,40532,0.62,0.06,16,16,4.7,Metro,0
34841,1,7,133422,33419,0.3,0.1,11,11,3.7,Other,0
34842,83,0,9752,43774,0.2,0.13,2,2,4.1,Other,0
34843,16,5,169001,38981,0.83,0.12,21,15,3.7,Other,0
34844,48,3,66261,33946,0.1,0.08,0,1,4.7,Seoul,0
34845,95,3,119673,45499,0.06,0.08,8,4,3.6,Seoul,0
34846,11,11,649391,55163,0.91,0.09,18,17,4.5,Metro,0
34847,6,18,979340,55362,0.05,0.1,25,38,4.8,Metro,0
34848,13,7,578115,51600,0.3,0.08,12,5,3.9,Other,0
34849,11,15,728531,55398,0.19,0.02,21,32,4.7,Other,0
34850,20,6,258378,42421,0.57,0.13,13,8,3.7,Metro,0
34851,17,9,354070,38901,0.78,0.11,24,18,4.6,Seoul,0
34852,31,0,0,40839,0.38,0.09,15,0,4.2,Seoul,0
34853,41,9,337193,51771,0.29,0.06,11,12,4.0,Metro,0
34854,13,22,1202041,55792,0.28,0.06,22,35,4.8,Seoul,0
34855,4,19,1156398,55555,0.05,0.08,36,36,4.3,Other,0
34856,17,4,203221,42884,0.34,0.58,18,10,3.3,Other,0
34857,78,4,84357,43711,0.23,0.13,3,3,3.2,Seoul,0
34858,36,6,288709,37751,0.24,0.24,12,15,3.9,Seoul,0
34859,5,19,723704,33959,0.11,0.09,27,41,4.5,Other,0
34860,17,8,342004,51569,0.72,0.07,19,9,4.0,Other,0
34861,27,8,362499,46471,0.45,0.08,13,16,4.3,Seoul,0
34862,15,5,297984,43007,0.48,0.31,24,4,4.6,Seoul,0
34863,15,11,404679,37204,0.72,0.1,17,15,4.0,Seoul,0
34864,1,10,482767,50555,0.18,0.05,15,5,4.1,Seoul,0
34865,19,5,159563,46941,0.49,0.13,0,15,4.3,Seoul,0
34866,16,11,559209,53516,0.03,0.08,28,24,5.0,Other,0
34867,0,16,664725,39877,0.87,0.48,49,64,1.5,Seoul,-1
34868,10,11,754125,54486,0.89,0.13,13,30,4.8,Seoul,0
34869,51,2,32692,35520,0.12,0.16,5,2,3.8,Seoul,0
34870,22,6,360140,48641,0.48,0.03,12,16,4.2,Metro,0
34871,63,1,39857,32027,0.25,0.07,4,5,3.7,Metro,0
34872,12,6,186077,39637,0.72,0.01,20,15,4.8,Metro,0
34873,26,6,235487,38416,0.39,0.02,6,9,3.8,Metro,0
34874,36,2,59819,37963,0.21,0.04,11,11,4.0,Seoul,0
34875,33,7,174528,42191,0.22,0.24,11,13,4.8,Metro,0
34876,26,8,432707,48587,0.31,0.07,4,4,4.0,Metro,0
34877,7,5,388715,5575,0.85,0.21,72,117,1.2,Other,-1
34878,20,7,325052,46432,0.39,0.07,21,13,5.0,Seoul,0
34879,86,4,131756,29110,0.18,0.15,8,5,4.0,Metro,0
34880,42,2,72138,24846,0.59,0.1,7,1,3.8,Metro,0
34881,7,23,1087335,44088,0.16,0.05,38,30,4.6,Metro,0
34882,7,12,620231,50015,0.26,0.02,13,15,4.0,Metro,0
34883,15,4,141505,35440,0.2,0.03,17,9,3.9,Metro,0
34884,13,9,368613,38995,0.91,0.18,21,19,4.5,Metro,0
34885,13,2,50529,31034,0.37,0.13,9,19,5.0,Metro,0
34886,56,3,128057,38700,0.33,0.06,12,8,4.8,Metro,0
34887,14,13,1111212,68011,0.05,0.05,24,48,5.0,Seoul,0
34888,49,6,272331,37155,0.36,0.2,16,2,4.0,Metro,0
34889,57,2,25228,32766,0.7,0.02,8,4,4.0,Metro,0
34890,7,9,449461,55187,0.54,0.61,11,17,3.9,Seoul,0
34891,7,12,532371,41864,0.79,0.17,14,25,4.5,Metro,0
34892,15,12,469094,44253,0.85,0.08,14,14,3.9,Seoul,0
34893,66,2,79863,36578,0.27,0.04,8,4,4.0,Seoul,0
34894,9,11,564567,41720,0.73,0.16,11,25,4.4,Other,0
34895,10,9,299102,34527,0.35,0.04,6,10,4.1,Seoul,0
34896,95,1,44176,48081,0.31,0.1,4,6,4.4,Other,0
34897,0,9,180168,39060,0.84,0.07,25,26,4.4,Other,0
34898,30,6,299050,41124,0.37,0.37,25,3,3.3,Metro,0
34899,9,5,171735,31516,0.38,0.16,18,12,4.5,Metro,0
34900,28,10,469218,37998,0.21,0.03,13,15,4.0,Other,0
34901,109,3,93599,44594,0.1,0.24,2,3,3.9,Other,0
34902,30,11,453108,55682,0.8,0.07,12,27,4.6,Seoul,0
34903,12,12,542067,40597,0.58,0.02,22,27,4.2,Seoul,0
34904,19,6,86575,34308,0.41,0.02,9,4,4.2,Metro,0
34905,23,3,74412,32495,0.46,0.16,13,14,3.7,Other,0
34906,38,8,308706,31933,0.45,0.13,1,13,4.7,Seoul,0
34907,29,8,396560,34183,0.56,0.11,14,6,3.9,Metro,0
34908,8,23,1192245,67689,0.09,0.05,23,35,4.4,Metro,0
34909,35,7,406907,47640,0.33,0.04,20,9,4.3,Metro,0
34910,24,11,315382,37659,0.68,0.18,11,19,4.8,Metro,0
34911,8,24,1636099,61816,0.17,0.11,18,47,5.0,Metro,0
34912,83,2,71050,39572,0.26,0.14,6,3,4.0,Seoul,0
34913,12,3,71039,23010,0.59,0.16,8,4,4.8,Metro,0
34914,16,10,478344,39700,0.44,0.5,21,5,4.3,Seoul,0
34915,10,10,350187,47814,0.58,0.07,31,22,4.4,Metro,0
34916,31,10,529034,40457,0.22,0.08,5,11,4.1,Other,0
34917,16,6,420286,44000,0.23,0.18,9,11,4.8,Metro,0
34918,9,7,269861,41156,0.34,0.12,8,8,4.5,Metro,0
34919,0,10,329765,53844,0.39,0.17,28,8,2.7,Metro,0
34920,53,2,92976,40362,0.38,0.06,6,6,3.1,Metro,0
34921,145,3,62788,24836,0.37,0.04,0,4,4.0,Metro,0
34922,26,11,457122,47925,0.91,0.04,11,15,4.9,Other,0
34923,6,7,305378,51887,0.72,0.06,18,5,4.6,Metro,0
34924,21,4,263321,48723,0.4,0.16,18,7,4.2,Metro,0
34925,78,2,95010,44986,0.32,0.09,6,3,3.9,Seoul,0
34926,15,14,809693,55495,0.89,0.03,24,20,4.5,Metro,0
34927,6,4,198668,44424,0.77,0.06,14,17,4.0,Seoul,0
34928,23,2,94643,45212,0.3,0.02,3,2,4.0,Other,0
34929,21,4,235881,47512,0.39,0.1,15,4,4.1,Other,0
34930,32,9,352197,39982,0.87,0.13,21,24,4.0,Metro,0
34931,19,5,173688,47775,0.41,0.09,9,5,3.8,Seoul,0
34932,17,8,182948,41327,0.27,0.01,12,7,3.5,Seoul,0
34933,26,4,173495,42674,0.22,0.1,13,14,3.7,Other,0
34934,12,8,259148,28684,0.89,0.11,17,23,4.9,Seoul,0
34935,41,6,217309,32383,0.27,0.11,6,1,4.3,Metro,0
34936,20,7,168707,35435,0.78,0.08,20,12,4.7,Metro,0
34937,122,1,32678,38407,0.8,0.16,6,2,4.2,Metro,0
34938,0,5,186391,36678,0.37,0.05,7,9,4.5,Other,0
34939,10,6,299727,49615,0.24,0.11,10,17,4.7,Seoul,0
34940,17,10,415925,43460,0.79,0.13,23,32,4.3,Seoul,0
34941,28,4,230005,38024,0.41,0.01,8,0,4.2,Other,0
34942,6,18,871947,53092,0.04,0.07,19,59,4.6,Seoul,0
34943,3,5,225689,40701,0.39,0.07,11,12,4.2,Seoul,0
34944,27,3,58763,22413,0.44,0.7,14,8,3.8,Other,0
34945,8,3,224929,48370,0.27,0.06,8,8,4.0,Seoul,0
34946,50,6,317701,45114,0.59,0.28,13,10,4.0,Seoul,0
34947,32,6,323170,43036,0.25,0.11,12,10,4.5,Seoul,0
34948,57,6,237830,40769,0.39,0.02,15,16,3.9,Metro,0
34949,5,7,364996,50257,0.23,0.16,13,8,4.3,Seoul,0
34950,50,11,391030,37001,0.38,0.08,3,9,4.3,Other,0
34951,14,6,231359,33733,0.75,0.14,16,20,4.3,Seoul,0
34952,9,2,83051,45821,0.52,0.33,10,8,4.2,Metro,0
34953,18,15,547084,30904,0.74,0.13,25,10,4.5,Metro,0
34954,20,4,272277,68120,0.11,0.31,25,19,3.5,Metro,0
34955,24,5,259716,42461,0.6,0.19,20,11,4.0,Other,0
34956,19,6,242574,47437,0.55,0.05,28,5,4.3,Other,0
34957,36,5,238462,40432,0.3,0.07,15,12,4.2,Metro,0
34958,15,6,267637,40275,0.71,0.04,14,23,4.6,Seoul,0
34959,48,4,131275,44535,0.47,0.07,9,3,3.5,Seoul,0
34960,0,4,234967,47788,0.66,0.09,18,8,4.6,Metro,0
34961,18,10,400544,48278,0.85,0.06,15,15,4.6,Metro,0
34962,27,12,596320,46316,0.88,0.07,17,13,4.3,Other,0
34963,86,2,79673,46114,0.57,0.1,0,4,3.7,Seoul,0
34964,11,11,641693,50045,0.91,0.14,12,14,4.9,Metro,0
34965,1,13,607349,57214,0.92,0.12,23,16,4.7,Metro,0
34966,11,20,840301,46936,0.12,0.2,10,31,4.9,Seoul,0
34967,52,0,3449,38877,0.3,0.02,11,4,4.3,Metro,0
34968,6,7,227507,60298,0.74,0.12,18,21,4.2,Seoul,0
34969,12,4,210231,49739,0.2,0.12,27,25,4.6,Seoul,0
34970,89,23,3776855,21955,0.19,0.76,71,10,3.2,Metro,-1
34971,29,8,281759,43941,0.26,0.04,19,14,4.3,Metro,0
34972,3,15,1063919,70541,0.05,0.08,14,33,4.7,Metro,0
34973,7,11,682473,47122,0.92,0.04,12,8,4.0,Metro,0
34974,20,3,155384,52393,0.28,0.11,13,9,4.5,Other,0
34975,8,7,417266,49175,0.37,0.18,18,6,4.0,Seoul,0
34976,119,1,22905,36841,0.38,0.04,3,2,3.9,Seoul,0
34977,47,4,72450,27370,0.19,0.14,9,5,3.5,Metro,0
34978,8,8,328656,38781,0.62,0.03,14,12,4.6,Metro,0
34979,22,8,334391,40342,0.1,0.09,21,0,4.6,Seoul,0
34980,17,13,325745,51881,0.45,0.61,15,10,3.6,Seoul,0
34981,4,9,493678,48306,0.46,0.46,1,9,4.3,Metro,0
34982,103,33,895980,141764,0.82,0.33,0,30,1.1,Metro,-1
34983,14,12,599594,53013,0.67,0.09,23,14,4.2,Other,0
34984,16,4,74436,35747,0.77,0.06,20,21,4.5,Other,0
34985,16,15,774155,52134,0.83,0.09,17,15,4.6,Metro,0
34986,9,9,294949,40811,0.67,0.06,16,27,4.6,Seoul,0
34987,28,7,214306,44883,0.15,0.06,16,17,4.6,Metro,0
34988,21,4,175013,43590,0.8,0.03,17,19,4.4,Other,0
34989,21,10,238336,40713,0.41,0.45,12,10,4.1,Metro,0
34990,6,20,864745,49462,0.09,0.11,27,44,4.8,Seoul,0
34991,11,20,972034,36155,0.02,0.02,22,45,4.6,Seoul,0
34992,11,5,279744,45263,0.29,0.12,14,13,4.0,Seoul,0
34993,23,8,316467,51492,0.37,0.05,15,5,4.2,Metro,0
34994,63,2,100491,35159,0.38,0.09,9,3,4.3,Metro,0
34995,24,5,167777,29825,0.28,0.06,3,9,4.1,Seoul,0
34996,18,7,240514,36346,0.59,0.06,27,25,3.7,Seoul,0
34997,25,9,83611,32734,0.75,0.1,17,21,4.7,Metro,0
34998,96,2,48545,30027,0.22,0.13,5,3,4.3,Seoul,0
34999,64,2,71092,29947,0.51,0.09,7,5,4.0,Other,0
35000,30,8,621606,52596,0.32,0.05,10,20,4.5,Metro,0
35001,20,7,290466,40048,0.65,0.08,22,21,4.2,Metro,0
35002,6,7,234482,28965,0.23,0.19,0,6,4.4,Other,0
35003,18,6,300448,46940,0.34,0.08,12,15,3.8,Metro,0
35004,12,3,144236,51121,0.85,0.11,16,13,4.5,Metro,0
35005,6,11,903067,63241,0.08,0.11,23,53,4.9,Metro,0
35006,85,3,109938,32137,0.46,0.04,4,5,4.1,Metro,0
35007,27,3,183800,46878,0.23,0.09,8,18,4.1,Other,0
35008,20,6,240998,41159,0.57,0.14,4,8,4.8,Metro,0
35009,12,3,173808,48212,0.57,0.08,14,5,4.1,Seoul,0
35010,92,4,97922,22308,0.25,0.05,1,4,4.2,Seoul,0
35011,23,9,349595,37086,0.7,0.06,26,25,4.4,Other,0
35012,36,3,101304,32301,0.47,0.04,9,11,4.6,Other,0
35013,16,7,332637,53288,0.93,0.08,12,19,5.0,Metro,0
35014,37,5,219847,35819,0.2,0.11,11,9,4.8,Metro,0
35015,20,11,399385,37990,0.83,0.08,22,12,5.0,Seoul,0
35016,19,6,196963,34522,0.94,0.14,14,5,4.3,Metro,0
35017,34,6,129689,33461,0.21,0.15,14,11,4.2,Other,0
35018,79,3,60931,45835,0.21,0.1,9,7,3.9,Seoul,0
35019,21,3,86856,37035,0.46,0.09,5,7,4.7,Seoul,0
35020,53,3,106437,39752,0.29,0.05,4,0,4.1,Other,0
35021,15,7,366991,44856,0.28,0.69,14,12,4.1,Other,0
35022,23,6,294473,52276,0.32,0.03,16,7,3.8,Other,0
35023,40,5,336050,54019,0.27,0.07,12,13,4.3,Seoul,0
35024,35,5,279897,42138,0.32,0.05,15,0,4.4,Other,0
35025,40,5,185687,44622,0.46,0.06,8,11,4.0,Seoul,0
35026,26,8,450464,60149,0.33,0.06,17,7,4.0,Metro,0
35027,59,2,61395,47287,0.39,0.06,11,5,3.3,Seoul,0
35028,13,16,694331,43775,0.87,0.17,29,19,4.0,Seoul,0
35029,32,5,209989,39236,0.27,0.12,12,10,4.4,Other,0
35030,5,15,708788,67004,0.11,0.05,22,35,4.6,Metro,0
35031,11,6,321813,68274,0.09,0.12,30,39,4.7,Seoul,0
35032,33,7,196060,36916,0.3,0.12,13,2,4.3,Metro,0
35033,11,18,1361875,63307,0.11,0.04,29,29,4.2,Metro,0
35034,42,6,241313,51183,0.2,0.24,10,20,4.4,Seoul,0
35035,0,9,180180,38254,0.48,0.29,5,11,5.0,Seoul,0
35036,15,11,515058,46754,0.82,0.03,21,27,4.0,Metro,0
35037,26,8,313332,34277,0.33,0.23,12,15,4.1,Other,0
35038,13,10,418145,43317,0.82,0.08,9,13,4.5,Metro,0
35039,36,5,221884,50793,0.32,0.07,15,5,3.7,Other,0
35040,39,4,309998,55191,0.37,0.07,11,7,3.9,Seoul,0
35041,8,11,617733,43057,0.51,0.13,13,12,4.2,Other,0
35042,0,4,151431,53221,0.69,0.16,21,16,4.1,Metro,0
35043,9,8,280329,42664,0.76,0.13,21,25,4.2,Metro,0
35044,67,1,16411,44416,0.07,0.14,9,1,3.8,Seoul,0
35045,15,14,715698,38707,0.84,0.05,21,7,4.5,Metro,0
35046,22,10,301860,44677,0.28,0.38,25,20,3.8,Other,0
35047,22,8,251739,34069,0.75,0.05,19,14,4.4,Seoul,0
35048,20,7,307134,38548,0.07,0.28,7,10,4.2,Metro,0
35049,20,9,509805,50915,0.91,0.13,16,12,4.3,Other,0
35050,18,6,235285,43387,0.5,0.63,15,15,3.7,Metro,0
35051,12,8,289782,39020,0.85,0.13,23,21,4.3,Metro,0
35052,87,3,123178,41991,0.14,0.23,3,3,4.4,Other,0
35053,30,5,190505,42685,0.29,0.3,10,10,3.6,Seoul,0
35054,5,8,570588,64612,0.15,0.05,22,15,4.6,Seoul,0
35055,34,2,86206,50969,0.12,0.09,15,12,4.3,Metro,0
35056,9,13,480950,39703,0.85,0.1,14,17,4.4,Seoul,0
35057,40,8,310694,36163,0.73,0.08,16,10,4.8,Metro,0
35058,29,4,215200,51421,0.37,0.04,17,10,4.9,Seoul,0
35059,28,1,52431,56026,0.27,0.11,17,10,4.2,Seoul,0
35060,8,21,1592485,55423,0.08,0.16,17,35,5.0,Metro,0
35061,13,8,468124,49363,0.61,0.09,18,16,4.5,Other,0
35062,7,5,311553,56379,0.58,0.16,15,17,4.5,Seoul,0
35063,0,17,471062,43759,0.8,0.14,15,23,3.9,Seoul,0
35064,2,21,973539,38390,0.16,0.02,28,26,4.8,Metro,0
35065,28,9,492467,47764,0.41,0.51,1,24,3.9,Seoul,0
35066,22,6,238709,31887,0.31,0.03,7,9,4.4,Metro,0
35067,38,8,208973,30926,0.47,0.17,14,8,4.6,Seoul,0
35068,91,3,82545,44354,0.34,0.11,8,3,5.0,Seoul,0
35069,3,5,197011,41041,0.72,0.16,16,25,4.5,Metro,0
35070,40,5,114919,28478,0.24,0.16,13,7,5.0,Seoul,0
35071,24,9,274400,41960,0.86,0.17,14,24,4.3,Seoul,0
35072,27,6,302609,38811,0.92,0.13,21,21,4.1,Metro,0
35073,79,4,143943,39207,0.25,0.06,8,3,4.0,Metro,0
35074,38,5,259522,38330,0.11,0.04,10,15,4.2,Seoul,0
35075,0,7,440204,44001,0.4,0.6,17,9,4.8,Seoul,0
35076,19,7,354345,39509,0.79,0.11,11,26,4.3,Metro,0
35077,89,5,278870,48441,0.56,0.06,11,1,3.5,Other,0
35078,3,14,903307,55223,0.11,0.06,16,40,4.9,Seoul,0
35079,14,6,304942,39547,0.69,0.12,20,12,4.7,Seoul,0
35080,34,7,309300,31671,0.17,0.07,3,5,3.8,Metro,0
35081,4,7,364686,48375,0.91,0.06,15,20,4.6,Seoul,0
35082,28,5,194644,52760,0.29,0.07,10,4,4.1,Other,0
35083,43,1,36671,33922,0.43,0.18,5,0,3.8,Other,0
35084,7,18,971407,59973,0.14,0.11,13,20,4.7,Metro,0
35085,20,7,245685,44592,0.43,0.77,15,17,3.7,Other,0
35086,81,2,56162,37839,0.29,0.08,5,0,3.2,Seoul,0
35087,18,6,155728,34330,0.31,0.08,21,10,3.9,Other,0
35088,74,3,101543,35766,0.29,0.14,7,3,4.3,Seoul,0
35089,27,7,230836,41479,0.32,0.53,13,21,3.7,Other,0
35090,13,12,424222,41383,0.68,0.16,18,32,4.4,Metro,0
35091,85,3,152819,54136,0.28,0.07,6,3,4.0,Seoul,0
35092,16,8,255262,39345,0.35,0.23,14,13,4.4,Metro,0
35093,18,3,172129,51515,0.91,0.14,17,7,4.1,Seoul,0
35094,90,4,114832,32945,0.07,0.08,2,4,3.5,Other,0
35095,20,0,19793,43885,0.25,0.49,14,4,3.3,Metro,0
35096,37,8,376877,46236,0.49,0.15,11,28,4.5,Metro,0
35097,39,7,152315,35572,0.44,0.06,8,7,4.2,Seoul,0
35098,28,2,79576,43065,0.48,0.19,15,11,3.9,Other,0
35099,28,7,360456,48806,0.44,0.08,20,8,4.0,Seoul,0
35100,28,5,300665,70871,0.25,0.16,15,10,4.6,Seoul,0
35101,39,7,342742,46401,0.21,0.19,6,13,4.0,Other,0
35102,20,13,401190,41186,0.92,0.06,16,15,4.0,Other,0
35103,7,15,977639,53918,0.05,0.06,25,29,5.0,Metro,0
35104,34,2,64913,28765,0.24,0.19,7,6,5.0,Seoul,0
35105,20,8,373943,49208,0.16,0.11,6,12,3.8,Seoul,0
35106,54,2,85838,48302,0.15,0.13,9,5,3.8,Other,0
35107,19,12,686314,39431,0.69,0.07,24,12,4.1,Metro,0
35108,22,11,637602,50945,0.57,0.1,16,20,4.4,Other,0
35109,31,4,253379,45757,0.43,0.23,23,6,3.8,Metro,0
35110,6,7,301900,47495,0.35,0.09,13,8,3.8,Metro,0
35111,28,9,399623,42151,0.64,0.11,22,27,4.4,Metro,0
35112,18,8,354592,42109,0.31,0.07,16,14,4.7,Metro,0
35113,4,7,301685,50904,0.16,0.1,14,8,4.1,Other,0
35114,18,3,162020,47316,0.42,0.54,21,4,2.7,Seoul,0
35115,3,17,767690,53553,0.16,0.06,29,37,4.8,Seoul,0
35116,32,10,538733,46458,0.43,0.45,15,9,4.2,Seoul,0
35117,15,7,352548,40735,0.11,0.04,14,9,4.1,Other,0
35118,16,6,203900,45748,0.49,0.13,8,15,4.9,Metro,0
35119,4,11,734409,47287,0.19,0.16,20,38,4.6,Seoul,0
35120,0,3,137176,44826,0.24,0.05,7,21,3.2,Other,0
35121,39,9,316471,43944,0.36,0.05,6,15,4.3,Other,0
35122,11,10,464542,41115,0.95,0.07,22,21,4.2,Metro,0
35123,73,5,88593,27093,0.17,0.1,11,5,4.3,Metro,0
35124,19,9,199948,40052,0.18,0.08,12,10,4.1,Seoul,0
35125,21,5,222779,53048,0.35,0.14,10,6,5.0,Other,0
35126,3,18,1028997,46986,0.06,0.09,24,35,4.9,Metro,0
35127,102,3,67386,38802,0.41,0.23,6,5,4.0,Other,0
35128,34,13,477325,42235,0.65,0.22,17,17,4.7,Other,0
35129,6,9,414868,44426,0.44,0.4,15,23,3.5,Metro,0
35130,6,9,349208,42731,0.35,0.23,11,13,3.9,Seoul,0
35131,53,6,3531927,99111,0.46,0.67,51,36,3.2,Metro,-1
35132,9,11,250426,44143,0.79,0.06,14,16,3.6,Seoul,0
35133,15,7,331665,50746,0.52,0.14,24,19,4.4,Seoul,0
35134,81,4,182821,36547,0.19,0.06,2,1,3.6,Other,0
35135,15,0,0,55392,0.37,0.09,9,6,4.0,Seoul,0
35136,32,9,583477,60396,0.19,0.02,13,5,3.9,Metro,0
35137,9,9,614959,69705,0.01,0.06,20,50,4.9,Seoul,0
35138,0,9,766112,69995,0.06,0.05,26,48,4.8,Seoul,0
35139,18,11,420751,40358,0.89,0.15,20,22,4.6,Seoul,0
35140,42,1,50439,44173,0.14,0.21,4,7,4.5,Metro,0
35141,31,7,158956,45055,0.31,0.05,6,10,4.3,Seoul,0
35142,29,4,95849,45607,0.42,0.08,18,9,4.4,Seoul,0
35143,13,7,374416,49626,0.79,0.13,19,29,4.5,Metro,0
35144,18,3,137020,50274,0.41,0.65,6,14,3.8,Metro,0
35145,11,11,462559,43664,0.74,0.06,15,21,4.6,Metro,0
35146,1,7,269040,35903,0.53,0.15,19,9,4.0,Seoul,0
35147,24,3,198263,50981,0.36,0.04,20,12,4.0,Seoul,0
35148,73,0,0,29833,0.19,0.1,6,5,4.4,Other,0
35149,33,6,255039,40625,0.29,0.04,11,12,3.8,Seoul,0
35150,29,4,219187,48178,0.72,0.19,27,19,4.3,Metro,0
35151,39,2,74938,48353,0.43,0.05,12,11,4.3,Other,0
35152,3,16,1320468,54979,0.08,0.0,29,30,4.6,Metro,0
35153,51,3,104697,32684,0.2,0.06,3,4,4.1,Other,0
35154,10,4,212740,48767,0.81,0.15,14,30,4.4,Other,0
35155,0,15,916661,57252,0.12,0.0,20,48,4.8,Metro,0
35156,9,17,975096,47153,0.06,0.08,16,49,5.0,Other,0
35157,7,9,201776,35409,0.66,0.05,19,6,4.4,Seoul,0
35158,32,6,212756,32653,0.46,0.03,18,13,4.3,Metro,0
35159,86,3,112505,42025,0.11,0.17,5,0,3.6,Metro,0
35160,26,13,635587,42504,0.99,0.07,21,17,4.5,Seoul,0
35161,26,5,295320,39359,0.31,0.46,15,11,4.3,Metro,0
35162,21,10,191961,29509,0.21,0.54,11,15,3.4,Other,0
35163,0,13,816992,60141,0.25,0.03,13,34,4.8,Seoul,0
35164,47,0,0,35308,0.24,0.11,7,5,3.9,Metro,0
35165,50,6,155103,48133,0.35,0.04,4,25,4.3,Metro,0
35166,16,8,211381,54601,0.51,0.02,11,13,5.0,Metro,0
35167,71,2,52690,30279,0.47,0.02,8,1,2.9,Seoul,0
35168,16,5,113643,37219,0.39,0.02,14,15,4.8,Seoul,0
35169,7,24,1816656,69077,0.28,0.01,28,35,4.4,Metro,0
35170,20,11,448810,48700,0.75,0.09,11,14,4.2,Seoul,0
35171,30,7,250997,39187,0.39,0.08,11,14,4.2,Seoul,0
35172,40,5,233119,38937,0.29,0.2,17,9,4.0,Seoul,0
35173,42,7,207896,38945,0.36,0.09,13,15,4.7,Metro,0
35174,14,17,568356,42766,0.17,0.05,15,35,4.6,Metro,0
35175,22,11,555638,49815,0.75,0.14,14,17,4.7,Metro,0
35176,14,17,1093370,58711,0.18,0.07,24,30,4.6,Seoul,0
35177,15,12,678806,50774,0.73,0.06,16,22,4.8,Metro,0
35178,0,17,1104046,59312,0.11,0.05,27,31,4.5,Seoul,0
35179,1,7,299576,55288,0.34,0.13,6,7,4.5,Metro,0
35180,26,8,420983,44345,0.22,0.27,10,4,4.3,Other,0
35181,36,3,95251,34665,0.33,0.16,8,16,4.5,Metro,0
35182,65,1,47878,45182,0.13,0.05,10,1,4.1,Seoul,0
35183,8,20,1730018,59221,0.08,0.04,19,46,4.3,Other,0
35184,36,6,217150,35997,0.11,0.03,17,21,3.8,Metro,0
35185,3,18,924238,68143,0.07,0.19,21,38,5.0,Seoul,0
35186,32,7,171457,24939,0.35,0.12,16,8,4.5,Other,0
35187,2,18,1322162,71288,0.09,0.03,28,31,4.5,Seoul,0
35188,24,11,264815,36466,0.36,0.14,16,13,4.0,Other,0
35189,0,11,509185,32084,0.31,0.04,16,3,4.2,Other,0
35190,50,3,65846,32489,0.47,0.11,17,19,4.5,Other,0
35191,32,4,260469,39581,0.29,0.12,24,9,4.6,Other,0
35192,14,0,0,33623,0.18,0.06,11,11,3.4,Metro,0
35193,7,19,1366491,53132,0.06,0.01,17,28,4.5,Seoul,0
35194,21,11,514380,41908,0.23,0.1,12,9,4.8,Seoul,0
35195,28,7,198559,46579,0.32,0.16,12,10,4.6,Metro,0
35196,30,3,71266,44303,0.56,0.49,15,13,2.9,Seoul,0
35197,83,2,66380,37831,0.24,0.13,8,6,5.0,Seoul,0
35198,4,8,385703,42733,0.8,0.03,22,24,4.2,Metro,0
35199,31,7,372035,45993,0.19,0.06,13,2,3.9,Metro,0
35200,8,5,230850,45225,0.42,0.07,14,6,4.0,Metro,0
35201,15,11,557923,52781,0.73,0.06,16,15,4.0,Seoul,0
35202,3,7,267673,37400,0.67,0.2,11,22,4.0,Metro,0
35203,16,8,286746,31537,0.92,0.07,10,13,4.5,Other,0
35204,63,3,99651,40650,0.2,0.03,3,3,4.5,Other,0
35205,19,8,219423,40057,0.82,0.08,14,10,4.6,Seoul,0
35206,12,9,552583,60385,0.17,0.08,17,29,4.3,Other,0
35207,9,9,525255,55674,0.13,0.01,21,34,4.9,Seoul,0
35208,4,13,2650800,167945,0.12,0.1,8,119,4.3,Seoul,-1
35209,4,16,731647,49943,0.04,0.01,30,42,4.7,Seoul,0
35210,10,15,794236,57167,0.04,0.08,32,28,4.6,Seoul,0
35211,68,2,111667,46745,0.39,0.14,8,1,3.8,Metro,0
35212,22,7,281768,50371,0.68,0.09,11,18,4.5,Seoul,0
35213,53,31,2643090,31203,0.03,0.39,74,50,3.2,Seoul,-1
35214,24,9,678910,52422,0.41,0.26,14,20,3.7,Metro,0
35215,57,3,170028,50367,0.38,0.11,5,2,4.1,Metro,0
35216,70,3,47181,19711,0.39,0.14,5,5,4.2,Seoul,0
35217,163,34,2546329,90718,0.89,0.71,26,81,4.4,Seoul,-1
35218,0,18,812698,60372,0.14,0.04,21,42,4.6,Seoul,0
35219,13,9,270706,34397,0.87,0.05,22,17,4.5,Metro,0
35220,4,16,888733,56735,0.05,0.11,18,37,4.8,Seoul,0
35221,4,18,792802,47951,0.03,0.05,28,36,4.6,Other,0
35222,13,6,115568,20454,0.35,0.1,20,10,4.3,Other,0
35223,7,11,634962,51292,0.11,0.01,12,43,4.3,Metro,0
35224,6,16,772292,51353,0.06,0.03,23,42,4.4,Seoul,0
35225,68,3,64224,24585,0.41,0.05,6,3,3.9,Seoul,0
35226,69,3,110131,59808,0.33,0.01,9,3,2.8,Metro,0
35227,6,11,515382,48260,0.19,0.11,22,24,4.4,Other,0
35228,6,18,1018769,57508,0.04,0.05,30,26,4.8,Seoul,0
35229,19,8,178503,31711,0.86,0.21,22,27,4.2,Seoul,0
35230,8,7,184515,29956,0.6,0.21,18,31,3.8,Seoul,0
35231,31,9,230549,38744,0.41,0.04,20,12,4.1,Metro,0
35232,25,5,243135,41486,0.34,0.43,14,0,2.5,Seoul,0
35233,78,3,110240,39206,0.34,0.1,7,8,3.8,Seoul,0
35234,95,2,101773,45785,0.29,0.04,2,0,3.6,Other,0
35235,18,3,224882,54510,0.29,0.06,13,15,3.7,Other,0
35236,4,3,243232,62223,0.18,0.08,16,10,3.9,Seoul,0
35237,21,9,357852,47152,0.78,0.04,17,14,4.3,Other,0
35238,7,8,539912,58345,0.09,0.08,30,33,4.9,Seoul,0
35239,90,1,13757,32983,0.56,0.14,1,0,3.9,Seoul,0
35240,16,5,155293,50279,0.21,0.07,5,22,4.5,Metro,0
35241,9,17,1086690,62836,0.06,0.05,16,38,5.0,Other,0
35242,19,9,291817,31867,0.86,0.04,22,7,4.9,Metro,0
35243,8,6,245286,45843,0.83,0.01,22,10,4.5,Other,0
35244,18,10,473758,39703,0.56,0.09,13,13,4.5,Other,0
35245,49,3,93523,35157,0.45,0.12,8,2,3.6,Metro,0
35246,25,6,222921,43529,0.13,0.08,15,13,3.8,Other,0
35247,5,7,243524,35506,0.18,0.04,22,13,4.2,Other,0
35248,22,8,293018,36606,0.76,0.14,14,19,4.7,Seoul,0
35249,8,10,432601,48139,0.04,0.03,23,46,4.4,Metro,0
35250,45,6,356049,54252,0.34,0.08,0,6,4.4,Metro,0
35251,90,4,155162,46795,0.14,0.11,8,2,4.2,Metro,0
35252,6,14,814175,50380,0.06,0.05,19,36,4.8,Seoul,0
35253,15,10,314331,35009,0.81,0.13,22,16,4.1,Metro,0
35254,39,4,167570,41612,0.28,0.04,16,15,4.3,Seoul,0
35255,36,5,202111,40766,0.26,0.03,17,13,4.1,Other,0
35256,26,6,385374,53340,0.2,0.21,12,18,4.0,Other,0
35257,173,28,915125,156495,0.06,0.68,17,109,4.9,Metro,-1
35258,102,4,199231,42121,0.23,0.07,10,3,4.9,Seoul,0
35259,89,3,116552,51422,0.07,0.09,6,2,4.4,Seoul,0
35260,8,7,268791,43444,0.91,0.21,19,10,4.5,Metro,0
35261,15,8,333472,42366,0.25,0.2,10,0,4.3,Seoul,0
35262,41,5,198729,29728,0.2,0.11,21,10,3.8,Metro,0
35263,15,12,419659,36721,0.83,0.21,21,29,4.6,Seoul,0
35264,15,4,291986,47977,0.45,0.22,17,14,5.0,Metro,0
35265,27,2,47583,31325,0.31,0.02,7,5,3.9,Seoul,0
35266,9,20,1734326,67437,0.05,0.13,20,49,4.6,Other,0
35267,18,12,470180,41965,0.88,0.12,14,22,4.1,Metro,0
35268,25,4,298661,57561,0.12,0.08,14,15,4.1,Seoul,0
35269,24,11,260422,49091,0.22,0.6,15,9,3.9,Seoul,0
35270,80,3,82336,36256,0.4,0.09,7,3,4.7,Other,0
35271,13,7,535693,63812,0.3,0.48,17,8,2.7,Metro,0
35272,22,9,492671,47443,0.48,0.16,6,10,4.3,Other,0
35273,23,5,346923,60731,0.32,0.14,9,21,3.9,Seoul,0
35274,23,4,203334,44879,0.29,0.01,1,9,4.5,Other,0
35275,103,5,203535,42105,0.15,0.12,1,1,4.4,Other,0
35276,22,6,511294,55991,0.16,0.15,12,10,3.4,Seoul,0
35277,20,10,260056,28688,0.47,0.05,14,12,4.4,Metro,0
35278,21,4,150112,44892,0.23,0.13,11,5,4.1,Metro,0
35279,8,6,381202,44810,0.8,0.07,14,29,4.5,Seoul,0
35280,22,7,194147,31083,0.25,0.24,11,10,5.0,Metro,0
35281,13,8,264723,34480,0.31,0.47,17,11,4.0,Seoul,0
35282,7,11,322334,46289,0.61,0.09,20,7,4.8,Other,0
35283,17,8,304694,49544,0.21,0.6,13,12,3.4,Other,0
35284,66,2,104580,43325,0.27,0.1,1,3,4.3,Seoul,0
35285,18,13,495149,48540,0.76,0.06,15,26,4.3,Other,0
35286,10,17,1021872,53684,0.06,0.04,26,29,5.0,Metro,0
35287,14,5,363616,46449,0.22,0.16,10,7,4.2,Seoul,0
35288,8,6,348495,40122,0.42,0.03,8,13,3.9,Seoul,0
35289,20,6,195346,43153,0.87,0.07,10,17,3.9,Seoul,0
35290,21,8,280999,41221,0.52,0.06,11,9,4.6,Other,0
35291,29,6,222372,34649,0.71,0.12,15,16,4.5,Other,0
35292,133,1,42633,41354,0.46,0.09,8,2,3.6,Seoul,0
35293,14,9,259508,41077,0.42,0.15,14,9,4.3,Seoul,0
35294,24,5,233061,52444,0.25,0.11,4,8,3.6,Seoul,0
35295,12,8,358593,44738,0.39,0.08,20,12,4.9,Seoul,0
35296,2,7,313460,44692,0.5,0.04,10,17,3.7,Other,0
35297,28,12,636992,41842,0.33,0.74,20,20,3.9,Seoul,0
35298,19,11,505086,45260,0.79,0.15,17,18,4.2,Other,0
35299,6,5,197672,46593,0.87,0.08,27,14,4.5,Seoul,0
35300,5,9,508799,55241,0.31,0.15,20,31,5.0,Seoul,0
35301,42,7,186037,43149,0.34,0.21,9,6,4.0,Metro,0
35302,17,9,366472,49463,0.38,0.26,17,10,4.3,Other,0
35303,0,4,225913,41025,0.26,0.12,18,14,4.2,Seoul,0
35304,28,7,306651,40729,0.75,0.15,14,17,4.1,Metro,0
35305,95,13,1986943,32028,0.51,0.71,22,56,2.3,Metro,-1
35306,34,8,302515,33055,0.31,0.18,21,12,4.6,Metro,0
35307,2,9,667084,56820,0.41,0.48,14,14,3.6,Seoul,0
35308,21,6,243848,39985,0.78,0.04,18,24,4.4,Seoul,0
35309,0,11,758761,59326,0.54,0.08,28,6,4.8,Seoul,0
35310,7,7,271589,32949,0.97,0.09,13,27,4.4,Metro,0
35311,31,5,152336,27415,0.59,0.1,7,5,3.9,Metro,0
35312,11,8,193955,45456,0.47,0.08,21,20,3.9,Other,0
35313,20,7,362200,49322,0.75,0.06,14,17,4.5,Seoul,0
35314,19,6,272469,51646,0.26,0.11,19,17,3.7,Other,0
35315,0,12,341138,39611,0.41,0.11,20,24,4.4,Metro,0
35316,78,1,46354,30459,0.23,0.07,10,5,4.2,Seoul,0
35317,12,10,441719,64064,0.11,0.17,28,28,4.9,Seoul,0
35318,23,10,375718,45053,0.4,0.53,6,20,3.4,Metro,0
35319,89,1,23487,40733,0.66,0.05,12,4,5.0,Other,0
35320,13,6,262111,40820,0.83,0.13,30,20,4.5,Metro,0
35321,3,9,636405,64374,0.17,0.12,31,44,4.8,Other,0
35322,24,9,434343,39037,0.44,0.07,6,0,4.1,Other,0
35323,26,7,397897,45516,0.42,0.08,14,7,3.9,Metro,0
35324,14,16,1073545,63906,0.16,0.03,24,13,4.6,Seoul,0
35325,2,18,919831,55213,0.03,0.01,23,31,4.6,Metro,0
35326,6,18,809955,48021,0.1,0.12,15,44,4.5,Metro,0
35327,36,6,436238,49868,0.42,0.22,17,10,4.5,Seoul,0
35328,9,5,266965,42588,0.41,0.62,18,9,3.2,Metro,0
35329,78,3,51740,25653,0.3,0.1,5,2,4.6,Other,0
35330,19,5,175127,39190,0.92,0.11,22,15,4.7,Metro,0
35331,28,8,258181,33372,0.29,0.2,16,13,4.6,Metro,0
35332,7,5,135772,35647,0.19,0.15,5,9,4.1,Other,0
35333,0,5,184743,42002,0.85,0.17,19,13,4.2,Seoul,0
35334,19,11,379477,48296,0.8,0.07,13,27,4.3,Metro,0
35335,78,3,81409,30912,0.41,0.12,5,4,4.2,Seoul,0
35336,10,5,144974,30122,0.38,0.21,8,9,4.2,Metro,0
35337,7,4,202366,39863,0.27,0.17,9,9,4.0,Metro,0
35338,18,4,159850,52521,0.25,0.1,16,8,3.8,Metro,0
35339,29,0,0,42777,0.54,0.07,10,16,4.5,Metro,0
35340,20,11,530445,40613,0.91,0.17,17,9,4.1,Other,0
35341,8,13,562407,63774,0.87,0.11,15,17,4.5,Metro,0
35342,3,18,1319401,70402,0.03,0.08,32,33,4.8,Other,0
35343,14,5,265732,55719,0.21,0.1,15,12,3.8,Other,0
35344,16,6,355906,45934,0.22,0.04,11,9,4.2,Other,0
35345,6,5,222864,38831,0.7,0.05,11,10,4.5,Seoul,0
35346,16,16,1281171,61850,0.4,0.02,25,44,5.0,Metro,0
35347,15,8,259030,37873,0.44,0.05,16,12,4.4,Other,0
35348,17,4,131317,36866,0.46,0.01,14,4,3.6,Metro,0
35349,32,5,307345,57240,0.35,0.16,14,7,4.3,Seoul,0
35350,8,8,284669,51643,0.98,0.14,7,21,4.3,Seoul,0
35351,24,5,129823,32507,0.25,0.58,13,11,2.6,Metro,0
35352,21,6,235366,50031,0.37,0.03,3,7,3.8,Metro,0
35353,37,8,262233,41377,0.1,0.06,8,16,4.4,Seoul,0
35354,18,6,418720,44218,0.21,0.32,16,17,4.2,Metro,0
35355,14,2,88859,36654,0.54,0.46,12,5,3.5,Metro,0
35356,25,9,222985,41776,0.27,0.53,23,9,3.7,Metro,0
35357,24,7,308201,38998,0.32,0.09,11,7,3.9,Other,0
35358,54,3,65357,38299,0.18,0.04,2,1,4.0,Other,0
35359,63,4,112834,31791,0.2,0.02,8,4,4.3,Metro,0
35360,22,8,216916,20275,0.28,0.08,7,16,4.3,Seoul,0
35361,28,7,375438,43783,0.12,0.1,5,11,4.4,Metro,0
35362,5,15,1009108,51347,0.18,0.1,23,53,4.6,Metro,0
35363,5,12,710727,66391,0.08,0.09,23,36,4.6,Metro,0
35364,29,6,236918,53471,0.28,0.55,13,15,3.8,Seoul,0
35365,31,4,138682,31798,0.52,0.24,4,9,3.7,Seoul,0
35366,0,7,236055,58966,0.23,0.37,16,0,4.0,Other,0
35367,86,2,71381,39834,0.52,0.01,0,5,4.2,Other,0
35368,24,10,346609,39747,0.62,0.03,15,7,4.2,Metro,0
35369,56,1,33861,31658,0.37,0.07,22,9,3.9,Seoul,0
35370,0,16,705877,45807,0.83,0.17,14,17,4.6,Other,0
35371,6,14,719556,50715,0.13,0.04,24,44,4.4,Other,0
35372,10,7,262858,43890,0.13,0.21,20,14,3.8,Seoul,0
35373,7,11,711277,66286,0.03,0.02,27,54,4.7,Metro,0
35374,43,8,278173,41325,0.18,0.07,4,9,4.5,Other,0
35375,18,7,197561,34036,0.21,0.15,14,3,3.3,Seoul,0
35376,40,9,319863,43615,0.23,0.13,11,9,4.4,Seoul,0
35377,12,8,453634,42759,0.73,0.08,18,11,4.1,Other,0
35378,39,5,318856,49251,0.32,0.07,12,10,3.7,Metro,0
35379,16,7,543708,52295,0.84,0.18,24,13,4.4,Other,0
35380,9,5,165689,45816,0.17,0.23,13,4,4.0,Seoul,0
35381,5,9,172379,30799,0.75,0.17,14,18,4.6,Metro,0
35382,0,3,130123,29742,0.34,0.03,5,8,4.7,Seoul,0
35383,27,3,111252,28016,0.45,0.09,13,8,3.6,Metro,0
35384,21,11,385364,44976,0.74,0.16,19,20,4.2,Seoul,0
35385,15,11,329575,36985,0.95,0.17,9,6,4.0,Other,0
35386,23,6,205162,31459,0.39,0.05,21,3,4.3,Metro,0
35387,6,13,1064172,66826,0.2,0.12,27,38,4.9,Other,0
35388,16,7,390518,38948,0.64,0.15,14,14,3.9,Other,0
35389,33,2,80384,37283,0.1,0.16,3,0,4.7,Seoul,0
35390,18,8,186494,42040,0.44,0.22,11,4,4.6,Other,0
35391,0,4,215533,52230,0.68,0.15,14,16,3.8,Other,0
35392,93,2,50472,31695,0.18,0.05,7,3,3.4,Seoul,0
35393,13,5,418170,48311,0.15,0.34,18,8,3.3,Metro,0
35394,73,3,68316,31884,0.41,0.01,4,3,3.9,Other,0
35395,86,3,145286,48223,0.21,0.08,6,5,4.3,Metro,0
35396,92,4,128039,41073,0.3,0.23,5,2,4.6,Seoul,0
35397,11,7,261977,38619,0.76,0.14,6,19,4.4,Seoul,0
35398,19,8,333084,35253,0.96,0.23,29,25,4.9,Metro,0
35399,26,4,292243,62699,0.33,0.3,13,10,4.7,Seoul,0
35400,6,16,879561,47628,0.07,0.16,32,35,5.0,Metro,0
35401,25,3,110672,36949,0.27,0.03,13,2,4.3,Metro,0
35402,23,7,209294,30432,0.56,0.26,19,23,4.2,Metro,0
35403,150,1,42223,39979,0.36,0.11,3,2,4.9,Other,0
35404,0,16,1036181,59654,0.08,0.06,23,42,5.0,Other,0
35405,17,9,228909,33787,0.25,0.04,12,13,5.0,Metro,0
35406,44,4,206789,55481,0.37,0.06,16,6,4.3,Seoul,0
35407,103,1,24153,38439,0.24,0.1,0,3,3.2,Seoul,0
35408,11,5,168188,44721,0.71,0.19,19,15,4.5,Seoul,0
35409,19,14,346333,41539,0.61,0.12,21,24,3.7,Metro,0
35410,22,7,184687,39233,0.38,0.06,18,3,4.6,Other,0
35411,19,8,256785,39896,0.88,0.2,31,16,4.5,Metro,0
35412,20,6,267933,42289,0.16,0.13,11,10,4.1,Metro,0
35413,17,8,531589,47314,0.7,0.04,16,0,4.1,Metro,0
35414,26,8,363792,45164,0.66,0.05,13,27,4.3,Seoul,0
35415,69,29,774185,80709,0.49,0.23,57,89,2.9,Seoul,-1
35416,51,4,108292,30741,0.75,0.01,8,4,3.6,Metro,0
35417,7,28,2089840,61258,0.04,0.07,33,44,4.8,Metro,0
35418,1,8,306416,46996,0.25,0.35,15,18,4.5,Other,0
35419,7,11,790479,75919,0.35,0.04,28,35,4.7,Seoul,0
35420,118,2,37374,33485,0.24,0.1,5,3,3.9,Other,0
35421,21,1,33404,18794,0.39,0.04,7,5,3.3,Metro,0
35422,66,0,11251,32908,0.36,0.02,6,4,4.8,Metro,0
35423,8,5,228972,36841,0.49,0.05,17,10,4.2,Metro,0
35424,11,15,1043908,49062,0.14,0.1,22,31,5.0,Other,0
35425,19,3,152213,43541,0.41,0.42,22,6,3.7,Seoul,0
35426,14,8,334513,36021,0.16,0.09,12,7,4.7,Metro,0
35427,4,11,521418,44792,0.23,0.37,11,7,3.9,Other,0
35428,0,8,339388,42301,0.23,0.19,11,13,3.5,Metro,0
35429,31,0,8862,47698,0.25,0.31,10,17,4.1,Metro,0
35430,29,9,309722,39300,0.28,0.25,17,6,4.2,Seoul,0
35431,78,4,69558,33043,0.46,0.08,6,2,4.0,Seoul,0
35432,69,3,126819,42389,0.53,0.15,6,3,4.5,Other,0
35433,36,4,92478,26974,0.25,0.06,11,18,4.0,Other,0
35434,81,3,123970,33175,0.47,0.24,5,4,3.8,Other,0
35435,64,21,2389924,189775,0.28,0.63,52,16,2.8,Metro,-1
35436,12,10,753128,66460,0.19,0.01,12,49,4.5,Metro,0
35437,27,5,161433,41754,0.28,0.26,19,13,4.7,Seoul,0
35438,9,9,408043,40132,0.72,0.08,28,21,4.4,Seoul,0
35439,13,4,226400,55707,0.68,0.47,16,13,1.9,Metro,0
35440,11,10,435023,63356,0.68,0.05,12,19,3.9,Seoul,0
35441,6,14,739982,55139,0.06,0.05,23,33,4.6,Seoul,0
35442,24,6,238153,38011,0.28,0.11,18,1,5.0,Other,0
35443,43,7,337825,47471,0.34,0.14,15,10,3.7,Other,0
35444,23,4,235595,35991,0.35,0.13,12,5,4.7,Metro,0
35445,13,9,271573,38763,0.57,0.46,8,2,4.4,Other,0
35446,9,8,330597,49126,0.63,0.09,24,18,5.0,Seoul,0
35447,35,6,564586,59313,0.17,0.08,10,8,4.1,Seoul,0
35448,72,3,100939,44287,0.31,0.1,5,1,4.1,Seoul,0
35449,34,6,332962,43470,0.29,0.08,7,11,4.7,Seoul,0
35450,101,3,97757,35922,0.33,0.18,3,2,3.2,Other,0
35451,10,15,694141,45069,0.09,0.1,31,45,5.0,Other,0
35452,8,5,221360,43672,0.25,0.09,19,8,4.2,Seoul,0
35453,32,6,148256,38371,0.21,0.11,13,8,4.8,Seoul,0
35454,19,12,811719,59114,0.57,0.14,18,20,4.2,Metro,0
35455,49,26,4976544,110563,0.62,0.53,74,59,1.7,Metro,-1
35456,11,10,414288,40608,0.15,0.18,10,17,3.9,Metro,0
35457,12,11,308786,39095,0.68,0.01,20,18,4.6,Seoul,0
35458,18,8,194498,25992,0.31,0.05,15,0,4.6,Other,0
35459,9,8,345526,43748,0.87,0.1,11,16,4.8,Metro,0
35460,3,19,1410031,54040,0.16,0.05,17,37,4.5,Seoul,0
35461,22,9,374359,43003,0.63,0.2,20,14,3.7,Metro,0
35462,10,14,793051,55020,0.18,0.12,22,50,4.7,Other,0
35463,5,15,914360,46529,0.07,0.1,23,28,4.8,Metro,0
35464,40,7,464561,60713,0.22,0.09,13,9,3.7,Seoul,0
35465,2,14,800408,57497,0.17,0.1,28,28,4.7,Seoul,0
35466,16,10,624706,51069,0.33,0.02,17,7,3.7,Seoul,0
35467,28,8,129368,28317,0.24,0.06,18,7,4.1,Other,0
35468,6,10,616814,62662,0.13,0.05,20,42,4.9,Other,0
35469,6,2,147114,45611,0.18,0.14,13,11,4.1,Metro,0
35470,13,13,938792,56906,0.07,0.1,17,26,5.0,Metro,0
35471,22,8,455591,47012,0.08,0.18,11,13,4.4,Metro,0
35472,8,14,678398,50665,0.31,0.04,25,36,4.8,Seoul,0
35473,5,9,390474,46738,0.43,0.73,12,10,3.2,Metro,0
35474,26,7,180638,33332,0.69,0.18,31,14,4.5,Seoul,0
35475,19,7,332312,56666,0.23,0.18,17,7,4.3,Metro,0
35476,13,16,1108830,53812,0.04,0.17,18,47,5.0,Seoul,0
35477,27,12,542421,39687,0.82,0.09,16,18,4.0,Seoul,0
35478,65,2,84159,39188,0.29,0.05,13,0,3.4,Seoul,0
35479,77,10,1043170,117085,0.34,0.16,78,35,3.1,Metro,-1
35480,6,3,99934,36869,0.12,0.57,24,12,3.4,Seoul,0
35481,4,18,1173023,54964,0.05,0.02,11,21,4.5,Metro,0
35482,11,15,790722,56739,0.15,0.2,33,38,4.7,Seoul,0
35483,73,2,97618,37751,0.48,0.16,9,5,3.4,Seoul,0
35484,110,1,45638,43598,0.32,0.21,10,7,3.1,Metro,0
35485,16,2,134031,63568,0.25,0.09,14,0,4.3,Other,0
35486,17,0,0,57867,0.32,0.48,8,13,4.0,Metro,0
35487,6,2,103924,44013,0.23,0.03,12,15,4.1,Other,0
35488,4,15,1039703,63879,0.11,0.11,28,45,5.0,Metro,0
35489,94,0,20971,47650,0.43,0.32,10,2,4.4,Seoul,0
35490,19,6,197260,35540,0.26,0.09,14,11,4.4,Metro,0
35491,12,9,332368,37912,0.66,0.11,14,13,4.4,Seoul,0
35492,17,2,37351,28319,0.53,0.2,10,3,3.8,Other,0
35493,4,5,360727,62969,0.83,0.21,21,11,3.8,Seoul,0
35494,27,12,503850,37153,0.63,0.11,15,20,4.3,Metro,0
35495,27,8,223225,41930,0.27,0.3,10,16,4.4,Metro,0
35496,17,7,249007,40362,0.7,0.05,20,24,4.9,Metro,0
35497,22,11,685249,48341,0.27,0.37,20,8,3.4,Seoul,0
35498,17,12,424976,31824,0.79,0.23,12,13,4.0,Seoul,0
35499,8,9,516170,57176,0.17,0.02,33,35,5.0,Seoul,0
35500,15,1,55452,45736,0.74,0.12,19,14,4.2,Seoul,0
35501,8,8,302980,35698,0.82,0.04,15,8,5.0,Metro,0
35502,40,6,480997,44859,0.2,0.27,23,12,3.6,Metro,0
35503,8,18,929952,43778,0.21,0.11,27,28,4.4,Seoul,0
35504,123,37,2658680,77810,0.85,0.63,8,51,4.6,Metro,-1
35505,29,7,348900,48616,0.19,0.13,16,6,3.8,Seoul,0
35506,72,5,135138,30104,0.42,0.04,5,4,3.9,Other,0
35507,11,12,335931,48430,0.82,0.09,14,10,4.3,Other,0
35508,84,3,108798,52075,0.36,0.06,5,6,4.5,Seoul,0
35509,23,8,536537,47736,0.3,0.11,11,4,3.7,Metro,0
35510,31,7,185954,43077,0.38,0.19,19,6,4.8,Metro,0
35511,10,13,986194,50501,0.09,0.09,26,33,4.7,Metro,0
35512,13,6,205154,35271,0.32,0.11,14,24,4.0,Metro,0
35513,112,2,65332,31146,0.2,0.09,6,1,3.9,Seoul,0
35514,19,9,212825,29482,0.51,0.04,13,10,4.1,Seoul,0
35515,8,19,1097246,56328,0.14,0.04,24,28,4.7,Metro,0
35516,10,7,409086,43897,0.09,0.29,13,30,3.3,Metro,0
35517,11,11,627691,41149,0.73,0.03,22,24,4.5,Seoul,0
35518,17,6,196246,29079,0.62,0.1,16,8,4.3,Metro,0
35519,4,21,1642225,63993,0.1,0.05,21,36,4.8,Seoul,0
35520,24,6,229861,43174,0.24,0.11,11,8,4.7,Seoul,0
35521,47,2,63244,36526,0.44,0.12,5,4,4.5,Other,0
35522,14,10,415319,38566,0.75,0.06,17,21,3.6,Seoul,0
35523,53,4,40107,33768,0.13,0.12,9,6,4.4,Metro,0
35524,36,6,306023,59577,0.35,0.12,3,13,4.2,Other,0
35525,7,9,282959,39990,0.65,0.21,20,16,4.0,Metro,0
35526,0,9,437391,44705,0.53,0.36,10,10,3.5,Other,0
35527,25,10,268964,37807,0.74,0.11,24,22,5.0,Seoul,0
35528,18,15,522141,38498,0.95,0.08,13,25,4.5,Metro,0
35529,17,4,222833,48730,0.47,0.45,17,14,3.1,Seoul,0
35530,15,0,1175,34675,0.38,0.05,9,14,3.6,Seoul,0
35531,16,13,590200,48798,0.65,0.17,19,18,4.8,Other,0
35532,23,9,213151,27182,0.18,0.08,16,19,4.1,Metro,0
35533,24,9,194316,39653,0.33,0.12,1,12,3.3,Metro,0
35534,18,11,867643,57221,0.66,0.04,13,25,4.1,Metro,0
35535,7,8,217432,35709,0.59,0.09,8,4,4.4,Other,0
35536,33,6,126063,26317,0.49,0.16,0,8,4.6,Seoul,0
35537,1,11,584384,44375,0.71,0.08,17,27,4.4,Seoul,0
35538,18,6,234885,46666,0.35,0.02,1,6,4.4,Other,0
35539,64,3,23288,50062,0.06,0.37,4,3,3.9,Metro,0
35540,11,15,1101550,65383,0.05,0.05,25,33,5.0,Metro,0
35541,17,7,253461,50645,0.29,0.51,15,0,3.0,Metro,0
35542,24,3,75005,31127,0.24,0.08,13,12,3.9,Seoul,0
35543,32,3,82797,30194,0.14,0.06,6,14,4.3,Seoul,0
35544,33,5,219117,50381,0.58,0.19,14,14,3.7,Other,0
35545,10,7,166974,55610,0.56,0.09,18,14,4.4,Metro,0
35546,11,6,219316,35980,0.74,0.15,23,26,4.3,Metro,0
35547,14,2,156759,67470,0.41,0.53,17,8,3.6,Seoul,0
35548,30,7,336308,66284,0.17,0.2,11,21,4.4,Seoul,0
35549,36,5,143971,28983,0.27,0.06,12,15,3.9,Seoul,0
35550,79,1,42575,29513,0.6,0.1,3,3,4.0,Seoul,0
35551,3,8,310159,42449,0.81,0.11,6,14,4.2,Metro,0
35552,14,12,910274,69197,0.06,0.05,19,31,5.0,Other,0
35553,94,2,68614,43740,0.15,0.11,2,6,4.1,Other,0
35554,15,4,191659,39520,0.68,0.2,13,6,4.5,Metro,0
35555,17,3,124016,46538,0.39,0.02,9,3,3.9,Other,0
35556,34,4,73809,30384,0.43,0.1,13,7,3.8,Other,0
35557,16,5,171802,48226,0.82,0.19,17,17,4.1,Seoul,0
35558,15,6,157880,44015,0.85,0.05,20,19,4.8,Metro,0
35559,30,6,298927,43644,0.51,0.08,12,19,4.8,Other,0
35560,5,16,952768,56045,0.13,0.18,16,39,4.7,Seoul,0
35561,18,6,185273,35555,0.47,0.65,10,12,2.3,Seoul,0
35562,60,3,33289,20333,0.1,0.02,5,2,4.5,Metro,0
35563,0,17,986953,61106,0.08,0.01,20,48,4.9,Metro,0
35564,22,9,303119,30955,0.77,0.06,24,6,4.5,Seoul,0
35565,27,10,262483,53844,0.47,0.77,5,4,3.8,Other,0
35566,4,5,255156,49686,0.86,0.08,10,18,4.3,Other,0
35567,31,2,100395,41591,0.14,0.05,6,8,3.9,Seoul,0
35568,8,9,297845,48768,0.84,0.37,25,3,4.4,Other,0
35569,17,9,237869,52465,0.93,0.07,21,27,4.3,Other,0
35570,35,6,242401,23722,0.26,0.06,10,11,4.7,Other,0
35571,9,15,745847,43364,0.12,0.02,30,38,4.8,Metro,0
35572,6,14,837113,58439,0.19,0.02,15,46,4.7,Metro,0
35573,14,10,690126,47753,0.54,0.23,19,7,4.1,Other,0
35574,13,4,135002,42987,0.43,0.06,19,3,3.6,Metro,0
35575,16,6,242520,38385,0.68,0.04,17,21,3.9,Other,0
35576,6,18,778384,46398,0.04,0.13,15,48,4.4,Metro,0
35577,18,1,31763,65358,0.11,0.29,18,9,3.1,Seoul,0
35578,39,11,529854,48442,0.3,0.05,13,12,3.9,Other,0
35579,21,4,135246,31658,0.3,0.14,0,16,4.1,Other,0
35580,7,5,445265,62032,0.49,0.1,17,9,3.9,Metro,0
35581,23,7,303696,45375,0.3,0.01,5,0,4.5,Metro,0
35582,56,2,73091,44511,0.09,0.09,5,2,3.9,Other,0
35583,5,14,506422,44107,0.63,0.15,11,13,4.1,Metro,0
35584,24,6,361769,46004,0.24,0.1,9,9,4.0,Seoul,0
35585,28,2,104571,55426,0.29,0.13,12,9,4.2,Other,0
35586,21,14,600242,48556,0.16,0.49,10,13,4.6,Other,0
35587,20,7,227380,42876,0.5,0.31,20,10,4.1,Metro,0
35588,22,5,174515,33707,0.71,0.13,15,19,4.3,Metro,0
35589,49,3,206476,36470,0.22,0.12,4,3,4.1,Metro,0
35590,46,6,152667,34947,0.36,0.05,11,7,4.1,Seoul,0
35591,56,5,100292,35004,0.27,0.03,6,7,3.2,Seoul,0
35592,14,5,353928,52809,0.47,0.19,15,2,4.0,Seoul,0
35593,2,6,319562,41642,0.27,0.03,3,6,4.1,Other,0
35594,9,18,1277386,54500,0.1,0.07,26,30,4.9,Other,0
35595,7,7,467764,51694,0.36,0.05,13,5,4.7,Metro,0
35596,16,4,56282,41948,0.23,0.08,17,14,4.1,Seoul,0
35597,21,3,157771,45755,0.31,0.44,14,4,3.9,Metro,0
35598,62,2,72585,32466,0.42,0.14,3,5,3.5,Seoul,0
35599,31,7,444100,62541,0.26,0.03,10,10,4.4,Seoul,0
35600,32,2,57380,37467,0.34,0.21,8,4,3.6,Seoul,0
35601,22,4,249863,42497,0.25,0.12,11,14,4.5,Metro,0
35602,5,15,1296799,79239,0.26,0.03,20,37,4.8,Metro,0
35603,29,10,235405,37249,0.26,0.17,19,8,3.8,Metro,0
35604,20,5,215653,41846,0.35,0.65,18,8,4.0,Other,0
35605,17,9,451076,45922,0.18,0.12,10,7,3.7,Metro,0
35606,30,4,116752,38622,0.43,0.03,14,8,3.6,Metro,0
35607,6,9,568198,57428,0.04,0.06,25,32,4.8,Other,0
35608,6,9,243221,35049,0.37,0.17,8,6,3.9,Other,0
35609,64,2,28396,35160,0.34,0.18,3,4,4.2,Seoul,0
35610,27,7,315759,54982,0.37,0.13,12,13,4.5,Other,0
35611,7,18,1172687,48089,0.02,0.08,28,23,4.5,Metro,0
35612,32,7,320705,31383,0.35,0.06,7,1,3.5,Metro,0
35613,25,12,461501,41641,0.71,0.06,23,20,4.3,Seoul,0
35614,14,6,353892,52133,0.47,0.1,4,8,4.4,Metro,0
35615,45,5,285932,57278,0.45,0.07,10,8,3.8,Metro,0
35616,17,2,94483,44779,0.8,0.03,18,21,4.6,Other,0
35617,54,2,45104,26073,0.35,0.04,2,1,3.6,Seoul,0
35618,2,5,328308,39780,0.13,0.11,18,9,4.4,Other,0
35619,33,4,90417,45275,0.4,0.04,13,12,4.0,Other,0
35620,13,13,552059,58262,0.09,0.03,25,38,5.0,Seoul,0
35621,72,0,2549,31721,0.21,0.11,4,4,4.0,Seoul,0
35622,3,9,267682,37548,0.7,0.07,17,18,4.6,Seoul,0
35623,35,1,39261,35339,0.58,0.11,16,1,4.4,Seoul,0
35624,14,4,327716,53137,0.36,0.15,6,12,4.5,Seoul,0
35625,7,17,1161434,50863,0.07,0.08,18,27,4.7,Other,0
35626,29,4,130995,31220,0.28,0.08,23,11,3.9,Other,0
35627,14,3,160855,51796,0.24,0.06,17,12,4.0,Seoul,0
35628,28,7,309972,42877,0.31,0.16,7,12,4.0,Other,0
35629,2,17,725895,47314,0.18,0.09,30,39,4.5,Other,0
35630,15,5,224381,44396,0.68,0.08,13,24,4.2,Seoul,0
35631,109,4,86116,44387,0.17,0.08,6,2,3.8,Metro,0
35632,16,7,323688,43176,0.81,0.31,22,10,4.1,Seoul,0
35633,43,1,22473,34779,0.38,0.17,9,3,3.9,Metro,0
35634,2,8,692816,71825,0.22,0.01,26,23,4.4,Metro,0
35635,8,16,1018891,63534,0.2,0.1,22,36,4.8,Seoul,0
35636,22,7,205907,35175,0.28,0.25,10,9,4.1,Other,0
35637,12,14,501691,38851,0.79,0.06,17,17,4.6,Seoul,0
35638,25,5,203342,36522,0.55,0.2,4,11,4.1,Seoul,0
35639,2,18,954867,57764,0.2,0.12,22,22,4.8,Metro,0
35640,18,5,195580,47202,0.23,0.05,4,17,4.4,Seoul,0
35641,95,2,30456,31675,0.3,0.04,6,3,4.4,Metro,0
35642,18,7,351656,32068,0.34,0.08,14,1,5.0,Metro,0
35643,15,4,129041,47728,0.5,0.04,1,17,4.7,Other,0
35644,108,3,86167,38372,0.19,0.02,1,5,4.0,Metro,0
35645,32,0,0,44321,0.59,0.17,13,21,3.6,Seoul,0
35646,23,8,364099,51782,0.6,0.06,17,29,4.5,Metro,0
35647,45,9,425422,39223,0.21,0.07,8,14,3.8,Seoul,0
35648,1,19,1311034,51865,0.07,0.09,24,40,4.6,Metro,0
35649,94,4,163975,41909,0.33,0.15,7,7,3.8,Metro,0
35650,13,6,245906,40359,0.9,0.1,18,16,4.2,Other,0
35651,52,6,223537,47171,0.3,0.05,15,9,4.4,Metro,0
35652,82,1,44776,43201,0.08,0.06,7,1,4.1,Seoul,0
35653,36,7,252786,35580,0.23,0.14,13,10,3.8,Seoul,0
35654,101,2,97957,40703,0.21,0.1,4,5,4.7,Seoul,0
35655,29,10,487278,42930,0.54,0.1,15,19,4.1,Metro,0
35656,19,8,181868,31732,0.69,0.18,14,12,4.2,Other,0
35657,14,6,243236,44398,0.28,0.55,15,12,2.8,Metro,0
35658,108,26,4099770,21415,0.45,0.65,52,34,2.0,Metro,-1
35659,10,16,1272437,52514,0.09,0.03,20,32,4.8,Metro,0
35660,37,2,108705,39285,0.25,0.08,11,14,3.7,Seoul,0
35661,88,3,99797,47672,0.33,0.03,7,3,4.0,Seoul,0
35662,10,8,575243,67340,0.18,0.07,12,31,4.8,Metro,0
35663,29,4,70418,31341,0.16,0.09,13,12,4.1,Metro,0
35664,6,21,1415369,57453,0.19,0.03,27,44,4.7,Metro,0
35665,16,9,407281,45634,0.89,0.12,10,31,4.5,Seoul,0
35666,21,6,260112,39755,0.36,0.03,12,5,3.7,Metro,0
35667,20,6,204459,38662,0.86,0.09,15,20,4.9,Metro,0
35668,48,6,102950,28658,0.31,0.1,11,17,4.6,Other,0
35669,37,3,150700,37743,0.25,0.06,18,13,4.5,Metro,0
35670,16,7,236386,27201,0.42,0.19,17,12,3.5,Seoul,0
35671,101,34,901346,27844,0.4,0.78,72,72,2.8,Other,-1
35672,32,5,88011,34459,0.45,0.03,5,10,4.4,Metro,0
35673,97,2,56041,38393,0.36,0.09,10,5,3.3,Other,0
35674,14,9,365426,46505,0.33,0.35,5,12,4.4,Metro,0
35675,26,7,235118,34125,0.1,0.1,11,7,4.3,Metro,0
35676,20,13,557379,44799,0.37,0.62,13,16,4.1,Other,0
35677,25,6,297156,48700,0.76,0.07,9,10,4.3,Other,0
35678,24,7,219902,31505,0.47,0.17,13,9,4.2,Metro,0
35679,0,5,206461,39313,0.34,0.14,21,13,4.4,Seoul,0
35680,77,2,30424,36111,0.11,0.08,3,4,3.2,Metro,0
35681,8,6,320780,59849,0.34,0.08,7,10,3.8,Metro,0
35682,54,1,24491,44988,0.32,0.03,9,2,3.8,Other,0
35683,20,7,269421,32822,0.58,0.13,20,25,4.2,Other,0
35684,38,8,230696,27818,0.31,0.19,12,11,4.0,Metro,0
35685,98,2,88302,32332,0.69,0.09,10,2,3.3,Seoul,0
35686,8,18,594908,30338,0.07,0.08,26,32,4.6,Seoul,0
35687,8,11,1203053,74368,0.14,0.15,8,36,4.9,Other,0
35688,13,11,524137,45015,0.67,0.05,15,12,5.0,Metro,0
35689,94,17,4719211,80800,0.42,0.43,1,64,4.5,Metro,-1
35690,32,3,86710,45955,0.3,0.07,14,1,4.2,Seoul,0
35691,40,5,353046,61591,0.63,0.13,12,17,4.3,Other,0
35692,9,13,491438,56464,0.17,0.04,25,33,4.9,Seoul,0
35693,0,6,305462,45438,0.42,0.11,8,6,4.9,Other,0
35694,44,6,226415,43197,0.15,0.16,13,14,4.5,Other,0
35695,23,7,232259,43151,0.47,0.07,21,10,5.0,Other,0
35696,9,8,307468,26726,0.84,0.03,16,22,4.3,Seoul,0
35697,9,17,1148814,57747,0.05,0.07,33,39,4.8,Metro,0
35698,29,6,416654,55741,0.27,0.65,11,16,2.7,Seoul,0
35699,30,7,389453,42485,0.3,0.03,12,12,4.1,Other,0
35700,0,19,1138128,63694,0.12,0.07,15,43,4.5,Metro,0
35701,48,6,424531,49133,0.41,0.03,20,9,4.1,Seoul,0
35702,6,14,518736,58723,0.11,0.05,22,42,4.4,Other,0
35703,9,19,1209781,60975,0.16,0.11,21,31,4.7,Seoul,0
35704,37,5,256095,37998,0.14,0.14,11,8,4.1,Seoul,0
35705,23,8,653399,70149,0.41,0.13,18,5,4.4,Other,0
35706,127,4,151903,34767,0.31,0.08,7,3,2.7,Seoul,0
35707,11,9,349710,56528,0.62,0.49,21,12,3.4,Metro,0
35708,19,9,331055,50554,0.25,0.25,9,17,4.6,Seoul,0
35709,5,9,669647,51610,0.18,0.05,32,45,4.9,Seoul,0
35710,20,5,285442,41104,0.52,0.1,14,14,4.4,Seoul,0
35711,18,7,323902,40579,0.63,0.04,18,12,4.5,Other,0
35712,40,5,170040,42678,0.24,0.11,16,14,3.8,Seoul,0
35713,4,4,140759,40547,0.25,0.43,19,11,2.8,Metro,0
35714,31,3,148521,42425,0.35,0.06,21,12,4.1,Seoul,0
35715,7,12,517595,45162,0.07,0.02,29,28,4.9,Metro,0
35716,6,6,269513,46311,0.75,0.03,18,24,4.2,Metro,0
35717,28,2,77709,48620,0.2,0.15,26,4,4.6,Seoul,0
35718,24,5,378094,56846,0.24,0.47,21,20,3.5,Other,0
35719,10,8,557610,57242,0.07,0.05,17,29,4.8,Other,0
35720,7,12,1104887,66453,0.2,0.07,24,34,4.6,Other,0
35721,22,9,491284,45521,0.55,0.2,5,13,4.1,Metro,0
35722,17,15,4187564,51190,0.03,0.86,40,117,1.3,Metro,-1
35723,12,24,1339455,49176,0.2,0.15,18,26,4.7,Metro,0
35724,34,8,576371,56025,0.43,0.23,6,8,3.7,Other,0
35725,2,7,270948,34225,0.21,0.03,5,13,4.7,Metro,0
35726,47,8,286150,42567,0.29,0.02,22,7,3.8,Metro,0
35727,22,4,157512,34128,0.24,0.07,9,0,4.1,Seoul,0
35728,0,9,354567,40776,0.93,0.13,14,30,4.3,Metro,0
35729,6,24,3080141,40506,0.49,0.66,23,30,1.0,Metro,-1
35730,15,9,391519,44795,0.68,0.14,12,19,4.3,Seoul,0
35731,11,11,396532,37799,0.64,0.11,19,18,4.8,Other,0
35732,14,8,362372,38627,0.47,0.22,10,8,4.2,Other,0
35733,39,7,216841,38269,0.15,0.09,15,8,3.5,Other,0
35734,38,5,224952,49955,0.66,0.27,12,17,3.8,Seoul,0
35735,12,8,270984,35355,0.74,0.12,27,6,3.9,Seoul,0
35736,23,1,59450,47295,0.31,0.47,10,22,3.5,Seoul,0
35737,24,0,13129,37177,0.38,0.06,14,14,4.0,Other,0
35738,41,2,190421,55524,0.39,0.07,9,25,4.6,Seoul,0
35739,3,3,163016,53640,0.21,0.52,12,13,3.2,Other,0
35740,68,3,75282,25255,0.44,0.09,2,4,3.8,Seoul,0
35741,37,10,498089,56031,0.31,0.25,19,11,4.3,Seoul,0
35742,30,10,249546,49400,0.27,0.23,7,10,5.0,Metro,0
35743,160,39,3697447,145182,0.81,0.9,36,14,4.1,Seoul,-1
35744,27,1,86209,55898,0.26,0.06,13,10,4.1,Metro,0
35745,25,9,504419,39104,0.28,0.19,15,11,4.3,Other,0
35746,7,17,830195,64768,0.25,0.14,22,42,4.7,Other,0
35747,21,9,256719,38958,0.78,0.07,23,15,4.6,Other,0
35748,11,5,111667,43286,0.38,0.55,16,11,3.9,Other,0
35749,21,8,392083,46419,0.19,0.63,24,12,3.6,Other,0
35750,14,7,213435,48336,0.08,0.41,14,5,3.5,Other,0
35751,6,13,660513,51342,0.26,0.01,25,35,4.9,Other,0
35752,75,2,63072,52511,0.38,0.23,10,4,4.1,Metro,0
35753,22,6,211195,39973,0.41,0.05,14,7,3.8,Metro,0
35754,21,4,233510,47626,0.14,0.03,10,9,3.9,Seoul,0
35755,0,15,1001543,51716,0.2,0.07,18,32,4.6,Seoul,0
35756,34,3,79014,35252,0.46,0.15,8,7,3.8,Other,0
35757,6,18,1035087,52015,0.16,0.05,33,44,4.6,Seoul,0
35758,77,1,91863,54683,0.12,0.17,9,9,4.6,Metro,0
35759,13,10,401934,43344,0.87,0.08,24,14,4.4,Metro,0
35760,2,10,623202,54480,0.11,0.21,19,29,5.0,Metro,0
35761,8,14,655084,42411,0.37,0.06,14,53,5.0,Other,0
35762,22,9,516129,58438,0.48,0.39,11,8,3.8,Other,0
35763,10,3,199343,54207,0.11,0.01,21,10,3.5,Seoul,0
35764,25,4,98986,28251,0.47,0.6,15,10,3.0,Other,0
35765,46,2,70648,36600,0.61,0.06,8,4,3.9,Metro,0
35766,58,1,23997,44108,0.22,0.14,6,1,4.1,Seoul,0
35767,81,2,72829,43596,0.52,0.02,9,6,4.2,Seoul,0
35768,39,9,396938,50161,0.28,0.07,5,19,3.8,Metro,0
35769,73,2,112531,39515,0.05,0.03,3,4,3.9,Seoul,0
35770,24,7,388469,69725,0.2,0.05,16,16,4.8,Other,0
35771,15,2,67931,45690,0.22,0.08,6,26,4.4,Seoul,0
35772,22,4,152575,41798,0.41,0.12,14,11,3.4,Metro,0
35773,27,6,221347,46036,0.71,0.03,12,17,4.2,Metro,0
35774,27,10,719431,61043,0.13,0.04,17,17,4.0,Metro,0
35775,10,12,594678,44127,0.76,0.28,17,15,4.3,Seoul,0
35776,8,22,1695127,50685,0.14,0.12,19,34,4.5,Seoul,0
35777,42,7,139228,26211,0.3,0.33,5,9,4.5,Metro,0
35778,34,3,186040,45051,0.15,0.28,15,13,3.9,Seoul,0
35779,39,4,207947,41774,0.16,0.1,9,9,4.3,Other,0
35780,10,12,681056,56843,0.04,0.11,26,36,5.0,Metro,0
35781,16,11,732743,46873,0.26,0.32,6,14,4.0,Other,0
35782,16,9,286245,36270,0.13,0.51,1,17,4.0,Seoul,0
35783,75,2,81591,47724,0.2,0.16,9,3,3.6,Seoul,0
35784,24,6,282580,54078,0.39,0.07,0,21,3.2,Other,0
35785,7,9,181171,35443,0.85,0.08,17,23,4.3,Metro,0
35786,22,8,449141,70964,0.41,0.01,16,10,3.5,Metro,0
35787,47,6,195967,36926,0.27,0.08,7,7,3.9,Seoul,0
35788,23,9,478081,53407,0.43,0.1,9,12,4.2,Metro,0
35789,18,7,344557,55531,0.25,0.13,5,8,4.3,Other,0
35790,76,2,65802,27881,0.44,0.23,5,1,5.0,Seoul,0
35791,17,0,13025,54832,0.32,0.08,8,21,3.4,Seoul,0
35792,29,7,263404,45199,0.48,0.44,19,12,4.2,Seoul,0
35793,13,13,1049381,56786,0.03,0.04,17,47,4.5,Seoul,0
35794,7,16,1162321,64264,0.17,0.1,24,36,4.6,Metro,0
35795,12,6,336239,49440,0.2,0.1,21,21,4.6,Seoul,0
35796,27,5,220694,34435,0.37,0.08,8,12,3.7,Seoul,0
35797,27,7,323191,58975,0.36,0.02,11,12,4.2,Metro,0
35798,15,6,133465,56346,0.34,0.51,7,21,3.4,Seoul,0
35799,32,5,176819,33288,0.44,0.26,13,12,4.2,Metro,0
35800,73,3,97514,36521,0.05,0.04,1,3,3.4,Metro,0
35801,60,1,23602,21305,0.3,0.04,3,6,4.1,Metro,0
35802,4,7,122599,34265,0.48,0.11,7,12,4.5,Metro,0
35803,1,5,163897,40453,0.43,0.11,15,14,4.3,Other,0
35804,20,5,259536,37869,0.5,0.2,19,13,4.2,Seoul,0
35805,23,9,534702,46912,0.31,0.04,6,7,4.1,Metro,0
35806,12,6,291466,40159,0.42,0.14,19,11,4.2,Metro,0
35807,9,7,175663,35178,0.24,0.08,6,9,4.9,Metro,0
35808,30,5,123820,32914,0.27,0.13,10,8,3.7,Other,0
35809,16,17,1718549,69715,0.18,0.01,25,45,4.6,Metro,0
35810,21,9,405018,53693,0.24,0.05,24,3,3.8,Metro,0
35811,35,7,390533,47751,0.28,0.32,21,4,4.3,Other,0
35812,8,13,774503,67100,0.01,0.04,15,19,4.7,Metro,0
35813,8,5,213787,31290,0.32,0.16,5,9,3.7,Metro,0
35814,24,9,447797,48745,0.33,0.22,16,9,3.6,Seoul,0
35815,45,5,253780,40119,0.4,0.02,5,17,5.0,Other,0
35816,21,6,152050,28799,0.3,0.18,15,7,4.3,Metro,0
35817,5,6,306737,54864,0.78,0.26,25,15,4.4,Seoul,0
35818,19,6,162599,44330,0.82,0.1,23,21,4.3,Metro,0
35819,112,3,175334,139732,0.73,0.36,34,70,4.4,Seoul,-1
35820,82,4,120833,24995,0.14,0.05,7,6,4.0,Seoul,0
35821,18,3,103182,31835,0.26,0.16,10,3,4.4,Seoul,0
35822,36,4,292591,52147,0.27,0.03,15,4,4.1,Seoul,0
35823,40,8,613904,55157,0.14,0.11,14,10,4.6,Other,0
35824,22,9,339505,37643,0.66,0.09,17,17,4.4,Other,0
35825,57,5,109086,23297,0.35,0.1,7,6,4.1,Metro,0
35826,10,7,287604,44970,0.71,0.06,7,14,4.2,Seoul,0
35827,17,6,206582,49333,0.23,0.03,13,14,4.3,Other,0
35828,7,11,289369,43792,0.84,0.03,12,14,5.0,Other,0
35829,18,6,309799,36405,0.08,0.1,11,15,3.8,Other,0
35830,35,6,441831,47631,0.31,0.03,23,9,4.4,Seoul,0
35831,29,6,180881,47428,0.18,0.14,10,20,3.9,Metro,0
35832,25,8,377826,40773,0.72,0.01,21,19,4.7,Other,0
35833,4,10,176846,39950,0.9,0.08,16,26,4.5,Seoul,0
35834,29,5,57944,20496,0.36,0.13,9,8,4.1,Other,0
35835,28,5,328554,48246,0.36,0.12,20,4,3.9,Metro,0
35836,2,16,1155417,62317,0.12,0.05,19,31,4.8,Metro,0
35837,24,5,214723,44734,0.28,0.08,7,8,3.6,Seoul,0
35838,37,5,325279,64104,0.27,0.12,17,4,4.5,Metro,0
35839,83,3,53267,34037,0.2,0.15,5,4,3.8,Other,0
35840,21,6,297808,48894,0.69,0.11,17,14,4.3,Metro,0
35841,63,4,174371,40919,0.26,0.08,7,0,3.3,Seoul,0
35842,10,9,525752,54095,0.8,0.12,21,18,4.6,Seoul,0
35843,17,13,440196,27748,0.81,0.11,24,21,4.5,Other,0
35844,42,7,572767,60900,0.14,0.15,10,8,3.6,Other,0
35845,88,4,104544,32678,0.32,0.05,8,1,3.7,Other,0
35846,13,7,238300,42294,0.29,0.35,8,9,4.2,Seoul,0
35847,15,6,179844,34933,0.35,0.49,12,22,3.7,Other,0
35848,22,9,271930,50614,0.7,0.18,14,18,4.4,Seoul,0
35849,5,18,1012904,53810,0.13,0.05,24,38,4.7,Seoul,0
35850,36,9,474524,47008,0.23,0.2,18,18,3.3,Seoul,0
35851,26,5,182385,55257,0.11,0.3,17,10,3.7,Metro,0
35852,24,8,231460,44117,0.29,0.08,14,5,4.6,Seoul,0
35853,6,24,1345193,50015,0.19,0.03,26,44,4.8,Metro,0
35854,87,3,4770221,89768,0.69,0.15,44,62,1.6,Seoul,-1
35855,9,15,1148777,55143,0.22,0.03,19,41,4.6,Seoul,0
35856,10,4,181790,38795,0.56,0.07,12,20,4.2,Seoul,0
35857,14,4,164389,30731,0.32,0.01,13,12,4.1,Seoul,0
35858,20,8,328019,36983,0.27,0.06,15,20,4.2,Other,0
35859,38,8,305309,38910,0.26,0.11,5,15,4.3,Metro,0
35860,12,6,326426,43657,0.71,0.11,26,21,4.5,Seoul,0
35861,13,9,470924,53754,0.28,0.1,17,7,4.4,Metro,0
35862,3,16,1111207,59685,0.09,0.14,23,40,4.8,Metro,0
35863,3,6,263601,44917,0.46,0.13,3,9,4.5,Seoul,0
35864,22,5,203693,37915,0.56,0.06,7,9,4.7,Metro,0
35865,19,7,309370,36373,0.25,0.19,16,8,5.0,Metro,0
35866,24,9,543216,51461,0.79,0.11,25,9,4.9,Metro,0
35867,38,3,69398,46966,0.4,0.06,17,18,4.3,Metro,0
35868,28,6,327661,40179,0.55,0.04,9,8,3.9,Other,0
35869,68,30,27392,94116,0.2,0.24,45,56,3.1,Other,-1
35870,16,13,373605,23416,0.67,0.15,15,9,4.4,Other,0
35871,168,21,3547147,198469,0.87,0.72,56,47,4.4,Metro,-1
35872,40,5,342455,47704,0.82,0.22,19,10,4.3,Metro,0
35873,6,14,799801,59985,0.09,0.01,26,39,4.4,Seoul,0
35874,2,9,382704,50977,0.89,0.03,22,17,4.4,Other,0
35875,2,4,146965,37180,0.71,0.05,18,12,4.4,Metro,0
35876,74,3,91352,33639,0.1,0.14,13,0,4.5,Seoul,0
35877,20,5,284154,34633,0.23,0.08,10,9,3.3,Metro,0
35878,21,8,220631,32242,0.87,0.04,17,9,4.2,Metro,0
35879,10,6,380849,58867,0.24,0.09,4,9,3.7,Metro,0
35880,14,10,290516,53480,0.79,0.12,9,20,4.2,Seoul,0
35881,20,4,117908,29705,0.76,0.07,14,18,4.6,Seoul,0
35882,6,8,189818,44931,0.78,0.1,15,23,4.8,Other,0
35883,41,5,235666,41859,0.25,0.18,9,9,4.3,Seoul,0
35884,22,4,179228,40301,0.43,0.51,21,13,4.1,Metro,0
35885,83,1,27284,32122,0.35,0.34,5,6,3.1,Seoul,0
35886,5,11,540930,54031,0.12,0.05,25,18,4.8,Seoul,0
35887,14,10,410486,49162,0.9,0.06,12,14,5.0,Seoul,0
35888,17,9,276069,44776,0.91,0.24,19,18,4.5,Metro,0
35889,18,10,608697,52911,0.21,0.08,5,10,4.0,Metro,0
35890,10,17,1149638,61295,0.11,0.04,20,47,4.7,Seoul,0
35891,13,5,404042,63378,0.42,0.43,22,20,4.9,Metro,0
35892,33,3,58498,27113,0.39,0.15,12,11,4.4,Metro,0
35893,21,8,311477,53644,0.18,0.06,13,18,4.1,Metro,0
35894,33,5,243113,50006,0.2,0.12,14,13,4.2,Other,0
35895,10,20,1443512,65087,0.09,0.07,25,28,4.6,Metro,0
35896,29,4,232431,51020,0.35,0.05,5,0,4.0,Other,0
35897,12,17,1150256,62041,0.02,0.18,20,38,4.6,Seoul,0
35898,27,2,66311,28615,0.24,0.07,14,4,4.4,Metro,0
35899,30,10,463843,43288,0.14,0.04,15,8,4.0,Seoul,0
35900,6,16,776264,54744,0.06,0.03,25,36,4.6,Other,0
35901,22,8,385483,35635,0.26,0.14,19,13,3.7,Metro,0
35902,12,10,660847,48329,0.07,0.02,25,35,4.7,Metro,0
35903,2,16,779813,48139,0.06,0.03,36,26,5.0,Seoul,0
35904,5,3,30754,32462,0.33,0.18,9,12,4.6,Seoul,0
35905,79,4,106939,39123,0.11,0.21,9,4,4.7,Seoul,0
35906,28,3,109636,26076,0.47,0.23,7,5,4.4,Other,0
35907,39,4,134342,33308,0.53,0.16,8,13,4.4,Seoul,0
35908,24,7,282312,32650,0.52,0.2,13,13,4.9,Other,0
35909,10,10,477686,45952,0.88,0.18,22,23,4.4,Metro,0
35910,1,21,1436769,49550,0.05,0.04,20,19,5.0,Seoul,0
35911,32,7,174448,36536,0.4,0.26,19,13,4.3,Other,0
35912,2,11,695981,57057,0.09,0.01,21,27,4.2,Metro,0
35913,21,6,375974,50071,0.36,0.13,12,15,3.7,Seoul,0
35914,16,6,193751,40145,0.8,0.13,16,10,4.7,Metro,0
35915,4,10,264770,45239,0.79,0.13,7,14,4.1,Seoul,0
35916,28,4,96723,37538,0.27,0.12,11,8,4.6,Metro,0
35917,37,6,333716,41602,0.35,0.26,9,14,4.3,Other,0
35918,22,9,597337,53811,0.14,0.02,15,11,3.6,Metro,0
35919,7,7,479004,43642,0.21,0.13,15,2,4.3,Metro,0
35920,17,7,299531,37041,0.73,0.08,17,24,4.6,Seoul,0
35921,74,3,103871,33164,0.77,0.07,8,3,3.9,Metro,0
35922,7,15,1092723,59158,0.06,0.08,18,42,4.8,Metro,0
35923,27,1,56493,36556,0.51,0.13,11,14,4.5,Metro,0
35924,24,11,350618,37947,0.92,0.15,19,18,4.7,Other,0
35925,29,3,154324,44837,0.29,0.06,24,10,3.8,Seoul,0
35926,5,2,75453,42249,0.68,0.15,19,17,4.7,Other,0
35927,27,6,170631,35947,0.2,0.08,5,13,4.0,Seoul,0
35928,19,6,145753,27197,0.37,0.15,9,0,4.0,Other,0
35929,29,9,432498,46364,0.3,0.01,7,9,3.8,Metro,0
35930,12,14,764765,43684,0.31,0.03,16,23,4.9,Other,0
35931,34,8,369753,46847,0.44,0.5,6,5,3.0,Metro,0
35932,5,8,191527,31221,0.92,0.19,14,18,4.9,Metro,0
35933,22,9,504973,46039,0.81,0.04,12,25,4.2,Other,0
35934,5,13,322762,24635,0.6,0.09,22,18,4.3,Seoul,0
35935,20,9,341258,44540,0.83,0.08,20,18,4.3,Other,0
35936,22,6,340772,48830,0.11,0.22,8,7,4.5,Other,0
35937,14,10,245205,45198,0.76,0.07,15,18,4.1,Other,0
35938,82,5,189843,29948,0.05,0.06,6,2,4.3,Seoul,0
35939,20,7,366756,41254,0.36,0.07,11,16,4.8,Seoul,0
35940,22,1,17122,41825,0.33,0.03,14,9,4.0,Seoul,0
35941,27,5,195534,39189,0.14,0.07,12,10,4.1,Metro,0
35942,28,8,475568,56924,0.33,0.03,26,9,4.3,Seoul,0
35943,5,13,629583,50968,0.14,0.05,19,28,4.7,Metro,0
35944,19,11,236827,45699,0.38,0.09,4,12,4.6,Metro,0
35945,85,38,2475583,89068,0.81,0.46,12,117,1.7,Metro,-1
35946,11,10,535823,36438,0.79,0.02,10,8,4.6,Seoul,0
35947,6,18,1262230,47803,0.12,0.19,26,27,5.0,Metro,0
35948,27,3,137213,41852,0.24,0.34,10,10,3.6,Metro,0
35949,92,3,67044,45459,0.15,0.17,2,5,3.4,Seoul,0
35950,30,6,275549,51718,0.36,0.08,15,7,4.3,Other,0
35951,24,13,572908,33362,0.82,0.18,19,21,4.6,Metro,0
35952,77,4,107568,31021,0.1,0.03,10,1,3.8,Other,0
35953,77,2,38442,27825,0.48,0.08,7,1,3.6,Metro,0
35954,9,18,1192621,58471,0.39,0.05,24,31,4.4,Other,0
35955,68,3,82451,43919,0.23,0.02,4,0,4.0,Metro,0
35956,32,2,85884,52528,0.21,0.15,0,13,3.9,Metro,0
35957,31,5,357331,46994,0.32,0.11,16,10,4.2,Seoul,0
35958,5,12,813424,52541,0.07,0.07,20,36,4.7,Seoul,0
35959,41,9,343397,51702,0.58,0.2,19,8,4.1,Other,0
35960,20,8,380802,39143,0.93,0.04,14,13,4.6,Metro,0
35961,5,9,573979,49213,0.19,0.1,19,37,5.0,Seoul,0
35962,16,5,180214,46478,0.9,0.08,20,10,4.4,Metro,0
35963,39,0,1697,24530,0.16,0.03,3,3,3.4,Seoul,0
35964,0,4,159161,44420,0.79,0.12,19,8,4.7,Metro,0
35965,33,8,320211,48006,0.2,0.16,10,8,4.5,Seoul,0
35966,19,11,387493,34219,0.93,0.12,28,9,4.6,Other,0
35967,49,6,114449,43445,0.35,0.23,9,14,4.3,Other,0
35968,7,10,318732,42740,0.49,0.11,18,4,4.2,Other,0
35969,37,5,278278,51938,0.29,0.08,9,12,4.0,Seoul,0
35970,37,13,558568,34591,0.19,0.04,14,3,4.1,Metro,0
35971,76,3,149932,47835,0.12,0.09,7,2,3.6,Metro,0
35972,2,17,1097512,55426,0.12,0.1,16,27,4.5,Other,0
35973,10,5,92046,34408,0.11,0.04,13,10,4.4,Metro,0
35974,18,10,477694,49456,0.31,0.4,13,18,4.0,Seoul,0
35975,7,8,227715,43570,0.2,0.59,23,9,5.0,Metro,0
35976,12,8,271360,43834,0.69,0.05,28,12,3.5,Seoul,0
35977,34,5,166481,47464,0.2,0.14,15,18,3.8,Metro,0
35978,14,7,391490,43537,0.59,0.08,18,15,4.3,Other,0
35979,27,10,314446,35094,0.79,0.19,15,24,4.4,Seoul,0
35980,35,5,179190,36893,0.1,0.04,8,7,4.5,Metro,0
35981,24,2,105759,50395,0.41,0.07,17,11,3.5,Seoul,0
35982,0,7,290201,45256,0.3,0.07,11,5,5.0,Metro,0
35983,0,8,495506,61633,0.11,0.03,25,8,4.8,Metro,0
35984,12,10,301243,43090,0.85,0.07,13,18,4.4,Seoul,0
35985,22,8,379121,34108,0.25,0.08,7,9,4.2,Metro,0
35986,50,4,91950,29792,0.32,0.01,3,5,4.9,Metro,0
35987,5,14,924120,58138,0.11,0.18,19,36,4.7,Metro,0
35988,64,4,123156,38641,0.59,0.08,4,3,4.2,Seoul,0
35989,12,3,80108,33004,0.27,0.53,6,4,3.1,Other,0
35990,58,2,74817,30043,0.31,0.0,4,0,4.1,Metro,0
35991,12,23,1361736,48212,0.11,0.07,14,38,4.6,Metro,0
35992,19,8,418749,51387,0.29,0.05,19,13,4.4,Seoul,0
35993,16,7,412137,48419,0.42,0.5,14,7,4.3,Other,0
35994,20,9,240424,29179,0.34,0.39,14,15,3.9,Other,0
35995,7,5,187065,38543,0.56,0.04,8,7,4.1,Seoul,0
35996,61,0,9740,38104,0.49,0.08,6,3,4.1,Metro,0
35997,30,6,289870,45637,0.21,0.05,6,18,4.1,Other,0
35998,11,9,233032,49555,0.29,0.27,12,5,4.4,Metro,0
35999,5,5,246467,46563,0.6,0.07,6,12,4.1,Seoul,0
36000,50,5,137882,47563,0.29,0.05,14,3,4.0,Metro,0
36001,125,1,4357845,140795,0.98,0.3,73,71,1.1,Metro,-1
36002,7,24,1564452,53059,0.22,0.04,30,25,4.9,Metro,0
36003,31,8,406356,46792,0.33,0.07,17,11,4.5,Metro,0
36004,4,10,576567,48424,0.77,0.08,14,20,4.3,Metro,0
36005,4,24,1167704,58741,0.13,0.04,33,37,4.9,Seoul,0
36006,85,2,41055,30140,0.26,0.31,5,3,3.8,Other,0
36007,20,4,211149,40848,0.33,0.11,10,15,4.1,Metro,0
36008,8,3,145114,50720,0.54,0.04,8,12,4.2,Other,0
36009,14,3,221879,51197,0.39,0.12,17,4,4.1,Metro,0
36010,18,13,298479,40011,0.38,0.17,7,20,4.2,Other,0
36011,18,9,332471,35966,0.6,0.13,4,15,4.2,Metro,0
36012,55,1,1804137,47808,0.82,0.9,26,75,1.6,Other,-1
36013,12,12,688015,48903,0.21,0.08,10,29,4.7,Seoul,0
36014,11,4,56142,44908,0.35,0.04,13,11,3.3,Other,0
36015,5,18,811065,41738,0.01,0.03,24,36,4.7,Other,0
36016,13,19,850155,42707,0.03,0.01,24,41,4.4,Metro,0
36017,24,6,216852,45759,0.7,0.12,20,26,4.2,Other,0
36018,93,26,1507622,68819,0.6,0.34,64,31,2.0,Seoul,-1
36019,4,10,124520,45076,0.16,0.16,7,2,4.5,Other,0
36020,34,13,524507,47981,0.35,0.51,19,13,3.7,Other,0
36021,33,7,316043,46731,0.53,0.35,0,9,3.7,Metro,0
36022,1,7,261510,35791,0.28,0.05,15,6,4.5,Other,0
36023,13,19,1336335,51656,0.18,0.03,23,34,5.0,Metro,0
36024,7,3,93921,25759,0.15,0.09,16,10,4.2,Other,0
36025,18,7,310332,46546,0.29,0.08,2,17,3.8,Metro,0
36026,21,6,190198,32129,0.4,0.08,26,7,3.5,Metro,0
36027,19,4,92193,44880,0.6,0.08,19,1,4.1,Seoul,0
36028,7,15,618000,44453,0.11,0.11,18,42,4.6,Metro,0
36029,21,7,240001,40217,0.53,0.51,18,27,3.4,Seoul,0
36030,19,6,242124,53499,0.81,0.06,9,20,4.1,Seoul,0
36031,82,3,50663,25171,0.51,0.07,5,5,4.4,Metro,0
36032,77,0,2758,33674,0.5,0.05,6,3,2.7,Seoul,0
36033,1,21,905347,52218,0.03,0.06,28,41,4.7,Seoul,0
36034,16,16,1376549,68320,0.18,0.08,24,42,4.9,Other,0
36035,0,7,135676,22768,0.48,0.38,7,5,2.9,Seoul,0
36036,31,6,547791,54610,0.26,0.11,5,9,4.4,Seoul,0
36037,5,8,212358,25811,0.21,0.37,19,8,4.1,Seoul,0
36038,24,5,180828,43175,0.71,0.06,23,20,4.5,Other,0
36039,26,5,171956,36107,0.68,0.07,25,23,4.7,Seoul,0
36040,99,2,104507,41800,0.37,0.08,4,2,3.8,Other,0
36041,136,1,66546,43395,0.4,0.08,4,4,3.7,Other,0
36042,9,17,592417,43971,0.07,0.01,28,38,4.7,Metro,0
36043,30,4,157651,50070,0.13,0.1,9,15,4.7,Seoul,0
36044,4,5,169109,36883,0.23,0.65,6,10,2.7,Metro,0
36045,32,4,133834,45224,0.17,0.01,10,13,4.2,Other,0
36046,85,4,94241,32251,0.21,0.34,5,2,3.6,Seoul,0
36047,93,0,0,32270,0.24,0.1,7,4,4.3,Seoul,0
36048,6,10,371073,52739,0.0,0.01,18,44,4.9,Seoul,0
36049,8,14,487545,36129,0.58,0.09,9,7,4.0,Seoul,0
36050,21,5,408126,55527,0.37,0.22,2,17,4.9,Metro,0
36051,81,4,158023,36605,0.62,0.13,11,4,3.8,Seoul,0
36052,33,4,222811,51684,0.19,0.07,7,14,4.5,Other,0
36053,0,6,266748,34964,0.49,0.15,9,12,4.1,Other,0
36054,4,2,113658,43232,0.83,0.18,23,15,4.4,Metro,0
36055,11,19,1715850,72058,0.08,0.03,14,38,4.8,Metro,0
36056,10,15,986371,58265,0.05,0.07,25,22,4.7,Metro,0
36057,12,18,1110584,52058,0.04,0.11,16,29,4.8,Metro,0
36058,32,4,134928,52119,0.38,0.09,10,12,3.7,Metro,0
36059,25,10,146381,36843,0.26,0.07,8,17,3.9,Seoul,0
36060,37,7,293427,51276,0.27,0.07,18,7,3.3,Metro,0
36061,0,8,298471,39223,0.26,0.06,14,14,4.3,Seoul,0
36062,88,2,91685,38011,0.29,0.02,2,1,3.8,Metro,0
36063,20,10,300056,31937,0.89,0.12,26,12,4.6,Seoul,0
36064,43,0,2150,37974,0.34,0.04,7,1,3.5,Metro,0
36065,12,12,399958,39823,0.68,0.11,9,10,4.3,Other,0
36066,36,6,156934,31652,0.3,0.15,17,8,4.3,Seoul,0
36067,21,5,155904,34529,0.3,0.03,5,2,3.7,Metro,0
36068,13,12,649010,45249,0.84,0.07,16,32,4.6,Other,0
36069,6,10,565459,50198,0.75,0.14,14,15,4.7,Metro,0
36070,22,22,1557698,55443,0.45,0.8,78,20,2.0,Metro,-1
36071,30,10,681116,42789,0.47,0.43,15,4,3.5,Metro,0
36072,8,17,804393,58435,0.3,0.08,9,34,4.7,Other,0
36073,2,16,935771,68566,0.08,0.09,19,38,4.9,Seoul,0
36074,18,13,366769,31192,0.74,0.17,23,24,4.5,Metro,0
36075,5,1,40527,46840,0.32,0.11,10,8,4.5,Seoul,0
36076,38,8,168885,38665,0.24,0.16,15,11,4.1,Other,0
36077,15,6,320699,52723,0.2,0.13,13,10,4.0,Seoul,0
36078,33,4,130003,35076,0.08,0.09,5,4,2.9,Metro,0
36079,10,19,1016015,50753,0.1,0.16,18,29,4.5,Seoul,0
36080,30,7,362958,54759,0.36,0.16,16,7,4.2,Seoul,0
36081,17,14,617811,42694,0.58,0.13,16,22,4.3,Other,0
36082,7,15,629144,48939,0.05,0.06,20,51,4.6,Seoul,0
36083,24,6,72916,27451,0.25,0.08,7,9,4.1,Metro,0
36084,8,10,519818,43970,0.24,0.02,24,34,4.5,Seoul,0
36085,6,18,1027904,55825,0.13,0.05,24,35,4.7,Metro,0
36086,37,0,17309,42996,0.32,0.08,18,10,4.5,Seoul,0
36087,63,4,44471,35702,0.34,0.11,5,7,3.7,Other,0
36088,13,8,287304,41522,0.69,0.05,16,9,4.8,Seoul,0
36089,4,10,313646,42263,0.79,0.14,20,15,4.3,Metro,0
36090,27,5,234032,48853,0.36,0.04,13,13,4.7,Other,0
36091,6,13,634997,43755,0.03,0.08,26,30,5.0,Metro,0
36092,4,11,620881,51290,0.12,0.16,27,27,4.8,Metro,0
36093,44,4,220641,44127,0.49,0.03,12,10,4.0,Seoul,0
36094,138,38,4948904,179655,0.44,0.59,8,89,2.0,Other,-1
36095,7,8,517930,49177,0.18,0.3,2,10,3.6,Metro,0
36096,102,3,48989,18679,0.17,0.09,9,1,3.2,Metro,0
36097,10,12,669352,47731,0.03,0.02,21,34,4.3,Metro,0
36098,13,7,405436,45430,0.4,0.06,11,12,4.7,Metro,0
36099,17,11,397374,28584,0.41,0.06,10,7,4.1,Seoul,0
36100,13,17,1307359,63593,0.03,0.13,35,35,4.8,Seoul,0
36101,33,7,328919,57380,0.48,0.1,19,12,4.3,Seoul,0
36102,22,13,766227,42991,0.81,0.07,26,18,4.3,Seoul,0
36103,33,5,264300,48950,0.36,0.09,10,0,4.0,Other,0
36104,20,31,4862360,120656,0.62,0.57,24,10,1.7,Metro,-1
36105,80,2,61789,34755,0.41,0.22,0,1,4.7,Other,0
36106,0,14,618355,46326,0.27,0.58,8,3,3.4,Seoul,0
36107,36,7,228660,32801,0.29,0.3,17,16,3.7,Other,0
36108,5,16,820089,50933,0.06,0.07,30,34,4.6,Seoul,0
36109,67,3,135424,44257,0.38,0.02,3,5,4.3,Seoul,0
36110,15,7,337896,36259,0.21,0.2,4,21,3.8,Metro,0
36111,9,7,493969,58175,0.13,0.09,20,48,4.8,Seoul,0
36112,86,3,108758,49146,0.08,0.09,9,3,4.4,Metro,0
36113,16,6,225531,41778,0.62,0.07,18,20,4.6,Metro,0
36114,13,9,374085,58466,0.45,0.54,10,13,4.6,Metro,0
36115,82,2,78165,47411,0.34,0.1,9,3,3.2,Metro,0
36116,28,8,450226,50799,0.38,0.09,7,11,3.8,Other,0
36117,48,1,28614,38721,0.25,0.01,11,4,4.3,Metro,0
36118,9,14,699753,42167,0.21,0.05,21,34,4.7,Seoul,0
36119,40,3,127932,45361,0.32,0.26,17,7,4.3,Seoul,0
36120,7,21,711873,56052,0.09,0.29,20,34,4.5,Seoul,0
36121,1,14,791778,45375,0.21,0.04,24,42,4.7,Seoul,0
36122,84,3,43750,28489,0.47,0.17,7,6,3.6,Other,0
36123,17,5,164885,46276,0.17,0.11,13,12,3.8,Metro,0
36124,22,8,431539,51745,0.78,0.04,16,20,4.3,Seoul,0
36125,2,15,894235,51595,0.21,0.01,16,34,4.6,Metro,0
36126,0,7,233651,50708,0.7,0.03,17,29,4.3,Other,0
36127,14,10,649441,57003,0.48,0.11,21,23,4.3,Metro,0
36128,4,20,1778334,72690,0.1,0.07,17,39,4.8,Other,0
36129,8,6,350210,47988,0.61,0.18,7,3,3.8,Seoul,0
36130,0,19,1009519,62457,0.09,0.06,9,25,4.5,Metro,0
36131,9,3,98240,41926,0.97,0.05,11,22,4.3,Metro,0
36132,37,2,56315,45049,0.41,0.2,9,17,4.6,Metro,0
36133,4,8,195604,26080,0.32,0.1,7,13,4.6,Seoul,0
36134,14,13,669474,39125,0.81,0.05,18,24,4.5,Other,0
36135,27,15,491123,130965,0.1,0.34,45,50,1.3,Other,-1
36136,17,11,439255,38364,0.85,0.06,12,14,4.4,Metro,0
36137,19,6,252493,55585,0.39,0.22,18,13,3.7,Seoul,0
36138,14,2,87350,47002,0.88,0.08,8,9,3.9,Seoul,0
36139,14,6,257958,48080,0.69,0.06,15,14,4.3,Metro,0
36140,92,3,94526,33618,0.43,0.07,7,5,4.0,Metro,0
36141,3,13,592039,46729,0.75,0.11,23,10,4.5,Seoul,0
36142,8,8,326333,37349,0.66,0.11,8,12,4.3,Seoul,0
36143,13,20,1124096,53973,0.02,0.04,20,25,4.5,Metro,0
36144,31,7,328718,39314,0.5,0.09,14,7,4.3,Other,0
36145,0,6,199108,48030,0.29,0.07,14,4,4.0,Seoul,0
36146,24,7,322552,48801,0.21,0.07,9,0,4.8,Metro,0
36147,21,8,179561,38734,0.15,0.04,7,12,3.7,Metro,0
36148,22,4,138521,37386,0.5,0.17,21,19,4.6,Other,0
36149,21,8,327038,43777,0.4,0.56,16,20,3.7,Seoul,0
36150,16,11,421195,42679,0.36,0.03,4,2,4.3,Metro,0
36151,42,8,306972,53470,0.28,0.08,19,8,3.6,Seoul,0
36152,24,3,140489,55652,0.44,0.12,11,10,3.9,Other,0
36153,117,4,140174,31905,0.38,0.14,0,2,3.8,Seoul,0
36154,10,10,617061,55695,0.85,0.04,15,15,4.5,Other,0
36155,73,4,141739,26728,0.13,0.12,6,4,3.2,Seoul,0
36156,8,5,348875,80592,0.11,0.04,28,36,4.8,Metro,0
36157,109,4,108496,30463,0.32,0.15,8,5,3.4,Seoul,0
36158,7,23,1365651,47679,0.14,0.11,21,33,4.9,Seoul,0
36159,0,19,976945,64322,0.2,0.16,21,29,4.8,Seoul,0
36160,25,9,562407,53105,0.43,0.57,13,12,4.1,Metro,0
36161,23,13,686533,45978,0.3,0.12,15,7,3.9,Seoul,0
36162,22,3,190015,50999,0.49,0.11,7,3,4.4,Seoul,0
36163,22,11,305994,36176,0.83,0.1,13,22,3.8,Metro,0
36164,16,7,276415,46199,0.15,0.19,10,10,3.9,Seoul,0
36165,47,5,289563,49352,0.33,0.03,6,10,4.1,Seoul,0
36166,20,6,217031,42912,0.36,0.06,15,9,4.0,Metro,0
36167,47,7,238421,37581,0.17,0.05,16,19,4.1,Metro,0
36168,67,1,50730,32169,0.32,0.09,5,3,4.2,Metro,0
36169,20,11,690613,51916,0.78,0.19,20,20,4.8,Metro,0
36170,15,7,303501,59651,0.43,0.2,16,19,4.3,Metro,0
36171,2,13,486756,37386,0.27,0.37,1,2,3.9,Seoul,0
36172,122,2,53474,26842,0.36,0.07,6,4,4.2,Other,0
36173,63,3,151554,45462,0.2,0.18,10,2,3.2,Metro,0
36174,88,3,84903,42873,0.1,0.18,10,1,4.5,Metro,0
36175,81,4,15150,37606,0.44,0.12,7,4,3.7,Metro,0
36176,5,6,250169,42196,0.45,0.44,15,10,3.7,Seoul,0
36177,25,9,487545,59197,0.35,0.12,8,9,4.1,Other,0
36178,105,2,77790,41054,0.3,0.08,6,5,3.3,Metro,0
36179,102,2,67251,40447,0.37,0.08,8,5,3.6,Metro,0
36180,54,4,114293,32132,0.48,0.2,5,0,3.2,Other,0
36181,0,26,1009918,42739,0.03,0.03,24,36,4.6,Seoul,0
36182,19,4,95878,43251,0.35,0.08,13,14,4.4,Metro,0
36183,15,7,498168,46567,0.27,0.2,6,8,4.9,Seoul,0
36184,23,8,436228,44544,0.17,0.06,13,3,4.7,Seoul,0
36185,20,9,331699,44832,0.79,0.08,25,20,4.5,Metro,0
36186,45,12,834104,43480,0.35,0.09,16,12,5.0,Metro,0
36187,40,7,408621,43868,0.32,0.11,10,3,4.0,Seoul,0
36188,16,12,366343,36872,0.46,0.14,25,10,4.2,Seoul,0
36189,25,3,180611,53565,0.18,0.06,11,15,4.4,Other,0
36190,9,9,143528,33388,0.32,0.03,7,10,4.2,Metro,0
36191,29,5,231620,37510,0.46,0.08,8,8,5.0,Metro,0
36192,7,13,824013,53049,0.31,0.03,16,37,4.6,Metro,0
36193,11,7,237620,33709,0.84,0.07,19,13,4.3,Other,0
36194,140,16,4087573,178740,0.93,0.95,54,39,1.6,Other,-1
36195,15,9,385345,44218,0.05,0.07,22,29,4.6,Seoul,0
36196,118,3,89513,31851,0.36,0.08,4,4,3.7,Seoul,0
36197,99,14,3592539,52470,0.4,0.11,38,39,2.4,Metro,-1
36198,4,16,836219,57058,0.08,0.09,27,31,4.9,Other,0
36199,77,2,54459,24656,0.38,0.19,8,5,4.2,Seoul,0
36200,32,6,131981,26754,0.31,0.59,18,17,3.4,Metro,0
36201,13,9,299148,44682,0.21,0.17,8,10,4.4,Seoul,0
36202,91,5,213889,39290,0.37,0.08,6,1,4.3,Seoul,0
36203,106,8,2983170,19373,0.21,0.81,35,78,1.6,Other,-1
36204,13,11,408778,37178,0.89,0.09,18,7,3.8,Other,0
36205,10,15,1058504,55448,0.1,0.13,24,37,4.5,Seoul,0
36206,10,6,252114,43997,0.35,0.04,8,2,4.1,Metro,0
36207,54,3,84316,42514,0.21,0.02,4,5,4.4,Metro,0
36208,18,9,254631,44923,0.74,0.03,20,21,4.5,Seoul,0
36209,5,19,1261159,52539,0.05,0.03,28,27,4.9,Metro,0
36210,26,10,468928,46563,0.43,0.02,12,9,5.0,Seoul,0
36211,7,20,1610063,63736,0.06,0.08,30,30,4.8,Metro,0
36212,30,5,223476,41511,0.14,0.19,16,10,3.7,Metro,0
36213,70,2,23177,35585,0.28,0.07,7,4,4.3,Metro,0
36214,33,5,292433,55537,0.36,0.15,14,12,4.1,Seoul,0
36215,0,9,261655,35633,0.85,0.1,30,30,4.6,Seoul,0
36216,23,8,214384,52881,0.91,0.04,17,19,4.2,Metro,0
36217,10,7,279854,51203,0.18,0.07,25,7,4.6,Seoul,0
36218,45,0,14792,33215,0.41,0.07,15,9,3.9,Seoul,0
36219,10,8,263291,40545,0.62,0.24,24,20,4.1,Other,0
36220,61,3,84722,47958,0.38,0.02,5,1,2.9,Metro,0
36221,94,2,114161,39445,0.26,0.03,9,4,3.2,Metro,0
36222,13,9,351348,46903,0.92,0.04,15,15,4.4,Metro,0
36223,28,6,200272,48972,0.24,0.04,10,8,4.1,Metro,0
36224,12,16,1002830,50463,0.13,0.05,26,39,4.9,Metro,0
36225,25,6,367542,52696,0.27,0.1,5,8,4.6,Seoul,0
36226,6,15,912874,57615,0.11,0.08,18,35,4.9,Metro,0
36227,177,19,1062761,45022,0.49,0.05,31,22,1.2,Seoul,-1
36228,13,8,379922,46338,0.8,0.12,14,17,4.8,Seoul,0
36229,99,3,101663,33250,0.13,0.09,7,3,3.7,Seoul,0
36230,53,1,31493,39189,0.22,0.08,4,8,3.8,Metro,0
36231,7,7,173663,38318,0.28,0.54,17,7,3.7,Metro,0
36232,86,3,89841,38644,0.23,0.1,10,4,4.2,Seoul,0
36233,9,4,179307,43068,0.23,0.04,18,8,4.1,Metro,0
36234,14,11,473495,53353,0.68,0.14,27,26,4.7,Metro,0
36235,75,1,24645,47707,0.31,0.03,8,3,4.5,Other,0
36236,4,18,1179557,61564,0.09,0.12,20,31,4.8,Other,0
36237,26,0,0,44678,0.29,0.02,6,0,4.1,Seoul,0
36238,15,6,241149,49649,0.29,0.09,10,11,3.7,Seoul,0
36239,20,7,481777,55096,0.43,0.24,8,8,4.9,Metro,0
36240,24,6,132710,42500,0.42,0.2,7,8,4.2,Other,0
36241,29,8,400074,46482,0.3,0.08,6,15,4.1,Other,0
36242,5,7,241695,38934,0.91,0.0,18,19,4.6,Metro,0
36243,13,15,626792,43134,0.15,0.07,34,28,4.4,Other,0
36244,20,7,274479,39095,0.22,0.23,11,10,4.7,Other,0
36245,15,14,709251,42743,0.71,0.25,19,22,5.0,Metro,0
36246,7,15,813375,49013,0.07,0.02,24,27,4.8,Metro,0
36247,16,2,58796,41831,0.35,0.45,9,13,3.9,Metro,0
36248,35,10,403789,51959,0.39,0.69,15,7,3.9,Other,0
36249,42,6,376104,48230,0.5,0.1,9,14,3.8,Metro,0
36250,84,3,120003,25459,0.4,0.17,6,4,3.5,Seoul,0
36251,20,8,316180,34933,0.36,0.02,13,2,3.6,Other,0
36252,18,7,318409,32190,0.8,0.14,21,26,4.7,Seoul,0
36253,101,1,28481,36650,0.18,0.2,11,3,3.3,Seoul,0
36254,106,3,100038,28057,0.34,0.13,8,0,3.4,Seoul,0
36255,34,7,393486,52476,0.21,0.46,13,7,3.1,Other,0
36256,23,8,386449,34525,0.31,0.53,15,12,2.9,Metro,0
36257,27,7,147291,49429,0.37,0.21,23,18,4.1,Seoul,0
36258,11,20,1110620,55431,0.11,0.1,23,34,4.7,Other,0
36259,74,3,148724,49669,0.3,0.03,4,1,4.5,Metro,0
36260,0,12,384764,42722,0.77,0.13,14,25,4.7,Seoul,0
36261,38,14,685358,57273,0.36,0.09,12,12,4.3,Metro,0
36262,4,21,1280124,60041,0.12,0.02,17,51,4.6,Other,0
36263,13,20,1646594,66370,0.14,0.04,21,40,5.0,Metro,0
36264,18,9,427384,35510,0.25,0.08,21,9,3.6,Other,0
36265,92,3,85204,30212,0.15,0.15,9,5,4.3,Metro,0
36266,8,5,249559,55500,0.23,0.04,10,14,4.0,Metro,0
36267,8,15,1091611,53273,0.03,0.12,26,24,4.7,Metro,0
36268,20,2,53283,43330,0.46,0.03,11,18,4.2,Metro,0
36269,9,7,460546,52468,0.08,0.07,22,41,4.6,Other,0
36270,8,15,1079326,48019,0.25,0.02,19,29,4.9,Seoul,0
36271,86,2,60233,39617,0.16,0.19,4,6,3.9,Seoul,0
36272,5,12,685671,49980,0.61,0.07,16,18,4.4,Seoul,0
36273,36,4,160968,37867,0.46,0.13,0,6,4.0,Metro,0
36274,5,13,716755,57640,0.1,0.06,20,35,4.6,Other,0
36275,7,15,596663,52623,0.18,0.06,29,30,4.6,Metro,0
36276,25,1,53052,41772,0.41,0.09,18,0,3.9,Metro,0
36277,20,9,424886,43536,0.65,0.16,15,19,4.3,Seoul,0
36278,33,8,265444,43961,0.44,0.14,8,11,3.8,Metro,0
36279,9,5,156189,40137,0.31,0.17,16,2,4.1,Metro,0
36280,5,13,873986,52808,0.12,0.02,26,51,4.5,Metro,0
36281,5,4,207502,53950,0.15,0.1,0,5,4.4,Metro,0
36282,19,9,323463,58189,0.75,0.11,20,16,4.7,Seoul,0
36283,60,2,40256,32417,0.48,0.15,6,3,3.2,Metro,0
36284,11,16,816537,54249,0.06,0.09,25,26,4.5,Seoul,0
36285,32,7,258863,41230,0.19,0.07,9,20,4.1,Metro,0
36286,29,5,279911,46557,0.29,0.06,13,4,3.7,Other,0
36287,14,7,399866,62772,0.24,0.11,11,3,4.0,Seoul,0
36288,12,6,150965,36729,0.18,0.36,21,18,3.9,Metro,0
36289,16,7,246189,45638,0.73,0.07,20,21,4.1,Metro,0
36290,11,5,244664,42157,0.42,0.16,8,14,4.4,Metro,0
36291,23,6,342683,39322,0.23,0.17,13,14,4.2,Other,0
36292,21,7,275329,41726,0.34,0.67,16,9,3.2,Metro,0
36293,7,9,702216,56951,0.41,0.48,11,20,3.7,Metro,0
36294,128,7,3741037,136612,0.01,0.33,14,17,3.2,Seoul,-1
36295,6,12,735469,59413,0.05,0.09,25,38,4.6,Seoul,0
36296,24,9,283524,40280,0.46,0.08,16,17,3.6,Other,0
36297,10,8,560702,53730,0.46,0.11,5,3,5.0,Metro,0
36298,24,10,503237,42826,0.16,0.21,14,8,4.5,Seoul,0
36299,9,7,98050,38217,0.69,0.11,15,16,4.5,Seoul,0
36300,25,4,223583,47927,0.25,0.65,15,9,3.4,Other,0
36301,19,10,442932,45190,0.81,0.1,28,20,4.2,Seoul,0
36302,57,2,23273,22172,0.46,0.09,0,5,4.3,Seoul,0
36303,7,7,217747,46019,0.47,0.21,17,13,4.5,Other,0
36304,6,9,206806,31756,0.89,0.05,18,24,4.5,Other,0
36305,17,1,74065,37340,0.29,0.25,17,8,4.0,Metro,0
36306,1,11,409717,50490,0.02,0.05,15,30,4.8,Seoul,0
36307,9,4,121633,40952,0.26,0.06,12,17,4.3,Other,0
36308,23,2,65229,52287,0.44,0.13,10,8,4.0,Other,0
36309,13,13,446276,36407,0.81,0.04,19,8,4.5,Other,0
36310,17,8,199626,30462,0.2,0.03,15,8,4.4,Metro,0
36311,5,8,374347,33481,0.8,0.06,25,7,4.4,Metro,0
36312,41,6,133093,27588,0.23,0.13,11,8,4.4,Other,0
36313,5,10,290404,48899,0.31,0.45,20,7,3.9,Metro,0
36314,13,8,417670,42113,0.67,0.07,14,18,4.4,Metro,0
36315,43,14,4930473,71842,0.74,0.78,10,38,1.7,Seoul,-1
36316,9,9,248193,39946,0.41,0.08,24,12,4.7,Other,0
36317,36,6,266956,41108,0.33,0.21,6,8,4.5,Seoul,0
36318,22,10,414656,41350,0.41,0.06,14,6,4.5,Other,0
36319,74,4,71755,27957,0.16,0.03,8,3,4.0,Seoul,0
36320,34,8,383158,43617,0.33,0.12,12,11,3.9,Other,0
36321,7,4,132671,41576,0.82,0.04,15,22,4.6,Seoul,0
36322,70,2,68620,36005,0.59,0.12,4,2,3.5,Seoul,0
36323,9,6,288694,39788,0.34,0.14,2,12,4.3,Other,0
36324,0,21,938510,48823,0.17,0.08,24,41,4.5,Seoul,0
36325,32,7,545514,55740,0.25,0.1,14,11,3.5,Seoul,0
36326,19,11,412501,50436,0.82,0.11,19,20,4.6,Seoul,0
36327,49,10,432726,50905,0.47,0.03,11,10,4.4,Seoul,0
36328,32,7,255579,42419,0.51,0.03,16,11,4.2,Metro,0
36329,77,2,105180,42549,0.45,0.01,5,8,3.9,Metro,0
36330,17,11,532161,41307,0.84,0.09,11,11,4.0,Other,0
36331,67,3,140293,42248,0.23,0.23,2,0,4.2,Seoul,0
36332,48,8,513157,46016,0.1,0.46,7,12,3.6,Seoul,0
36333,18,4,268858,51684,0.38,0.1,16,7,4.5,Metro,0
36334,79,2,46301,27354,0.22,0.26,7,4,3.7,Metro,0
36335,38,3,81151,20196,0.25,0.23,13,11,3.7,Metro,0
36336,54,0,16479,40506,0.36,0.07,6,2,3.4,Seoul,0
36337,105,1,21119,45598,0.3,0.09,2,3,4.0,Other,0
36338,10,12,312637,34982,0.79,0.14,17,23,4.4,Metro,0
36339,22,12,735197,52915,0.75,0.17,28,29,4.3,Seoul,0
36340,16,5,253291,46520,0.35,0.14,17,9,3.9,Metro,0
36341,30,4,223988,51212,0.38,0.14,6,5,4.1,Metro,0
36342,25,6,237232,48579,0.26,0.3,7,12,4.2,Metro,0
36343,52,7,236899,38401,0.48,0.03,12,10,4.2,Metro,0
36344,39,4,55233,42102,0.33,0.14,6,6,4.0,Metro,0
36345,7,11,363975,21388,0.77,0.1,27,13,4.5,Metro,0
36346,18,5,192376,48267,0.5,0.27,18,10,4.3,Seoul,0
36347,11,6,160304,37288,0.06,0.63,12,10,4.0,Metro,0
36348,31,5,171721,37788,0.16,0.05,16,4,4.8,Metro,0
36349,73,3,46816,35106,0.13,0.05,5,3,3.0,Other,0
36350,11,39,396194,44720,0.1,0.79,57,12,5.0,Metro,-1
36351,37,10,374856,31720,0.17,0.01,14,8,4.0,Seoul,0
36352,33,9,486557,39700,0.5,0.42,4,6,3.2,Seoul,0
36353,33,4,253184,51604,0.27,0.1,8,10,4.7,Other,0
36354,71,3,123795,38385,0.43,0.03,10,2,3.9,Seoul,0
36355,14,11,527150,42269,0.8,0.26,22,14,4.3,Metro,0
36356,72,3,44525,39219,0.26,0.06,4,2,3.5,Metro,0
36357,10,11,559418,43523,0.87,0.07,24,18,4.8,Other,0
36358,18,4,168012,37318,0.57,0.56,11,0,3.4,Seoul,0
36359,1,5,171148,43508,0.62,0.06,20,6,4.0,Metro,0
36360,58,5,205059,49176,0.41,0.13,7,4,4.1,Seoul,0
36361,19,11,550924,41928,0.93,0.11,20,17,4.4,Metro,0
36362,13,5,251150,45569,0.22,0.09,17,9,4.5,Seoul,0
36363,35,7,238473,42832,0.38,0.1,13,21,3.8,Other,0
36364,0,12,566516,58454,0.24,0.09,28,37,4.3,Seoul,0
36365,21,7,341782,53240,0.36,0.2,14,12,3.9,Seoul,0
36366,45,0,340,51611,0.54,0.05,2,1,3.0,Metro,0
36367,80,2,95080,43159,0.5,0.07,6,3,3.3,Metro,0
36368,19,3,132558,45501,0.78,0.07,16,25,4.7,Seoul,0
36369,19,5,223457,45748,0.2,0.18,14,9,4.8,Metro,0
36370,39,7,468690,51965,0.22,0.18,15,4,4.5,Seoul,0
36371,33,5,180423,38587,0.32,0.03,11,8,4.4,Seoul,0
36372,9,16,499222,30794,0.02,0.11,20,45,4.8,Seoul,0
36373,17,4,147699,55486,0.53,0.5,15,10,3.5,Metro,0
36374,106,17,3132367,13649,0.96,0.97,37,92,4.6,Seoul,-1
36375,23,6,245803,42775,0.88,0.09,26,20,4.1,Metro,0
36376,15,5,179862,45498,0.67,0.11,13,16,4.3,Metro,0
36377,0,13,584712,37784,0.94,0.16,23,14,4.2,Metro,0
36378,120,20,4545202,188547,0.06,0.69,47,88,4.0,Metro,-1
36379,11,7,154963,31787,0.79,0.15,15,9,4.5,Seoul,0
36380,71,3,84258,38427,0.05,0.22,7,3,2.7,Metro,0
36381,13,9,356940,58024,0.31,0.18,16,7,4.1,Other,0
36382,6,8,158125,20439,0.32,0.04,10,14,4.0,Metro,0
36383,28,7,565950,44935,0.15,0.09,10,9,4.4,Seoul,0
36384,10,8,185657,30179,0.48,0.07,13,3,4.1,Metro,0
36385,25,7,324013,41676,0.81,0.09,16,26,4.0,Seoul,0
36386,10,9,364034,39972,0.25,0.03,20,15,4.1,Seoul,0
36387,12,9,369400,34814,0.69,0.07,21,22,3.9,Seoul,0
36388,2,20,1015253,50171,0.11,0.08,28,41,4.6,Metro,0
36389,12,10,660696,60490,0.26,0.53,21,12,3.3,Metro,0
36390,1,5,165587,36900,0.77,0.1,28,17,4.2,Seoul,0
36391,8,20,1006299,45790,0.16,0.11,25,29,4.7,Other,0
36392,12,8,334600,38531,0.39,0.16,14,8,4.9,Metro,0
36393,17,10,409672,50130,0.9,0.14,25,19,4.6,Metro,0
36394,8,19,1670762,64626,0.05,0.06,27,58,5.0,Other,0
36395,27,8,385400,48892,0.45,0.11,3,6,4.5,Other,0
36396,34,5,176908,42209,0.24,0.06,7,10,3.8,Metro,0
36397,21,2,93945,36792,0.22,0.03,7,12,4.8,Other,0
36398,18,3,126437,52906,0.74,0.08,20,17,4.2,Seoul,0
36399,10,4,149859,48226,0.19,0.01,15,7,3.9,Seoul,0
36400,11,11,429060,34109,0.64,0.08,6,13,4.2,Metro,0
36401,9,5,210909,49999,0.5,0.14,18,7,4.5,Seoul,0
36402,12,10,458614,48702,0.87,0.05,22,9,4.2,Other,0
36403,7,17,1094446,51473,0.08,0.0,22,39,4.7,Metro,0
36404,6,5,168547,36491,0.09,0.1,17,5,4.2,Metro,0
36405,8,5,171542,42420,0.64,0.15,25,17,3.9,Other,0
36406,33,10,499755,40005,0.42,0.21,20,16,4.5,Metro,0
36407,27,8,385721,44913,0.24,0.36,12,21,4.2,Other,0
36408,18,13,494713,49108,0.89,0.08,9,17,4.7,Other,0
36409,14,7,169278,41633,0.13,0.04,16,2,4.5,Metro,0
36410,14,9,430724,44489,0.83,0.13,17,18,4.6,Seoul,0
36411,9,19,740292,50514,0.24,0.03,27,31,5.0,Other,0
36412,27,6,259481,45032,0.56,0.14,2,7,3.8,Metro,0
36413,83,2,89963,37751,0.43,0.14,7,2,4.1,Other,0
36414,23,15,770989,148772,0.86,0.48,3,88,4.6,Other,-1
36415,3,4,121760,45141,0.3,0.14,8,15,4.5,Seoul,0
36416,6,12,740327,55632,0.95,0.19,13,28,4.4,Other,0
36417,42,3,106802,38581,0.51,0.08,6,0,3.2,Metro,0
36418,14,10,319402,35573,0.84,0.12,17,16,4.4,Seoul,0
36419,40,4,193675,37838,0.46,0.05,11,7,3.9,Seoul,0
36420,24,6,312672,45569,0.45,0.18,9,8,4.3,Seoul,0
36421,9,9,259895,46708,0.67,0.13,12,13,4.3,Metro,0
36422,6,6,85831,44137,0.38,0.24,7,2,3.7,Other,0
36423,120,4,1848611,193162,0.24,0.95,60,102,2.4,Metro,-1
36424,27,4,156803,29549,0.49,0.12,12,10,3.9,Other,0
36425,8,21,1433819,54611,0.05,0.01,13,37,4.7,Other,0
36426,0,18,997994,50237,0.04,0.07,22,40,4.9,Metro,0
36427,6,9,483979,51779,0.02,0.01,26,40,4.6,Seoul,0
36428,60,7,2079910,135056,0.8,0.64,13,92,1.7,Seoul,-1
36429,73,2,96066,33870,0.45,0.16,5,2,3.9,Metro,0
36430,9,14,848445,55777,0.1,0.02,24,39,4.7,Metro,0
36431,14,0,30890,53745,0.42,0.06,7,4,3.8,Seoul,0
36432,79,6,141221,31664,0.22,0.11,5,0,4.2,Metro,0
36433,14,19,1106427,51624,0.05,0.04,29,43,4.5,Metro,0
36434,16,6,219126,51665,0.37,0.38,15,18,3.6,Metro,0
36435,14,4,201395,47405,0.42,0.2,9,14,4.4,Seoul,0
36436,66,2,82424,48364,0.52,0.15,3,2,4.3,Metro,0
36437,29,8,457783,48550,0.3,0.12,10,12,4.2,Other,0
36438,24,6,235936,33150,0.71,0.14,9,18,4.1,Metro,0
36439,40,11,535002,50002,0.07,0.2,16,1,4.5,Metro,0
36440,35,6,287855,44542,0.38,0.14,1,1,4.2,Other,0
36441,52,3,50468,20417,0.35,0.07,2,5,4.5,Other,0
36442,20,9,453781,44089,0.31,0.48,13,8,3.8,Metro,0
36443,24,7,467921,52778,0.49,0.05,4,7,4.3,Other,0
36444,42,6,187895,47510,0.21,0.02,10,19,3.9,Seoul,0
36445,20,12,474074,46748,0.85,0.17,11,10,4.8,Metro,0
36446,13,10,421498,29966,0.83,0.17,15,19,4.4,Other,0
36447,27,6,204755,39423,0.38,0.07,10,8,4.3,Other,0
36448,100,4,200319,35797,0.19,0.02,3,0,4.7,Other,0
36449,23,5,172616,42579,0.41,0.06,9,19,3.5,Seoul,0
36450,23,5,207902,37981,0.36,0.05,12,3,4.5,Seoul,0
36451,15,15,471999,33505,0.76,0.1,21,14,4.5,Seoul,0
36452,21,11,370596,33022,0.85,0.15,14,19,4.3,Other,0
36453,94,2,63461,35289,0.12,0.15,8,7,4.4,Metro,0
36454,13,8,295115,43765,0.53,0.11,14,17,4.5,Seoul,0
36455,25,7,170218,34226,0.4,0.08,10,13,5.0,Seoul,0
36456,30,8,458720,49414,0.32,0.1,20,13,4.3,Other,0
36457,82,4,179006,39830,0.53,0.19,10,4,4.1,Metro,0
36458,14,5,190573,40812,0.18,0.04,7,3,4.6,Seoul,0
36459,38,5,253936,49326,0.15,0.14,12,1,3.9,Seoul,0
36460,40,5,234542,59884,0.27,0.12,11,17,4.5,Metro,0
36461,19,10,438378,44482,0.86,0.09,20,17,4.7,Metro,0
36462,54,8,481451,52503,0.46,0.05,12,5,4.4,Seoul,0
36463,4,4,178352,34433,0.12,0.25,10,16,4.4,Seoul,0
36464,24,10,999187,59153,0.94,0.11,19,22,4.4,Other,0
36465,25,3,156510,38019,0.41,0.02,16,6,4.4,Other,0
36466,15,7,252121,48240,0.24,0.08,14,15,4.2,Metro,0
36467,11,12,454672,41361,0.88,0.2,27,22,4.5,Seoul,0
36468,32,6,373088,46863,0.26,0.12,6,9,4.1,Metro,0
36469,95,19,4714579,35916,0.39,0.52,57,63,3.5,Seoul,-1
36470,39,6,364788,55027,0.41,0.07,18,14,4.0,Seoul,0
36471,77,2,81984,35085,0.41,0.26,8,3,4.0,Seoul,0
36472,25,8,270651,39805,0.4,0.12,15,14,4.8,Other,0
36473,15,8,364719,65382,0.36,0.58,10,0,3.6,Seoul,0
36474,21,6,199236,31726,0.46,0.03,10,17,4.3,Seoul,0
36475,14,13,669013,51566,0.09,0.18,21,42,4.5,Metro,0
36476,2,22,1121761,46919,0.13,0.12,19,28,4.7,Metro,0
36477,19,4,209819,34742,0.5,0.05,16,17,4.1,Seoul,0
36478,85,5,251900,49088,0.4,0.03,5,3,4.2,Metro,0
36479,26,13,740842,47408,0.88,0.15,23,30,4.7,Other,0
36480,23,9,355476,43126,0.92,0.18,13,22,4.6,Seoul,0
36481,39,19,3584477,199072,0.02,0.11,0,14,2.6,Other,-1
36482,43,3,133829,36062,0.33,0.05,4,1,2.9,Metro,0
36483,29,4,149649,44538,0.42,0.19,13,8,4.5,Metro,0
36484,29,8,402194,50601,0.13,0.09,6,1,4.5,Other,0
36485,25,4,185641,53682,0.16,0.52,11,10,4.4,Metro,0
36486,43,6,157668,40065,0.47,0.12,16,9,4.3,Metro,0
36487,16,5,296972,46822,0.89,0.13,15,17,4.7,Metro,0
36488,23,3,128615,36522,0.2,0.12,14,9,4.8,Metro,0
36489,6,16,963488,45770,0.22,0.05,12,52,4.4,Other,0
36490,28,10,508118,44354,0.24,0.74,12,18,3.6,Other,0
36491,11,3,83345,43006,0.66,0.17,22,14,4.5,Seoul,0
36492,36,6,370383,49022,0.31,0.23,12,18,4.0,Metro,0
36493,14,4,130327,31152,0.43,0.0,15,17,4.0,Metro,0
36494,16,6,371403,49697,0.84,0.09,14,20,4.5,Metro,0
36495,9,9,333231,47506,0.26,0.03,4,11,3.9,Metro,0
36496,1,16,869706,55485,0.14,0.09,20,51,4.7,Seoul,0
36497,79,2,28704,29766,0.38,0.2,6,6,3.8,Metro,0
36498,100,5,102100,30272,0.29,0.18,3,3,3.0,Seoul,0
36499,96,3,100559,34216,0.17,0.24,9,3,3.5,Seoul,0
36500,37,6,407352,57709,0.21,0.09,16,13,4.3,Other,0
36501,17,10,444667,45660,0.28,0.78,11,0,3.4,Seoul,0
36502,12,7,254755,34631,0.56,0.1,16,27,4.5,Other,0
36503,30,8,165061,22765,0.17,0.08,8,19,4.4,Other,0
36504,19,4,123871,34652,0.11,0.24,21,6,3.9,Other,0
36505,14,6,251928,42896,0.2,0.34,12,11,4.5,Seoul,0
36506,13,20,1052911,57453,0.1,0.04,25,41,4.6,Seoul,0
36507,16,6,309056,58332,0.33,0.52,19,11,4.0,Seoul,0
36508,11,15,723647,43575,0.11,0.13,27,35,4.7,Metro,0
36509,19,7,356097,38894,0.25,0.18,6,6,4.3,Metro,0
36510,27,6,201154,41956,0.17,0.13,23,14,4.7,Metro,0
36511,27,4,332546,62993,0.57,0.09,15,8,4.9,Seoul,0
36512,8,17,891662,61080,0.22,0.01,14,35,4.4,Seoul,0
36513,8,14,301240,24868,0.79,0.08,9,23,4.7,Other,0
36514,8,8,295696,37212,0.27,0.07,7,1,4.0,Metro,0
36515,8,20,904710,61112,0.23,0.06,29,32,4.8,Metro,0
36516,54,2,93574,43795,0.28,0.14,7,5,3.2,Seoul,0
36517,10,7,284930,41175,0.21,0.08,13,16,4.0,Other,0
36518,27,3,116495,34189,0.18,0.23,17,10,3.8,Other,0
36519,18,14,688656,44922,0.53,0.21,11,14,4.3,Metro,0
36520,7,12,341462,29364,0.84,0.06,24,21,4.6,Other,0
36521,18,6,179069,42109,0.3,0.42,13,16,4.0,Seoul,0
36522,79,1,44313,45244,0.18,0.06,3,4,4.1,Other,0
36523,13,10,654691,62798,0.24,0.08,16,33,5.0,Seoul,0
36524,12,13,467961,51182,0.98,0.09,19,19,5.0,Other,0
36525,12,7,122143,38163,0.84,0.13,15,24,4.5,Other,0
36526,12,9,303471,32161,0.44,0.41,24,5,2.4,Metro,0
36527,4,4,203463,34732,0.86,0.13,16,20,4.0,Seoul,0
36528,12,15,1185271,57399,0.07,0.05,21,18,5.0,Seoul,0
36529,32,5,133510,30424,0.17,0.11,0,17,4.1,Seoul,0
36530,12,19,1267987,60097,0.09,0.06,19,47,5.0,Metro,0
36531,76,5,507835,189736,0.97,0.68,25,3,3.8,Seoul,-1
36532,26,4,218155,57676,0.44,0.52,8,15,3.5,Seoul,0
36533,15,4,126869,47008,0.25,0.2,13,16,3.4,Seoul,0
36534,9,16,1338670,72480,0.07,0.08,25,44,4.7,Metro,0
36535,53,3,84152,28382,0.14,0.08,10,2,4.2,Other,0
36536,12,3,100315,41871,0.85,0.11,15,11,4.6,Seoul,0
36537,6,22,775107,52588,0.07,0.01,23,22,4.6,Other,0
36538,37,28,1995945,37319,0.13,0.92,38,45,4.8,Metro,-1
36539,25,5,107552,31320,0.31,0.16,12,3,4.5,Seoul,0
36540,0,5,307624,43411,0.41,0.06,4,12,4.5,Metro,0
36541,20,2,169613,48289,0.2,0.03,11,8,4.5,Seoul,0
36542,23,6,193307,40529,0.61,0.15,20,23,4.2,Other,0
36543,21,5,186757,39785,0.49,0.51,19,8,3.8,Metro,0
36544,32,5,143440,35196,0.34,0.02,4,22,4.3,Other,0
36545,12,7,439271,47236,0.64,0.18,22,10,4.1,Other,0
36546,22,8,352896,36347,0.2,0.05,14,13,4.4,Seoul,0
36547,10,10,537023,46634,0.07,0.14,26,42,4.8,Other,0
36548,6,10,342083,28295,0.24,0.07,9,18,4.6,Seoul,0
36549,43,3,175781,47587,0.25,0.05,13,11,4.0,Metro,0
36550,11,10,386145,47708,0.81,0.14,25,19,4.0,Other,0
36551,25,9,317291,43318,0.15,0.01,12,17,4.4,Metro,0
36552,8,9,507149,49974,0.55,0.19,14,15,4.3,Metro,0
36553,27,12,451042,43091,0.38,0.22,13,13,4.6,Seoul,0
36554,10,9,441654,42728,0.19,0.01,33,35,4.7,Other,0
36555,14,7,199957,32669,0.78,0.1,11,14,4.9,Seoul,0
36556,78,4,151142,31599,0.36,0.11,2,3,4.5,Metro,0
36557,36,6,206432,31196,0.41,0.14,10,8,4.3,Seoul,0
36558,6,19,1273851,69045,0.01,0.11,24,33,4.4,Seoul,0
36559,23,7,216024,50305,0.64,0.0,12,16,4.2,Metro,0
36560,14,11,342436,45753,0.81,0.06,12,21,4.2,Other,0
36561,60,3,69432,29476,0.55,0.13,6,4,3.4,Metro,0
36562,58,3,71723,35716,0.51,0.05,9,3,3.6,Seoul,0
36563,6,19,1528942,69150,0.11,0.1,19,39,4.9,Seoul,0
36564,23,10,419476,40987,0.22,0.43,7,22,4.0,Seoul,0
36565,82,4,113383,45696,0.43,0.14,8,0,4.4,Metro,0
36566,22,9,164218,38496,0.34,0.12,13,2,4.6,Other,0
36567,40,5,256979,51005,0.39,0.07,19,18,3.3,Seoul,0
36568,15,8,300707,37097,0.33,0.07,13,18,3.1,Other,0
36569,171,39,1415147,114180,0.01,0.64,66,35,4.7,Other,-1
36570,11,8,249063,36207,0.3,0.03,16,8,3.6,Seoul,0
36571,16,10,605082,51657,0.13,0.05,12,5,4.9,Seoul,0
36572,28,9,356037,32114,0.33,0.14,15,14,4.9,Other,0
36573,42,5,248179,45712,0.23,0.05,14,13,4.3,Seoul,0
36574,27,7,160646,32013,0.1,0.11,3,0,3.5,Other,0
36575,60,3,109680,39371,0.3,0.16,4,6,3.6,Other,0
36576,8,5,238275,39152,0.16,0.11,15,8,3.7,Seoul,0
36577,59,2,58991,42401,0.38,0.12,5,3,3.5,Other,0
36578,34,3,86144,48753,0.55,0.13,17,2,3.9,Other,0
36579,8,6,216730,29709,0.26,0.48,12,5,4.2,Metro,0
36580,28,8,205094,57939,0.27,0.74,12,18,3.5,Seoul,0
36581,15,5,122037,32730,0.18,0.36,14,10,4.1,Metro,0
36582,33,8,451978,47220,0.22,0.12,7,7,3.4,Other,0
36583,28,5,190356,49799,0.26,0.05,8,10,4.8,Metro,0
36584,4,0,4420384,30013,0.94,0.61,13,91,4.8,Other,-1
36585,82,2,89176,43975,0.16,0.1,3,2,4.3,Metro,0
36586,14,9,375817,35553,0.9,0.08,28,4,4.3,Metro,0
36587,12,15,822002,47603,0.11,0.02,25,21,4.7,Metro,0
36588,11,3,131917,53206,0.19,0.47,13,0,3.6,Seoul,0
36589,7,10,196516,24987,0.18,0.08,8,5,4.1,Metro,0
36590,29,6,302630,47281,0.33,0.26,14,17,4.0,Seoul,0
36591,29,6,195435,42337,0.67,0.11,22,17,4.3,Seoul,0
36592,10,3,217309,53131,0.44,0.09,16,2,4.4,Other,0
36593,45,3,109762,33306,0.3,0.12,7,4,4.2,Seoul,0
36594,41,5,220736,36265,0.53,0.19,2,15,4.1,Seoul,0
36595,14,9,255512,28940,0.39,0.27,20,17,3.3,Seoul,0
36596,17,12,338957,29321,0.77,0.08,15,16,4.6,Seoul,0
36597,7,9,425736,48461,0.84,0.04,24,26,3.9,Other,0
36598,6,11,458289,39965,0.6,0.08,16,11,4.9,Metro,0
36599,14,18,768804,49181,0.21,0.02,34,35,4.4,Other,0
36600,69,3,78660,27752,0.63,0.1,8,2,4.4,Other,0
36601,4,19,1160246,52408,0.07,0.02,26,36,4.6,Seoul,0
36602,6,13,1106060,64794,0.14,0.03,28,36,4.7,Other,0
36603,18,5,278090,38657,0.73,0.15,14,30,4.6,Metro,0
36604,7,10,345946,41036,0.73,0.01,16,23,4.7,Metro,0
36605,6,4,206453,35265,0.23,0.19,10,16,3.6,Metro,0
36606,8,13,620876,44702,0.08,0.03,12,24,4.7,Seoul,0
36607,23,9,233973,28366,0.23,0.17,12,4,4.7,Seoul,0
36608,18,11,386788,40827,0.73,0.28,15,16,4.3,Metro,0
36609,9,17,609692,39267,0.07,0.13,24,39,4.7,Seoul,0
36610,5,20,1510555,72340,0.08,0.03,20,43,5.0,Seoul,0
36611,14,7,195423,34347,0.3,0.07,13,8,3.9,Metro,0
36612,20,3,131180,49985,0.78,0.11,14,15,4.5,Seoul,0
36613,42,6,207216,52170,0.22,0.07,8,10,4.0,Seoul,0
36614,15,11,828411,57499,0.05,0.04,18,38,4.4,Seoul,0
36615,9,12,621195,53586,0.17,0.61,14,11,4.2,Metro,0
36616,9,15,762201,58635,0.04,0.02,22,33,4.7,Seoul,0
36617,44,4,115902,33301,0.42,0.01,0,0,4.1,Seoul,0
36618,6,8,317152,39243,0.11,0.06,12,1,4.6,Other,0
36619,20,13,326915,34330,0.87,0.07,24,14,4.7,Metro,0
36620,8,5,125063,39325,0.78,0.0,15,20,4.4,Other,0
36621,53,4,206480,47499,0.23,0.07,13,9,3.6,Seoul,0
36622,20,10,380905,40484,0.73,0.15,10,13,4.1,Metro,0
36623,9,15,974536,53359,0.17,0.14,23,57,4.5,Metro,0
36624,48,3,104286,44571,0.27,0.05,8,3,3.7,Metro,0
36625,14,18,1000852,58726,0.06,0.02,18,28,5.0,Seoul,0
36626,12,8,580402,51577,0.53,0.32,24,14,2.5,Seoul,0
36627,21,3,190505,37379,0.42,0.01,11,3,4.0,Metro,0
36628,18,3,138475,41991,0.16,0.24,13,9,4.7,Seoul,0
36629,16,14,523672,34544,0.7,0.08,21,17,4.1,Other,0
36630,34,1,44307,54213,0.51,0.09,11,7,4.2,Seoul,0
36631,25,3,237555,55120,0.44,0.25,13,11,3.8,Seoul,0
36632,5,16,786306,42886,0.03,0.11,23,41,4.6,Seoul,0
36633,15,7,259417,44376,0.26,0.04,8,8,4.0,Metro,0
36634,16,8,216255,41130,0.29,0.32,12,12,3.9,Metro,0
36635,19,4,172989,35886,0.42,0.11,9,6,3.5,Seoul,0
36636,10,12,486223,43115,0.66,0.08,13,11,4.3,Seoul,0
36637,7,14,658376,48273,0.14,0.16,21,37,4.6,Other,0
36638,17,1,59433,50219,0.2,0.1,12,0,3.6,Metro,0
36639,35,5,266084,41923,0.3,0.08,12,9,4.1,Metro,0
36640,98,3,64638,42823,0.2,0.07,5,4,4.6,Seoul,0
36641,2,21,1156633,55841,0.15,0.04,26,51,4.9,Seoul,0
36642,26,7,334390,54657,0.24,0.04,9,3,3.4,Seoul,0
36643,13,5,156849,36933,0.84,0.1,13,22,4.5,Seoul,0
36644,17,8,209777,32170,0.84,0.09,22,19,4.4,Metro,0
36645,31,8,350375,27857,0.39,0.07,10,15,3.8,Seoul,0
36646,6,14,716182,36833,0.05,0.13,23,38,5.0,Other,0
36647,1,15,638055,52580,0.12,0.05,24,40,5.0,Seoul,0
36648,10,10,600696,52087,0.12,0.03,28,39,4.4,Seoul,0
36649,17,11,627464,56368,0.43,0.34,21,2,2.9,Metro,0
36650,9,13,580474,45684,0.61,0.13,14,15,4.3,Metro,0
36651,20,7,317679,39113,0.18,0.02,11,4,3.6,Seoul,0
36652,15,5,250961,39825,0.41,0.42,13,9,4.4,Seoul,0
36653,33,3,110699,41675,0.22,0.02,10,15,4.1,Other,0
36654,17,8,578748,47607,0.36,0.1,2,13,4.4,Metro,0
36655,14,7,250777,31365,0.23,0.09,18,11,4.0,Seoul,0
36656,67,3,68128,38633,0.23,0.1,6,3,4.3,Metro,0
36657,19,8,326511,41776,0.29,0.06,11,16,4.1,Other,0
36658,12,14,456305,28926,0.13,0.59,20,16,3.6,Metro,0
36659,42,4,168032,51767,0.32,0.12,15,0,4.6,Seoul,0
36660,61,4,182849,45591,0.37,0.05,3,3,3.9,Metro,0
36661,16,7,340479,52831,0.83,0.05,16,17,4.6,Other,0
36662,18,7,65550,45833,0.41,0.18,3,9,3.8,Metro,0
36663,9,13,999615,52578,0.3,0.07,25,27,4.8,Metro,0
36664,19,8,447838,46011,0.56,0.14,13,10,4.2,Other,0
36665,24,8,350423,42339,0.75,0.18,18,14,4.3,Seoul,0
36666,28,3,79078,35682,0.26,0.04,11,8,4.7,Metro,0
36667,23,4,172315,41044,0.33,0.03,4,10,4.8,Metro,0
36668,92,3,115067,39165,0.39,0.05,4,3,4.3,Metro,0
36669,21,8,328227,41277,0.77,0.06,17,20,4.2,Seoul,0
36670,12,2,72397,33778,0.17,0.22,20,9,4.7,Other,0
36671,107,2,44279,35345,0.31,0.03,12,3,3.9,Seoul,0
36672,15,11,453163,41129,0.63,0.07,16,10,4.7,Metro,0
36673,11,4,162230,52116,0.11,0.09,19,3,3.9,Seoul,0
36674,80,2,71863,25450,0.39,0.06,5,3,3.4,Seoul,0
36675,34,6,303489,46807,0.2,0.11,14,12,3.9,Metro,0
36676,6,18,1130587,50591,0.19,0.1,22,28,4.8,Other,0
36677,95,3,184310,48170,0.19,0.12,6,5,4.0,Metro,0
36678,11,2,83019,44152,0.27,0.19,16,7,4.5,Other,0
36679,7,17,677731,47033,0.32,0.12,9,33,4.7,Other,0
36680,64,3,117813,37231,0.35,0.03,3,5,4.9,Metro,0
36681,36,9,234722,44601,0.49,0.06,14,11,4.6,Other,0
36682,19,9,483206,53927,0.35,0.07,10,10,4.5,Metro,0
36683,0,6,296653,61160,0.25,0.11,3,15,3.4,Metro,0
36684,33,4,97271,43738,0.58,0.12,7,19,3.5,Other,0
36685,16,4,204503,38388,0.69,0.1,6,23,4.6,Other,0
36686,76,4,141047,34389,0.3,0.06,14,7,4.4,Other,0
36687,32,7,334675,40124,0.34,0.44,7,11,3.4,Other,0
36688,35,6,178526,43745,0.43,0.31,9,1,4.7,Other,0
36689,32,10,468140,46576,0.34,0.03,22,16,4.3,Metro,0
36690,75,3,99488,37179,0.06,0.07,7,7,4.1,Metro,0
36691,81,1,35385,49990,0.3,0.1,6,1,3.5,Metro,0
36692,10,18,627464,40424,0.08,0.05,25,43,4.7,Metro,0
36693,19,8,438866,56077,0.53,0.21,7,13,4.3,Seoul,0
36694,21,2,101172,49983,0.3,0.08,10,12,4.0,Metro,0
36695,94,1,46752,45941,0.43,0.04,9,3,3.3,Other,0
36696,10,11,581174,50191,0.85,0.07,17,19,4.0,Metro,0
36697,10,7,318254,42658,0.85,0.04,26,15,4.0,Seoul,0
36698,2,18,970849,56158,0.22,0.01,17,37,5.0,Other,0
36699,20,0,22035,46594,0.42,0.05,12,15,3.8,Other,0
36700,11,28,4801328,49298,0.44,0.93,3,90,1.2,Other,-1
36701,3,9,144261,26750,0.67,0.08,21,22,4.1,Seoul,0
36702,28,6,226921,46757,0.43,0.14,11,7,3.9,Seoul,0
36703,26,4,117465,31552,0.38,0.6,13,8,4.1,Other,0
36704,8,24,1449365,52599,0.13,0.01,21,33,4.9,Seoul,0
36705,46,2,82166,35120,0.58,0.09,7,5,3.8,Metro,0
36706,57,3,151367,41758,0.36,0.06,5,0,3.6,Metro,0
36707,16,8,486958,50393,0.87,0.09,16,20,4.4,Seoul,0
36708,23,2,45840,30440,0.34,0.01,10,27,4.1,Metro,0
36709,19,5,320293,52634,0.21,0.16,24,4,5.0,Seoul,0
36710,19,11,468077,48677,0.7,0.03,20,12,4.8,Other,0
36711,14,9,398877,46211,0.37,0.03,21,26,4.8,Other,0
36712,16,2,80939,35840,0.51,0.06,9,8,4.3,Other,0
36713,8,13,210403,22712,0.81,0.12,14,3,4.6,Seoul,0
36714,27,6,288819,42230,0.56,0.14,24,13,3.9,Other,0
36715,40,7,208162,36036,0.49,0.12,10,7,4.0,Seoul,0
36716,26,10,438681,40640,0.27,0.07,12,10,4.1,Metro,0
36717,9,6,239575,45158,0.22,0.09,16,13,3.5,Other,0
36718,25,5,133162,55229,0.33,0.31,10,11,4.4,Metro,0
36719,31,9,346519,39209,0.14,0.08,5,19,4.9,Seoul,0
36720,65,2,78981,47817,0.16,0.05,6,4,3.9,Seoul,0
36721,56,3,10807,40779,0.18,0.21,1,1,4.0,Metro,0
36722,80,2,73107,38966,0.28,0.02,5,3,3.2,Metro,0
36723,79,3,54378,21278,0.3,0.06,4,3,3.5,Metro,0
36724,10,13,655446,43998,0.15,0.03,24,46,4.9,Seoul,0
36725,76,3,80606,47966,0.19,0.13,7,0,3.7,Metro,0
36726,67,1,31890,29773,0.29,0.07,5,8,4.1,Metro,0
36727,0,10,446924,55500,0.02,0.14,30,19,4.7,Other,0
36728,14,12,687299,41979,0.59,0.17,24,25,5.0,Seoul,0
36729,34,8,384717,56170,0.31,0.1,13,17,4.4,Other,0
36730,31,6,209287,28588,0.22,0.12,6,7,3.9,Metro,0
36731,27,5,121100,31922,0.36,0.05,0,12,4.0,Metro,0
36732,58,10,273057,35375,0.3,0.16,14,15,4.1,Metro,0
36733,11,4,262977,49885,0.2,0.06,7,0,4.2,Metro,0
36734,43,2,61484,34624,0.26,0.06,16,11,4.2,Metro,0
36735,113,11,2002097,41127,0.44,0.85,4,81,4.4,Seoul,-1
36736,24,2,76637,55026,0.2,0.36,13,21,2.8,Other,0
36737,0,13,634419,51312,0.06,0.06,16,15,4.6,Metro,0
36738,32,6,145206,31777,0.29,0.06,13,8,4.3,Other,0
36739,53,5,346503,59169,0.39,0.06,16,10,4.1,Metro,0
36740,23,7,145265,48254,0.83,0.03,19,17,4.5,Seoul,0
36741,8,9,444031,41806,0.31,0.13,19,19,4.6,Other,0
36742,102,3,66851,23034,0.36,0.11,8,2,4.1,Seoul,0
36743,7,12,485982,37745,0.04,0.05,14,45,4.4,Metro,0
36744,2,16,1482039,60462,0.04,0.02,24,34,4.6,Metro,0
36745,13,21,866166,45136,0.04,0.03,23,43,4.7,Other,0
36746,2,22,1112615,55506,0.19,0.06,15,34,5.0,Metro,0
36747,43,6,486064,56389,0.3,0.14,16,14,3.4,Metro,0
36748,45,8,394958,52286,0.26,0.14,17,12,3.7,Metro,0
36749,79,4,53063,23566,0.34,0.07,6,6,3.4,Metro,0
36750,23,0,0,50258,0.5,0.17,9,6,4.6,Metro,0
36751,0,18,763716,48534,0.32,0.01,22,43,4.6,Metro,0
36752,20,13,729630,44656,0.61,0.15,16,24,4.7,Seoul,0
36753,15,5,269115,54326,0.28,0.08,18,16,4.0,Metro,0
36754,30,9,297555,22823,0.35,0.6,16,12,3.7,Seoul,0
36755,72,2,52133,31159,0.22,0.04,3,0,3.3,Metro,0
36756,8,25,1564180,51890,0.13,0.03,26,34,4.8,Metro,0
36757,50,10,333906,40577,0.26,0.06,15,5,4.2,Seoul,0
36758,15,3,119377,32607,0.29,0.27,14,9,4.0,Seoul,0
36759,76,3,67691,41888,0.16,0.14,10,2,3.4,Seoul,0
36760,14,10,447699,43436,0.69,0.12,26,27,4.2,Metro,0
36761,5,15,1021807,64218,0.08,0.11,15,38,4.4,Other,0
36762,38,5,231904,47661,0.36,0.16,17,12,3.6,Other,0
36763,14,10,432751,42493,0.39,0.6,17,17,4.0,Other,0
36764,43,8,224009,39831,0.31,0.05,17,11,4.3,Other,0
36765,28,10,261154,48269,0.95,0.08,8,15,3.9,Other,0
36766,23,5,128065,48412,0.44,0.06,14,8,4.2,Metro,0
36767,23,8,393911,51121,0.18,0.14,3,7,5.0,Seoul,0
36768,90,3,87061,47285,0.24,0.03,5,5,4.3,Seoul,0
36769,46,4,185404,35749,0.61,0.08,19,19,4.2,Metro,0
36770,79,3,110789,40733,0.27,0.07,8,3,3.7,Seoul,0
36771,33,12,673390,42975,0.68,0.15,12,16,4.3,Seoul,0
36772,21,6,184364,37678,0.32,0.04,10,4,4.7,Metro,0
36773,58,3,97678,51884,0.09,0.04,2,5,4.0,Seoul,0
36774,21,2,57365,36141,0.34,0.5,9,3,3.6,Seoul,0
36775,18,8,218195,42199,0.26,0.08,14,15,4.2,Metro,0
36776,110,2,78220,34775,0.27,0.09,8,4,4.1,Metro,0
36777,84,1,24264,36143,0.28,0.23,1,1,4.5,Seoul,0
36778,0,3,246316,54429,0.32,0.08,15,9,4.7,Seoul,0
36779,52,3,55567,23066,0.11,0.06,12,6,3.3,Other,0
36780,38,4,129835,35931,0.47,0.09,1,5,3.9,Seoul,0
36781,39,1,44221,33394,0.61,0.05,8,4,4.5,Metro,0
36782,89,3,79216,21664,0.3,0.1,5,0,4.2,Other,0
36783,21,8,603947,59507,0.48,0.32,10,9,3.7,Metro,0
36784,1,9,516655,59253,0.1,0.02,16,37,4.9,Seoul,0
36785,34,4,143554,28198,0.32,0.07,13,9,3.7,Seoul,0
36786,23,6,500906,57570,0.21,0.15,27,4,3.9,Other,0
36787,101,3,101271,27266,0.32,0.15,8,3,4.7,Seoul,0
36788,41,8,375468,45159,0.23,0.23,17,17,4.0,Seoul,0
36789,1,20,893847,19039,0.33,0.49,37,74,2.2,Seoul,-1
36790,13,7,168052,48181,0.39,0.24,18,5,4.5,Other,0
36791,84,3,135046,43041,0.72,0.12,2,4,4.6,Other,0
36792,11,6,311960,50425,0.72,0.14,21,20,4.4,Seoul,0
36793,19,10,204302,22160,0.55,0.12,19,6,3.0,Other,0
36794,32,12,677002,40451,0.34,0.19,11,1,4.4,Seoul,0
36795,42,6,269137,41678,0.19,0.16,12,12,4.1,Metro,0
36796,26,5,356675,53909,0.22,0.16,15,8,4.8,Metro,0
36797,28,8,258626,42259,0.16,0.28,15,2,4.1,Metro,0
36798,12,5,100305,43132,0.72,0.06,21,11,5.0,Metro,0
36799,29,4,308825,55829,0.42,0.04,12,5,4.1,Other,0
36800,19,9,334401,42575,0.8,0.08,26,16,4.4,Metro,0
36801,87,1,39283,24503,0.48,0.1,5,3,4.0,Seoul,0
36802,14,9,644321,59394,0.23,0.05,7,7,4.6,Other,0
36803,88,3,72718,25294,0.46,0.08,8,3,3.5,Other,0
36804,75,2,59733,23938,0.49,0.16,8,4,4.2,Seoul,0
36805,20,5,230949,48286,0.32,0.11,4,6,3.8,Seoul,0
36806,23,5,273019,44746,0.27,0.03,7,23,4.2,Other,0
36807,37,3,99615,33809,0.37,0.22,9,15,4.5,Seoul,0
36808,18,9,234013,39358,0.31,0.65,16,10,1.9,Other,0
36809,41,2,48060,44211,0.12,0.03,6,0,3.3,Other,0
36810,47,4,211159,48816,0.14,0.04,11,4,4.3,Metro,0
36811,8,7,366180,48247,0.83,0.09,7,16,4.1,Seoul,0
36812,20,15,771478,39210,0.98,0.11,22,11,4.7,Seoul,0
36813,15,7,199831,34319,0.74,0.12,12,15,4.2,Metro,0
36814,9,20,1329949,64040,0.05,0.09,18,38,4.7,Seoul,0
36815,14,9,284308,40274,0.41,0.02,16,13,4.6,Seoul,0
36816,17,9,161229,42027,0.72,0.21,20,23,4.4,Seoul,0
36817,34,7,323581,55698,0.3,0.17,8,9,3.9,Metro,0
36818,10,10,548581,46133,0.97,0.09,18,22,4.7,Metro,0
36819,0,9,469305,57643,0.13,0.04,21,48,4.6,Metro,0
36820,0,6,298612,42310,0.44,0.56,21,7,3.4,Other,0
36821,28,6,135642,29994,0.34,0.14,8,11,3.9,Seoul,0
36822,25,10,133890,48726,0.41,0.48,18,9,3.1,Metro,0
36823,61,5,224173,51111,0.28,0.24,7,3,4.0,Metro,0
36824,3,13,875220,58169,0.12,0.02,26,22,5.0,Seoul,0
36825,19,11,320723,37120,0.39,0.04,14,8,4.5,Other,0
36826,13,6,183648,51559,0.15,0.03,8,13,3.9,Seoul,0
36827,5,18,1206040,40751,0.25,0.07,20,34,4.9,Other,0
36828,28,6,548400,58693,0.45,0.02,9,17,3.9,Metro,0
36829,18,3,111927,49726,0.24,0.04,11,11,4.2,Seoul,0
36830,29,4,273925,54733,0.31,0.06,11,5,4.4,Seoul,0
36831,91,1,53088,37402,0.12,0.03,9,2,3.5,Seoul,0
36832,13,4,95011,44903,0.41,0.1,6,10,4.6,Other,0
36833,8,13,645912,48478,0.76,0.03,22,17,4.1,Metro,0
36834,14,5,119466,45196,0.34,0.48,16,26,4.5,Seoul,0
36835,87,3,124166,45543,0.31,0.17,8,5,3.8,Other,0
36836,0,6,146963,48516,0.78,0.03,17,18,4.9,Metro,0
36837,10,16,989768,52460,0.13,0.08,22,37,4.5,Metro,0
36838,12,4,215023,58637,0.1,0.17,16,14,4.2,Seoul,0
36839,19,9,211312,44511,0.27,0.42,19,17,4.1,Other,0
36840,38,5,200302,45545,0.35,0.18,18,15,4.4,Seoul,0
36841,27,5,344173,48024,0.31,0.12,10,9,4.8,Metro,0
36842,11,13,354316,42445,0.36,0.54,1,11,3.5,Other,0
36843,27,8,380200,45317,0.58,0.07,23,3,4.6,Metro,0
36844,166,31,1277735,183911,0.24,0.35,50,36,1.7,Other,-1
36845,19,6,178614,41103,0.35,0.25,8,16,4.1,Metro,0
36846,12,15,876559,53201,0.06,0.02,35,35,4.7,Metro,0
36847,21,13,559245,40800,0.82,0.1,14,7,4.5,Other,0
36848,71,4,189545,28687,0.15,0.09,0,2,2.8,Seoul,0
36849,19,9,309629,37855,0.76,0.28,18,12,4.9,Metro,0
36850,17,5,263706,56575,0.32,0.68,3,10,2.7,Metro,0
36851,43,4,249919,51527,0.34,0.51,23,3,3.6,Seoul,0
36852,64,3,120640,47839,0.65,0.05,6,7,3.9,Metro,0
36853,34,10,465378,47341,0.29,0.02,12,9,4.4,Metro,0
36854,78,2,25837,32275,0.66,0.12,6,2,4.0,Metro,0
36855,11,11,706512,64789,0.26,0.08,16,32,5.0,Metro,0
36856,39,24,4346229,130653,0.39,0.99,39,38,1.8,Other,-1
36857,0,12,292326,30512,0.76,0.07,26,25,4.6,Metro,0
36858,9,12,451055,42159,0.8,0.13,22,13,4.5,Metro,0
36859,12,8,497513,61948,0.86,0.17,19,25,4.2,Other,0
36860,6,16,675864,50950,0.2,0.03,18,31,5.0,Seoul,0
36861,6,7,245886,31473,0.53,0.09,21,11,4.2,Seoul,0
36862,0,13,441708,38934,0.62,0.33,17,5,3.0,Seoul,0
36863,0,20,1425289,57119,0.18,0.06,26,47,4.9,Other,0
36864,2,3,67541,43098,0.71,0.08,23,15,5.0,Seoul,0
36865,23,8,449664,45778,0.38,0.16,6,12,4.9,Seoul,0
36866,68,2,72811,43341,0.34,0.15,2,1,3.6,Seoul,0
36867,34,4,254459,47604,0.2,0.24,10,20,4.5,Metro,0
36868,9,16,1128887,56806,0.23,0.1,28,34,4.3,Seoul,0
36869,20,7,138622,23342,0.32,0.01,21,13,4.1,Metro,0
36870,12,6,144006,35700,0.22,0.31,14,13,5.0,Seoul,0
36871,16,9,309424,38837,0.28,0.14,12,9,4.7,Seoul,0
36872,30,8,283361,30080,0.28,0.11,8,14,4.7,Metro,0
36873,73,1,34451,37782,0.24,0.16,3,6,3.9,Other,0
36874,78,3,40349,22656,0.3,0.06,10,4,3.4,Seoul,0
36875,7,6,268873,44645,0.89,0.09,20,17,4.7,Seoul,0
36876,13,6,121523,35099,0.22,0.07,5,0,4.1,Metro,0
36877,13,13,820301,64261,0.04,0.05,24,55,5.0,Metro,0
36878,14,9,438311,45545,0.65,0.1,13,16,4.7,Seoul,0
36879,47,10,494714,49860,0.47,0.02,18,0,3.9,Seoul,0
36880,12,11,797224,53930,0.16,0.09,33,39,4.6,Other,0
36881,9,13,868360,61622,0.28,0.01,24,33,5.0,Metro,0
36882,9,7,238154,46335,0.5,0.02,14,11,4.7,Seoul,0
36883,59,3,73163,30919,0.28,0.01,4,4,4.3,Other,0
36884,23,8,344585,52280,0.29,0.05,8,2,3.9,Seoul,0
36885,27,7,281424,32396,0.09,0.33,16,16,3.9,Metro,0
36886,38,6,455367,46505,0.12,0.52,15,11,3.8,Metro,0
36887,91,2,76336,39369,0.31,0.12,5,3,3.9,Metro,0
36888,14,7,239034,35233,0.92,0.06,21,14,4.2,Metro,0
36889,39,10,568552,51663,0.11,0.02,7,18,3.6,Metro,0
36890,28,8,419545,52376,0.24,0.15,15,15,4.5,Metro,0
36891,21,7,336605,43848,0.2,0.18,17,18,4.9,Other,0
36892,20,6,221060,45609,0.83,0.05,18,19,4.6,Metro,0
36893,2,18,911957,41361,0.1,0.01,10,39,4.6,Seoul,0
36894,28,9,432026,38258,0.79,0.17,16,23,4.3,Other,0
36895,19,13,508288,32007,0.83,0.08,14,9,4.9,Other,0
36896,5,17,847695,42088,0.18,0.02,23,36,4.8,Seoul,0
36897,0,5,234192,46034,0.39,0.63,14,9,3.4,Seoul,0
36898,15,13,500467,36733,0.08,0.03,19,46,4.6,Seoul,0
36899,39,6,421618,55603,0.16,0.12,5,8,3.6,Seoul,0
36900,11,11,484361,37835,0.64,0.52,16,0,3.8,Metro,0
36901,72,4,86431,23203,0.21,0.13,4,2,5.0,Seoul,0
36902,14,1,70560,38338,0.19,0.03,12,12,4.9,Metro,0
36903,22,1,93748,55141,0.42,0.12,13,10,3.9,Metro,0
36904,13,9,376826,48664,0.86,0.14,21,19,4.8,Seoul,0
36905,85,2,74385,40372,0.31,0.01,7,4,4.0,Seoul,0
36906,6,6,337626,51427,0.27,0.27,13,8,4.4,Metro,0
36907,36,5,190172,49315,0.32,0.04,11,5,4.7,Metro,0
36908,32,6,320151,43269,0.42,0.13,5,9,4.2,Seoul,0
36909,24,6,281491,38392,0.53,0.69,15,11,4.9,Metro,0
36910,76,1,20042,26670,0.19,0.13,7,2,4.1,Seoul,0
36911,32,9,443467,37318,0.26,0.03,12,6,4.5,Seoul,0
36912,27,4,146826,43420,0.28,0.06,16,12,4.1,Seoul,0
36913,26,2,52645,29731,0.4,0.12,5,7,4.6,Metro,0
36914,26,3,121649,52749,0.17,0.11,13,16,4.8,Seoul,0
36915,29,4,92584,39083,0.42,0.1,14,6,4.1,Metro,0
36916,27,3,124346,39637,0.54,0.11,6,9,4.0,Other,0
36917,27,6,243916,46652,0.73,0.04,21,24,4.7,Metro,0
36918,14,6,109130,26948,0.49,0.06,9,12,4.0,Metro,0
36919,3,13,498738,35234,0.77,0.07,13,16,4.6,Seoul,0
36920,0,10,325690,33916,0.36,0.12,8,10,4.4,Metro,0
36921,50,8,544979,66953,0.3,0.13,12,7,3.8,Seoul,0
36922,17,8,310529,37559,0.35,0.09,6,14,4.4,Other,0
36923,106,4,263621,42325,0.38,0.02,12,7,3.7,Other,0
36924,23,7,301277,52521,0.28,0.19,4,8,4.3,Metro,0
36925,0,7,307715,38193,0.64,0.1,12,15,4.4,Seoul,0
36926,8,13,401191,37940,0.81,0.09,27,13,4.5,Other,0
36927,20,8,185473,30495,0.85,0.07,22,30,4.9,Metro,0
36928,14,6,331676,48650,0.2,0.6,12,28,2.8,Other,0
36929,15,9,442808,47337,0.86,0.14,18,27,4.5,Metro,0
36930,12,5,223510,64841,0.33,0.51,15,16,3.0,Seoul,0
36931,6,14,472369,47599,0.85,0.06,21,16,4.1,Seoul,0
36932,38,3,56343,31675,0.34,0.06,14,15,4.4,Seoul,0
36933,29,12,470465,31082,0.31,0.19,17,10,4.2,Metro,0
36934,8,5,124656,42913,0.57,0.09,10,13,4.5,Seoul,0
36935,11,8,356851,43662,0.47,0.16,2,12,3.9,Seoul,0
36936,36,0,20926,37660,0.15,0.08,6,2,3.2,Other,0
36937,99,31,738406,178380,0.6,0.97,79,91,2.4,Metro,-1
36938,32,6,254303,43029,0.44,0.13,9,19,4.5,Metro,0
36939,1,7,398729,61288,0.21,0.12,30,26,4.6,Seoul,0
36940,9,5,110067,39672,0.87,0.1,16,25,4.8,Other,0
36941,19,6,265349,36098,0.41,0.06,13,2,3.7,Metro,0
36942,86,1,20993,27115,0.3,0.02,4,4,4.5,Other,0
36943,25,5,324622,53997,0.3,0.12,8,15,4.3,Seoul,0
36944,25,2,99512,61174,0.24,0.18,13,8,3.8,Metro,0
36945,83,3,75191,41545,0.25,0.19,8,3,3.7,Seoul,0
36946,28,6,452701,52483,0.28,0.09,8,10,4.6,Metro,0
36947,30,9,237493,30778,0.19,0.12,18,7,3.9,Seoul,0
36948,20,11,472918,47085,0.26,0.04,4,15,3.9,Other,0
36949,33,10,448405,37832,0.04,0.37,11,6,4.5,Metro,0
36950,32,9,264430,37827,0.32,0.17,9,4,4.4,Other,0
36951,35,10,627269,49446,0.64,0.03,13,17,4.5,Metro,0
36952,0,8,223317,37784,0.3,0.54,10,13,3.2,Other,0
36953,2,18,1143378,60389,0.19,0.04,28,21,4.8,Metro,0
36954,34,11,514161,44026,0.28,0.04,5,17,3.8,Metro,0
36955,0,35,458341,9010,0.73,0.25,27,48,1.1,Metro,-1
36956,82,3,116697,44533,0.27,0.04,0,2,4.8,Other,0
36957,5,6,192186,41803,0.83,0.14,17,15,4.2,Seoul,0
36958,20,7,370812,43469,0.4,0.23,9,4,4.5,Metro,0
36959,117,2,112600,36655,0.27,0.14,2,1,4.7,Metro,0
36960,26,11,517740,45646,0.19,0.69,20,8,3.8,Seoul,0
36961,74,4,114557,37359,0.53,0.05,10,4,3.6,Seoul,0
36962,5,8,354772,42803,0.8,0.1,18,17,4.4,Seoul,0
36963,24,3,93138,34949,0.11,0.04,13,8,4.1,Metro,0
36964,78,3,130721,49884,0.56,0.03,9,1,3.8,Metro,0
36965,11,12,978623,62175,0.1,0.04,12,38,4.4,Metro,0
36966,15,7,223037,33887,0.39,0.04,9,8,3.7,Metro,0
36967,27,5,178136,40488,0.23,0.37,18,15,4.3,Seoul,0
36968,25,9,472824,43711,0.79,0.16,23,12,4.3,Seoul,0
36969,15,6,217212,41275,0.49,0.04,12,18,5.0,Seoul,0
36970,31,5,192470,46746,0.47,0.25,10,13,4.0,Other,0
36971,39,0,0,50998,0.23,0.03,10,9,3.9,Other,0
36972,77,2,45189,31734,0.3,0.01,7,3,3.5,Other,0
36973,13,17,445539,32567,0.69,0.08,11,7,3.6,Metro,0
36974,26,3,176868,48514,0.16,0.43,10,23,3.0,Other,0
36975,25,1,34769,41420,0.22,0.13,11,4,4.0,Other,0
36976,5,19,928443,49581,0.06,0.02,30,42,5.0,Other,0
36977,19,8,274577,44595,0.26,0.2,15,13,3.9,Metro,0
36978,26,6,266227,45419,0.7,0.09,13,15,4.5,Other,0
36979,31,4,296958,51280,0.33,0.25,12,14,4.6,Other,0
36980,37,9,231847,40747,0.13,0.05,11,3,4.9,Metro,0
36981,29,6,242954,50235,0.23,0.5,10,18,3.6,Other,0
36982,23,12,839389,60282,0.65,0.6,11,14,3.6,Seoul,0
36983,8,5,168559,33771,0.82,0.1,12,15,5.0,Metro,0
36984,16,6,168710,46890,0.2,0.08,16,9,4.4,Seoul,0
36985,17,6,237570,46770,0.92,0.15,22,21,4.5,Metro,0
36986,26,2,74874,44956,0.22,0.18,22,14,4.3,Seoul,0
36987,29,2,134486,40127,0.32,0.05,9,8,4.2,Metro,0
36988,2,13,778293,50492,0.03,0.17,28,37,4.5,Seoul,0
36989,159,19,1285579,96013,0.04,0.88,32,71,3.6,Metro,-1
36990,9,17,1388606,66550,0.03,0.01,22,39,4.8,Seoul,0
36991,5,25,2026737,68551,0.15,0.05,30,23,5.0,Other,0
36992,16,10,269506,34546,0.81,0.06,17,22,5.0,Metro,0
36993,27,7,270094,42624,0.37,0.52,6,8,3.9,Seoul,0
36994,22,4,104318,31570,0.57,0.14,13,10,4.9,Metro,0
36995,31,4,117162,34489,0.38,0.15,8,15,4.6,Metro,0
36996,5,6,323809,52359,0.41,0.08,15,10,4.9,Metro,0
36997,29,7,213472,28458,0.62,0.13,18,0,3.6,Metro,0
36998,36,0,2233,33726,0.35,0.06,9,8,3.2,Metro,0
36999,47,7,392902,58983,0.67,0.14,5,16,4.8,Metro,0
37000,32,7,266005,36910,0.22,0.12,14,12,4.5,Seoul,0
37001,25,8,275804,27080,0.28,0.16,4,2,4.7,Metro,0
37002,18,9,343512,36968,0.25,0.44,13,16,3.5,Other,0
37003,10,9,219769,38127,0.11,0.11,9,15,4.9,Other,0
37004,21,4,69247,22716,0.27,0.06,12,6,3.9,Other,0
37005,29,1,29208,27642,0.47,0.16,15,14,4.3,Seoul,0
37006,77,0,16848,43125,0.44,0.08,3,0,4.0,Other,0
37007,26,4,171390,43894,0.3,0.08,7,3,3.8,Metro,0
37008,2,19,1001770,61350,0.07,0.09,10,37,4.6,Metro,0
37009,15,17,1006428,57648,0.12,0.07,25,46,4.5,Other,0
37010,10,6,235119,28909,0.2,0.11,6,13,4.8,Metro,0
37011,7,17,1473071,65683,0.14,0.09,29,36,4.5,Other,0
37012,0,6,184933,46508,0.32,0.56,12,15,4.1,Seoul,0
37013,13,9,404031,52953,0.1,0.04,21,25,4.5,Metro,0
37014,28,5,171069,29366,0.27,0.09,8,11,3.8,Metro,0
37015,20,10,350514,32899,0.7,0.14,13,17,4.4,Metro,0
37016,13,6,127090,37093,0.38,0.6,17,15,3.1,Other,0
37017,95,6,233181,41379,0.15,0.18,11,3,3.9,Metro,0
37018,11,12,528904,51872,0.01,0.05,26,32,4.8,Seoul,0
37019,5,6,349125,53968,0.11,0.07,23,39,4.7,Other,0
37020,15,8,322625,43487,0.32,0.07,13,5,3.5,Metro,0
37021,16,10,577264,45572,0.4,0.44,13,15,3.8,Seoul,0
37022,15,6,291914,39116,0.4,0.47,5,11,2.7,Seoul,0
37023,16,7,204313,41804,0.82,0.05,17,12,4.5,Seoul,0
37024,85,3,86800,36057,0.31,0.04,3,0,4.2,Metro,0
37025,5,23,1650508,47170,0.16,0.04,17,49,4.8,Other,0
37026,18,3,139970,43657,0.54,0.15,5,10,3.8,Metro,0
37027,36,10,722395,47478,0.22,0.03,24,18,3.9,Seoul,0
37028,21,9,300643,41646,0.86,0.05,15,14,4.4,Other,0
37029,22,8,246966,45072,0.5,0.05,8,20,3.9,Other,0
37030,17,5,178406,42482,0.42,0.01,8,9,4.3,Other,0
37031,13,22,1144166,53600,0.1,0.09,17,19,4.8,Other,0
37032,18,15,576493,42726,0.74,0.06,11,28,4.4,Metro,0
37033,6,9,330247,35751,0.8,0.11,24,22,4.5,Seoul,0
37034,13,18,970450,46061,0.11,0.02,26,38,4.9,Metro,0
37035,19,10,279864,43420,0.41,0.07,17,27,4.9,Other,0
37036,13,4,183531,48127,0.12,0.09,5,15,4.5,Seoul,0
37037,0,17,1204281,63200,0.04,0.07,18,28,4.6,Metro,0
37038,16,6,314574,51162,0.21,0.09,14,2,3.7,Other,0
37039,19,9,436165,43561,0.33,0.16,9,17,4.7,Seoul,0
37040,11,9,501392,51371,0.3,0.47,11,2,2.5,Metro,0
37041,35,5,174725,47556,0.19,0.07,15,15,4.3,Other,0
37042,13,15,597264,44079,0.68,0.06,24,29,4.1,Metro,0
37043,9,10,570841,59349,0.16,0.17,13,39,4.6,Seoul,0
37044,9,7,239650,50160,0.57,0.06,11,14,4.4,Metro,0
37045,13,10,429260,57068,0.18,0.67,6,13,2.9,Metro,0
37046,25,2,61763,35003,0.14,0.48,20,9,4.6,Other,0
37047,105,4,77714,28280,0.53,0.07,7,2,3.9,Metro,0
37048,19,7,236224,43295,0.68,0.09,21,23,4.6,Metro,0
37049,25,5,92387,19452,0.53,0.36,14,18,4.7,Metro,0
37050,20,8,317884,37804,0.86,0.12,11,13,4.8,Seoul,0
37051,21,7,160916,35912,0.24,0.49,20,4,4.3,Metro,0
37052,11,7,225907,32571,0.68,0.12,30,24,3.8,Other,0
37053,91,6,229358,45789,0.08,0.24,14,3,4.3,Seoul,0
37054,85,2,55221,28094,0.32,0.11,3,0,3.9,Seoul,0
37055,7,15,1137555,66436,0.14,0.08,23,40,4.7,Metro,0
37056,93,2,149846,56226,0.19,0.16,10,4,3.8,Seoul,0
37057,39,6,283163,39037,0.28,0.12,21,7,4.3,Metro,0
37058,3,23,982472,41966,0.02,0.08,19,33,4.7,Seoul,0
37059,11,3,111214,55928,0.19,0.07,6,7,4.6,Metro,0
37060,82,1,7858,28436,0.25,0.33,9,6,3.9,Other,0
37061,12,4,142073,31288,0.68,0.17,9,23,4.0,Other,0
37062,8,17,1193325,70214,0.11,0.03,15,40,4.8,Seoul,0
37063,4,9,389821,44261,0.88,0.13,27,5,4.4,Metro,0
37064,2,14,447529,42420,0.11,0.05,22,44,4.6,Seoul,0
37065,69,2,42688,29158,0.35,0.09,4,4,4.3,Metro,0
37066,40,9,341925,37928,0.52,0.16,12,16,3.7,Other,0
37067,23,8,303792,47510,0.26,0.03,11,12,4.2,Metro,0
37068,9,7,224163,35910,0.38,0.41,16,1,3.8,Metro,0
37069,72,2,64638,40734,0.18,0.1,12,5,3.7,Seoul,0
37070,22,8,238114,45080,0.5,0.27,2,10,3.9,Seoul,0
37071,22,9,439790,37315,0.27,0.04,14,14,4.5,Other,0
37072,1,10,524822,47552,0.77,0.09,18,20,4.7,Seoul,0
37073,12,8,334874,35768,0.8,0.02,17,13,4.3,Metro,0
37074,52,4,211348,47051,0.24,0.1,10,13,4.4,Other,0
37075,19,6,182004,38868,0.5,0.03,16,10,4.5,Metro,0
37076,27,2,82373,42393,0.28,0.18,3,6,4.4,Metro,0
37077,20,10,404132,43787,0.58,0.09,21,16,4.6,Metro,0
37078,24,9,385544,42116,0.2,0.46,18,11,3.2,Seoul,0
37079,5,9,445991,45414,0.1,0.02,27,34,4.8,Metro,0
37080,20,11,472660,53250,0.3,0.63,14,4,4.0,Metro,0
37081,50,6,273143,38559,0.14,0.04,13,15,4.5,Other,0
37082,35,10,586120,38460,0.57,0.07,12,12,4.5,Seoul,0
37083,12,5,179154,35160,0.36,0.1,19,10,4.3,Seoul,0
37084,10,10,273787,40780,0.61,0.13,13,14,5.0,Metro,0
37085,13,2,33874,33952,0.23,0.04,8,3,4.0,Metro,0
37086,27,5,173032,38583,0.21,0.12,16,8,4.6,Metro,0
37087,26,8,184345,43574,0.44,0.19,14,11,3.9,Seoul,0
37088,24,5,220690,47028,0.93,0.1,22,23,4.4,Other,0
37089,13,10,399946,48063,0.87,0.06,22,14,4.3,Seoul,0
37090,13,11,233183,26137,0.87,0.11,18,10,4.5,Seoul,0
37091,107,4,71272,30208,0.19,0.13,6,4,3.5,Metro,0
37092,20,7,281392,39564,0.4,0.13,20,3,4.0,Seoul,0
37093,63,9,382010,45647,0.37,0.12,9,84,3.4,Metro,-1
37094,44,5,398907,66080,0.4,0.06,23,3,4.2,Seoul,0
37095,27,7,288476,49496,0.3,0.11,10,10,4.1,Seoul,0
37096,12,4,203271,49225,0.51,0.14,19,13,4.5,Seoul,0
37097,71,3,154307,51539,0.24,0.1,8,0,3.7,Seoul,0
37098,21,13,386804,43765,0.64,0.13,28,17,4.5,Metro,0
37099,7,5,157065,38281,0.76,0.16,21,20,4.3,Metro,0
37100,4,22,1378084,50033,0.09,0.07,22,24,4.5,Metro,0
37101,13,6,160655,38476,0.88,0.1,14,25,4.3,Seoul,0
37102,10,10,364680,42222,0.81,0.08,22,21,4.1,Other,0
37103,31,7,255224,28123,0.69,0.47,14,10,4.7,Other,0
37104,5,16,1143759,65462,0.13,0.06,16,46,4.6,Other,0
37105,10,11,324902,38474,0.46,0.12,15,22,4.6,Other,0
37106,7,9,671851,56805,0.07,0.11,25,42,4.9,Metro,0
37107,26,7,236820,45252,0.7,0.45,9,3,3.1,Metro,0
37108,26,5,226897,45607,0.2,0.16,16,5,4.6,Other,0
37109,168,34,2794641,87253,0.12,0.94,27,80,3.5,Metro,-1
37110,3,12,793681,53049,0.13,0.01,28,40,4.5,Other,0
37111,3,6,236457,31600,0.32,0.41,15,2,2.8,Metro,0
37112,51,6,286398,74578,0.24,0.12,9,16,3.4,Seoul,0
37113,32,5,156343,46042,0.52,0.04,25,13,4.2,Seoul,0
37114,57,9,636091,61957,0.5,0.14,13,13,4.6,Other,0
37115,34,6,283053,39377,0.45,0.08,12,3,4.4,Other,0
37116,17,4,110309,36005,0.43,0.16,7,12,3.9,Metro,0
37117,54,4,110020,40638,0.18,0.07,6,3,3.0,Metro,0
37118,40,12,428906,32591,0.22,0.1,2,8,4.4,Seoul,0
37119,13,11,386690,37045,0.71,0.2,21,23,4.2,Metro,0
37120,24,4,254397,50944,0.45,0.19,14,3,3.9,Seoul,0
37121,68,1,34157,36017,0.31,0.21,15,0,3.7,Metro,0
37122,13,11,576568,48659,0.29,0.04,35,29,4.9,Metro,0
37123,19,10,188729,47649,0.3,0.49,10,17,2.6,Seoul,0
37124,43,4,95974,34756,0.35,0.06,7,4,3.7,Metro,0
37125,21,7,222395,34719,0.86,0.2,13,24,4.0,Metro,0
37126,24,10,674026,60030,0.26,0.59,12,19,3.5,Metro,0
37127,14,9,456064,51426,0.71,0.08,18,33,4.3,Seoul,0
37128,110,3,75256,41088,0.39,0.1,2,2,3.3,Seoul,0
37129,17,3,123726,37169,0.47,0.1,16,15,3.8,Metro,0
37130,18,8,248041,42391,0.98,0.13,21,23,4.4,Metro,0
37131,170,35,2037030,165974,0.51,0.77,22,79,4.1,Seoul,-1
37132,6,4,204573,47627,0.16,0.17,0,1,3.8,Seoul,0
37133,9,15,663282,43993,0.13,0.08,31,43,4.4,Metro,0
37134,80,5,237180,50874,0.09,0.02,0,4,4.2,Seoul,0
37135,15,10,431475,57770,0.85,0.04,28,20,4.1,Metro,0
37136,26,8,342734,40061,0.22,0.21,7,23,4.5,Metro,0
37137,14,17,1081068,64061,0.07,0.07,16,51,4.4,Seoul,0
37138,24,9,557577,44598,0.73,0.06,21,15,4.3,Seoul,0
37139,43,2,88076,44364,0.24,0.14,12,0,5.0,Metro,0
37140,12,7,279822,46122,0.82,0.14,11,20,4.4,Metro,0
37141,117,3,125725,39543,0.31,0.04,0,1,4.5,Metro,0
37142,17,6,94805,31686,0.25,0.17,19,15,4.3,Seoul,0
37143,32,5,101976,21547,0.49,0.22,12,11,4.0,Metro,0
37144,6,14,691990,61389,0.1,0.06,27,34,4.4,Seoul,0
37145,17,4,207701,54565,0.09,0.04,13,14,3.7,Other,0
37146,36,2,80955,53428,0.34,0.05,6,13,3.9,Metro,0
37147,12,8,145455,34569,0.79,0.2,11,25,3.9,Metro,0
37148,21,6,141571,40778,0.42,0.11,12,15,3.7,Metro,0
37149,28,2,94275,43946,0.43,0.16,10,10,3.8,Metro,0
37150,21,5,184876,34541,0.42,0.17,20,12,3.9,Seoul,0
37151,16,7,137710,40648,0.34,0.08,2,12,4.1,Seoul,0
37152,2,0,30622,64808,0.44,0.1,16,13,3.8,Seoul,0
37153,9,7,253871,36948,0.26,0.67,18,17,3.6,Metro,0
37154,9,8,506130,59133,0.25,0.07,8,11,4.7,Seoul,0
37155,22,1,59201,45533,0.32,0.04,11,15,4.7,Seoul,0
37156,30,11,252519,25878,0.31,0.06,11,4,4.2,Metro,0
37157,47,6,262220,47708,0.39,0.03,9,13,3.4,Other,0
37158,19,8,297177,39233,0.63,0.75,9,19,3.8,Other,0
37159,19,3,141930,40473,0.75,0.05,27,11,4.2,Other,0
37160,12,11,394860,42509,0.76,0.01,15,26,4.9,Metro,0
37161,19,4,197652,40625,0.46,0.02,7,8,4.3,Other,0
37162,92,2,72468,27807,0.33,0.1,6,4,4.7,Metro,0
37163,17,7,283643,39282,0.46,0.18,4,10,4.5,Seoul,0
37164,9,4,155376,42948,0.15,0.23,24,21,3.8,Seoul,0
37165,8,6,58480,39380,0.3,0.49,15,4,3.3,Seoul,0
37166,69,4,127104,27932,0.41,0.1,8,5,3.8,Other,0
37167,35,0,0,60358,0.37,0.05,11,17,3.6,Other,0
37168,17,10,370907,37539,0.86,0.29,10,15,4.2,Seoul,0
37169,32,9,141063,44335,0.19,0.07,7,2,4.8,Metro,0
37170,5,19,1316282,65820,0.11,0.03,24,36,4.7,Seoul,0
37171,30,5,327712,51982,0.22,0.12,16,8,3.9,Seoul,0
37172,29,6,358457,46855,0.39,0.02,16,6,4.0,Metro,0
37173,21,6,308748,46573,0.17,0.02,12,13,3.8,Seoul,0
37174,41,4,247269,49024,0.23,0.17,7,16,3.9,Other,0
37175,41,2,72438,26681,0.62,0.05,10,1,3.5,Seoul,0
37176,14,16,1071757,58175,0.15,0.03,15,26,4.8,Metro,0
37177,5,20,989529,33863,0.04,0.1,24,29,5.0,Other,0
37178,11,5,202810,58151,0.38,0.39,10,11,3.3,Metro,0
37179,21,9,274572,46134,0.21,0.53,10,12,4.5,Other,0
37180,30,2,75118,38746,0.8,0.08,13,17,4.6,Seoul,0
37181,7,11,542077,44941,0.8,0.09,22,21,4.2,Seoul,0
37182,88,3,88224,32860,0.2,0.07,11,4,4.1,Seoul,0
37183,16,3,96790,39271,0.18,0.08,17,5,4.0,Other,0
37184,157,14,1310276,13555,0.6,0.28,70,22,3.4,Seoul,-1
37185,6,15,791321,45043,0.06,0.08,34,26,4.9,Other,0
37186,88,2,83650,39712,0.33,0.08,7,0,3.6,Seoul,0
37187,25,9,370666,45078,0.97,0.09,19,15,4.5,Metro,0
37188,11,6,182779,32641,0.79,0.13,21,21,4.2,Seoul,0
37189,23,6,307355,43986,0.71,0.14,18,11,3.8,Metro,0
37190,19,8,220313,30823,0.22,0.1,8,9,4.1,Other,0
37191,13,7,368217,57397,0.3,0.17,7,11,3.7,Metro,0
37192,19,7,161093,45871,0.51,0.16,12,23,4.3,Other,0
37193,23,6,88232,29321,0.45,0.0,7,7,3.2,Seoul,0
37194,74,2,53845,47013,0.27,0.09,7,6,3.9,Metro,0
37195,16,9,332103,45637,0.3,0.06,6,11,4.3,Seoul,0
37196,32,8,533640,52840,0.43,0.42,20,14,3.5,Seoul,0
37197,10,28,1534027,58719,0.12,0.09,29,36,4.9,Metro,0
37198,17,6,359854,59368,0.34,0.19,16,14,3.9,Seoul,0
37199,11,9,512122,46146,0.47,0.07,9,13,3.7,Metro,0
37200,13,10,530443,48453,0.18,0.02,24,7,4.2,Seoul,0
37201,83,2,38636,21413,0.08,0.08,11,1,3.6,Metro,0
37202,130,32,2546170,16627,0.65,0.99,1,74,1.6,Metro,-1
37203,2,14,580806,52042,0.31,0.12,16,32,4.5,Seoul,0
37204,23,8,247727,39587,0.49,0.58,17,12,3.3,Metro,0
37205,6,9,355545,48456,0.43,0.15,13,18,4.2,Other,0
37206,93,2,70417,37914,0.23,0.09,2,2,4.9,Metro,0
37207,29,7,466134,53534,0.5,0.07,13,0,4.6,Seoul,0
37208,10,12,662623,50529,0.1,0.04,22,38,4.5,Seoul,0
37209,13,7,192750,37157,0.81,0.04,14,18,4.6,Other,0
37210,15,3,206827,55263,0.36,0.04,13,0,3.2,Seoul,0
37211,44,7,126875,30143,0.25,0.01,9,8,4.2,Seoul,0
37212,36,5,277990,54857,0.41,0.16,16,12,4.0,Seoul,0
37213,26,8,398775,42464,0.24,0.03,8,5,3.8,Seoul,0
37214,32,10,414715,36205,0.35,0.11,10,22,4.5,Other,0
37215,35,6,137471,33338,0.22,0.07,16,11,4.3,Metro,0
37216,9,12,693325,46174,0.31,0.07,25,28,4.9,Other,0
37217,19,3,112071,45331,0.33,0.22,19,9,4.2,Metro,0
37218,23,8,449404,37985,0.49,0.22,22,15,3.8,Seoul,0
37219,12,14,388784,45090,0.65,0.02,19,20,4.4,Seoul,0
37220,9,10,207213,23988,0.64,0.04,12,18,4.2,Seoul,0
37221,14,15,529632,42015,0.78,0.08,23,21,4.7,Seoul,0
37222,13,10,592117,53441,0.78,0.1,13,17,4.2,Other,0
37223,38,6,204402,43696,0.21,0.03,10,2,4.5,Metro,0
37224,12,15,1001487,62581,0.08,0.02,12,34,5.0,Seoul,0
37225,39,10,432851,42987,0.2,0.12,15,17,3.5,Metro,0
37226,11,9,646483,58650,0.03,0.09,12,27,4.5,Metro,0
37227,12,17,1078328,59010,0.15,0.0,23,37,5.0,Other,0
37228,15,11,238525,23825,0.88,0.05,10,16,4.2,Other,0
37229,4,6,275534,47760,0.62,0.06,18,7,4.1,Metro,0
37230,10,11,270777,53064,0.36,0.59,15,2,3.8,Other,0
37231,14,8,340179,45811,0.76,0.11,22,26,4.3,Seoul,0
37232,23,9,206774,31933,0.88,0.06,25,11,4.3,Metro,0
37233,21,11,559229,45643,0.68,0.21,10,28,4.5,Metro,0
37234,40,1,32780,41686,0.25,0.1,4,1,3.8,Other,0
37235,16,6,105910,45640,0.21,0.04,3,4,4.6,Seoul,0
37236,53,6,390801,50183,0.14,0.08,20,4,3.8,Other,0
37237,78,3,44070,15536,0.28,0.07,9,0,3.9,Metro,0
37238,9,6,403742,53608,0.38,0.1,11,11,4.1,Metro,0
37239,75,3,87124,41628,0.34,0.26,9,1,4.3,Seoul,0
37240,0,7,521234,53417,0.31,0.08,16,7,4.7,Metro,0
37241,46,1,44221,56670,0.27,0.24,15,14,4.7,Seoul,0
37242,14,9,517113,49010,0.85,0.12,25,17,4.0,Metro,0
37243,34,4,212197,40657,0.41,0.08,14,8,4.3,Metro,0
37244,27,9,239257,36422,0.37,0.05,9,14,4.3,Other,0
37245,81,2,105661,59841,0.55,0.25,10,3,5.0,Metro,0
37246,24,5,233533,43891,0.33,0.42,8,8,3.4,Seoul,0
37247,35,4,257842,42240,0.23,0.09,8,13,4.1,Metro,0
37248,32,10,240190,33764,0.83,0.04,19,25,4.3,Seoul,0
37249,17,6,93068,38596,0.05,0.13,17,12,4.6,Other,0
37250,4,5,215012,31189,0.26,0.12,9,10,4.4,Metro,0
37251,20,4,177549,40689,0.33,0.08,9,8,4.5,Metro,0
37252,17,6,324850,49187,0.29,0.11,11,9,3.8,Seoul,0
37253,13,3,213648,53895,0.36,0.23,11,10,4.3,Metro,0
37254,18,2,108859,42154,0.2,0.14,10,14,4.1,Seoul,0
37255,18,7,555735,52731,0.36,0.09,11,11,3.9,Other,0
37256,7,8,520192,49931,0.15,0.02,23,22,4.3,Metro,0
37257,85,1,40933,44187,0.22,0.16,6,2,3.8,Metro,0
37258,72,11,2342399,54264,0.56,0.67,72,78,2.7,Seoul,-1
37259,19,10,634726,43059,0.37,0.09,13,7,4.2,Other,0
37260,4,17,732970,56410,0.14,0.07,11,36,4.8,Metro,0
37261,30,8,196055,21560,0.29,0.02,7,14,4.8,Metro,0
37262,32,8,259246,30760,0.06,0.14,6,8,4.4,Seoul,0
37263,29,9,557534,46667,0.38,0.17,15,17,4.1,Metro,0
37264,15,11,666849,44298,0.09,0.12,24,33,4.7,Seoul,0
37265,0,7,243781,26703,0.32,0.12,14,13,4.0,Metro,0
37266,1,14,685402,53961,0.08,0.06,29,36,4.7,Seoul,0
37267,10,10,469493,37049,0.73,0.04,15,24,4.2,Other,0
37268,13,6,195575,30984,0.09,0.07,10,17,4.0,Other,0
37269,28,0,0,52746,0.32,0.4,12,9,3.8,Seoul,0
37270,78,3,121882,40463,0.44,0.23,5,5,3.0,Seoul,0
37271,13,4,116107,29278,0.2,0.29,9,10,4.3,Seoul,0
37272,20,8,475151,60003,0.41,0.59,7,16,3.4,Other,0
37273,1,18,806253,34777,0.13,0.07,21,22,4.7,Metro,0
37274,13,8,278449,42183,0.69,0.15,21,24,4.5,Seoul,0
37275,39,8,253804,41108,0.3,0.19,16,13,4.2,Other,0
37276,15,7,330140,45132,0.21,0.06,6,10,4.6,Seoul,0
37277,62,5,150117,35811,0.3,0.05,8,2,3.9,Other,0
37278,2,4,126417,27611,0.58,0.16,6,7,4.0,Other,0
37279,33,5,327185,49792,0.32,0.15,8,14,4.6,Metro,0
37280,26,3,201270,43080,0.51,0.08,0,7,4.0,Seoul,0
37281,55,7,300970,31093,0.44,0.19,22,7,4.6,Other,0
37282,9,25,1119331,42455,0.02,0.06,22,40,4.5,Seoul,0
37283,4,8,303926,48844,0.67,0.1,25,18,4.5,Metro,0
37284,13,12,659779,52422,0.07,0.08,25,33,4.8,Metro,0
37285,7,4,251358,54907,0.32,0.39,17,15,3.2,Other,0
37286,18,8,195289,37217,0.36,0.45,17,22,2.6,Metro,0
37287,8,10,546445,43339,0.64,0.1,5,1,5.0,Other,0
37288,8,15,1198525,74001,0.23,0.04,25,37,4.7,Metro,0
37289,22,3,110099,36181,0.13,0.08,17,17,5.0,Metro,0
37290,11,7,279125,38212,0.78,0.15,10,11,4.1,Metro,0
37291,52,4,83803,39862,0.36,0.16,3,3,3.0,Metro,0
37292,27,12,542638,41705,0.95,0.24,16,17,4.5,Metro,0
37293,13,9,283560,36052,0.26,0.19,13,8,4.7,Other,0
37294,11,13,612378,40594,0.12,0.06,12,20,4.9,Other,0
37295,13,9,342473,31581,0.41,0.23,14,8,5.0,Other,0
37296,18,2,135572,59980,0.16,0.46,3,15,3.7,Metro,0
37297,15,3,153661,42825,0.25,0.26,20,7,3.8,Seoul,0
37298,0,13,672088,45051,0.12,0.09,17,25,5.0,Other,0
37299,0,7,474957,59912,0.46,0.55,13,19,3.2,Seoul,0
37300,12,1,40288,40726,0.42,0.29,14,8,3.8,Other,0
37301,43,4,266457,50297,0.06,0.03,11,2,3.6,Seoul,0
37302,27,6,192413,40639,0.18,0.03,12,6,4.3,Other,0
37303,26,6,178742,41843,0.11,0.07,19,4,4.5,Other,0
37304,77,2,67990,35226,0.09,0.12,4,5,4.6,Metro,0
37305,25,5,217477,45104,0.61,0.04,1,13,4.2,Seoul,0
37306,86,3,86046,47549,0.36,0.21,5,0,3.5,Metro,0
37307,44,6,1630857,82369,0.29,0.42,31,1,1.2,Other,-1
37308,40,9,432715,41183,0.25,0.27,18,7,4.3,Seoul,0
37309,0,19,1843650,69155,0.02,0.08,17,46,4.5,Other,0
37310,68,2,89075,41713,0.32,0.18,8,4,3.4,Metro,0
37311,92,2,38840,51013,0.27,0.16,4,4,4.3,Metro,0
37312,11,8,282809,37346,0.86,0.1,15,16,4.4,Seoul,0
37313,73,3,126506,46712,0.36,0.15,3,1,3.8,Seoul,0
37314,32,5,130082,25100,0.26,0.08,12,15,4.6,Seoul,0
37315,3,10,370932,42172,0.8,0.08,21,17,4.6,Other,0
37316,20,9,498394,49327,0.91,0.02,25,11,4.2,Other,0
37317,35,12,715163,42549,0.19,0.17,12,11,4.1,Other,0
37318,21,8,240085,32882,0.13,0.47,23,7,2.7,Other,0
37319,73,1,64287,39516,0.22,0.03,9,3,4.5,Other,0
37320,17,12,429940,42741,0.82,0.08,18,16,4.6,Seoul,0
37321,10,14,927666,56617,0.06,0.05,31,39,4.5,Other,0
37322,1,25,2186121,60617,0.27,0.06,26,36,5.0,Other,0
37323,46,2,98669,39001,0.49,0.05,3,4,3.8,Seoul,0
37324,42,7,248267,44408,0.46,0.27,15,21,3.0,Metro,0
37325,27,2,56052,34271,0.29,0.04,11,0,4.0,Other,0
37326,20,3,112260,39498,0.67,0.05,17,0,4.7,Metro,0
37327,13,6,170886,38054,0.5,0.67,23,20,4.2,Metro,0
37328,66,2,64506,35494,0.16,0.04,7,2,4.2,Metro,0
37329,12,10,533419,41771,0.88,0.08,20,16,4.4,Seoul,0
37330,93,2,70534,45815,0.2,0.06,6,2,3.1,Metro,0
37331,7,5,130060,36396,0.84,0.14,17,19,5.0,Other,0
37332,29,4,154673,53091,0.56,0.13,14,13,4.4,Other,0
37333,103,2,78055,33278,0.19,0.17,0,1,3.4,Other,0
37334,36,4,170642,46826,0.29,0.06,10,10,4.3,Metro,0
37335,71,0,1003,38910,0.56,0.1,3,7,3.8,Metro,0
37336,0,5,197886,48407,0.3,0.45,16,11,3.5,Metro,0
37337,11,6,249751,51876,0.49,0.11,7,10,4.0,Seoul,0
37338,92,1,51618,36453,0.49,0.03,7,2,3.7,Other,0
37339,68,16,4301145,196970,0.71,0.56,23,75,1.4,Metro,-1
37340,13,11,644394,46667,0.47,0.53,17,10,3.7,Metro,0
37341,17,10,291955,38060,0.31,0.01,12,13,4.0,Metro,0
37342,13,10,305907,35039,0.87,0.09,7,13,4.5,Seoul,0
37343,26,3,167762,51005,0.53,0.06,16,6,4.4,Seoul,0
37344,9,12,801055,50915,0.27,0.03,21,26,4.9,Metro,0
37345,18,9,498564,50424,0.96,0.05,21,16,4.9,Seoul,0
37346,25,4,127269,32903,0.3,0.06,11,16,3.9,Metro,0
37347,13,5,257628,53464,0.86,0.11,23,19,5.0,Seoul,0
37348,103,4,132516,27270,0.45,0.13,10,1,5.0,Seoul,0
37349,17,10,332969,29459,0.62,0.1,23,24,3.9,Metro,0
37350,11,15,959125,55657,0.25,0.01,29,37,4.7,Metro,0
37351,6,13,629963,49734,0.14,0.05,18,41,4.9,Seoul,0
37352,10,10,305467,46075,0.88,0.08,12,24,4.7,Metro,0
37353,41,4,154751,49636,0.24,0.63,13,10,3.7,Other,0
37354,8,4,130087,42799,0.58,0.04,14,8,3.6,Other,0
37355,56,2,107896,39763,0.41,0.18,4,0,4.4,Metro,0
37356,81,3,84048,25797,0.24,0.07,3,1,4.4,Other,0
37357,34,6,171807,34788,0.25,0.09,16,18,3.7,Metro,0
37358,9,19,1326301,60794,0.18,0.06,27,37,5.0,Seoul,0
37359,17,8,404481,48013,0.75,0.18,21,20,4.6,Other,0
37360,141,37,374682,84712,0.89,0.43,24,52,4.3,Other,-1
37361,79,3,56725,34414,0.27,0.12,8,4,3.8,Metro,0
37362,41,5,274728,58477,0.44,0.08,15,5,3.7,Metro,0
37363,17,3,102146,46136,0.44,0.32,15,11,4.4,Metro,0
37364,35,6,155063,29531,0.22,0.15,13,12,4.1,Metro,0
37365,14,9,259984,33518,0.57,0.07,26,18,4.5,Seoul,0
37366,9,9,477973,42150,0.09,0.06,30,49,4.6,Other,0
37367,9,9,515487,38698,0.77,0.12,31,20,4.2,Metro,0
37368,20,10,246015,36900,0.24,0.08,1,10,4.4,Seoul,0
37369,7,12,412038,39391,0.3,0.4,9,3,4.5,Metro,0
37370,30,6,219902,31746,0.29,0.73,9,6,3.3,Other,0
37371,15,13,529057,37961,0.7,0.11,20,29,4.1,Metro,0
37372,26,8,845639,70521,0.5,0.16,8,11,4.3,Seoul,0
37373,38,5,299163,50369,0.18,0.09,11,15,4.2,Metro,0
37374,41,6,359540,36034,0.14,0.07,16,9,4.3,Metro,0
37375,20,7,381084,51271,0.16,0.19,10,5,4.5,Seoul,0
37376,6,11,722536,62120,0.24,0.1,29,30,4.7,Metro,0
37377,3,14,891833,55315,0.2,0.07,23,36,4.5,Other,0
37378,11,11,241745,34601,0.27,0.44,20,15,3.5,Other,0
37379,97,2,55046,43337,0.14,0.09,8,2,3.2,Seoul,0
37380,58,1,28635,39351,0.1,0.02,9,4,4.7,Metro,0
37381,81,2,43352,39224,0.3,0.05,7,4,3.1,Metro,0
37382,70,5,94884,31082,0.34,0.12,4,3,3.6,Seoul,0
37383,21,7,278135,51527,0.22,0.49,13,19,4.1,Seoul,0
37384,9,19,1270617,53282,0.02,0.08,30,21,4.7,Metro,0
37385,9,21,959661,41856,0.07,0.02,19,37,5.0,Metro,0
37386,19,8,330698,44106,0.41,0.13,17,17,3.9,Seoul,0
37387,43,10,514442,66629,0.31,0.13,19,16,4.4,Metro,0
37388,11,22,518902,47162,0.1,0.12,37,47,4.9,Other,0
37389,8,18,1680153,64589,0.11,0.01,23,27,4.7,Metro,0
37390,11,8,421337,55307,0.61,0.16,23,21,4.1,Seoul,0
37391,102,33,2280508,137620,0.12,0.3,23,7,4.3,Other,-1
37392,2,16,869444,53331,0.23,0.12,29,42,4.2,Seoul,0
37393,20,9,303604,35552,0.89,0.14,12,24,4.5,Metro,0
37394,24,7,324439,43630,0.4,0.07,23,15,4.3,Seoul,0
37395,0,3,110909,40698,0.37,0.07,15,4,4.6,Metro,0
37396,30,2,69964,42348,0.55,0.11,9,6,3.4,Metro,0
37397,83,2,117781,46391,0.56,0.12,8,3,4.2,Seoul,0
37398,18,13,446409,31785,0.74,0.08,23,18,4.0,Metro,0
37399,17,9,173379,37486,0.41,0.58,11,17,3.6,Other,0
37400,15,8,394707,39501,0.2,0.06,14,13,4.4,Seoul,0
37401,22,2,87910,36560,0.12,0.08,16,19,4.4,Other,0
37402,3,8,306242,47411,0.63,0.09,8,13,4.1,Metro,0
37403,7,7,392231,45808,0.82,0.1,19,21,3.8,Seoul,0
37404,32,8,281610,32876,0.35,0.13,5,17,3.9,Seoul,0
37405,3,5,184032,38683,0.3,0.1,18,9,4.0,Seoul,0
37406,10,19,1026570,57227,0.06,0.0,20,47,4.6,Seoul,0
37407,9,4,167703,31415,0.29,0.58,24,6,3.8,Metro,0
37408,34,3,163126,49920,0.35,0.13,9,6,3.9,Seoul,0
37409,7,7,166814,40689,0.45,0.08,13,5,4.1,Seoul,0
37410,10,6,198247,50708,0.77,0.06,25,19,4.8,Seoul,0
37411,16,3,92697,37810,0.14,0.07,7,9,4.5,Metro,0
37412,29,7,325809,31067,0.38,0.23,17,24,4.0,Metro,0
37413,7,11,479459,47964,0.05,0.18,25,29,4.7,Metro,0
37414,10,6,314846,49340,0.4,0.06,3,5,4.8,Metro,0
37415,10,1,79039,57484,0.29,0.23,12,10,3.8,Seoul,0
37416,62,27,1435234,100375,0.43,0.35,79,78,2.7,Other,-1
37417,8,9,305002,34586,0.7,0.14,22,17,4.4,Metro,0
37418,31,9,311841,37263,0.39,0.13,16,11,3.8,Metro,0
37419,99,5,102084,30911,0.09,0.08,6,6,5.0,Seoul,0
37420,5,9,487617,54768,0.27,0.08,25,39,4.7,Metro,0
37421,6,18,771448,44023,0.04,0.07,16,48,4.7,Other,0
37422,10,7,244644,47065,0.72,0.11,22,21,4.6,Metro,0
37423,20,13,467092,36878,0.73,0.09,18,7,4.4,Seoul,0
37424,105,2,80817,43651,0.29,0.07,8,4,4.8,Seoul,0
37425,23,8,213069,34708,0.31,0.03,10,1,4.1,Other,0
37426,19,6,339789,46362,0.93,0.07,16,15,4.7,Other,0
37427,8,2,61328,37219,0.35,0.49,26,19,3.5,Seoul,0
37428,11,7,175732,41740,0.62,0.1,29,13,4.3,Other,0
37429,32,8,279638,50367,0.25,0.15,18,4,4.3,Other,0
37430,29,11,640777,52799,0.21,0.61,15,18,3.2,Other,0
37431,73,4,163684,52376,0.17,0.01,11,5,4.3,Metro,0
37432,7,9,326910,44379,0.2,0.05,15,4,3.7,Seoul,0
37433,0,8,206466,32303,0.53,0.18,15,6,4.2,Seoul,0
37434,4,12,636642,55799,0.08,0.06,16,37,4.7,Metro,0
37435,11,16,879069,57965,0.06,0.06,21,41,4.6,Metro,0
37436,100,2,85952,48391,0.15,0.11,4,4,4.2,Metro,0
37437,1,16,1143943,57565,0.16,0.0,29,21,4.7,Seoul,0
37438,55,3,63305,25756,0.22,0.24,5,2,5.0,Seoul,0
37439,18,11,544302,55304,0.84,0.07,24,13,4.5,Seoul,0
37440,31,12,638315,36837,0.25,0.49,5,14,4.2,Metro,0
37441,38,1,24269,46511,0.23,0.08,14,10,4.0,Metro,0
37442,11,4,199014,45109,0.18,0.09,15,17,4.7,Other,0
37443,29,4,258414,46003,0.33,0.08,4,9,4.0,Seoul,0
37444,113,16,1917137,98076,0.43,0.54,11,47,1.3,Metro,-1
37445,3,17,1222559,47771,0.13,0.06,11,40,4.7,Seoul,0
37446,32,10,249613,33599,0.28,0.2,9,6,4.4,Other,0
37447,25,4,67669,32992,0.35,0.07,10,12,4.3,Seoul,0
37448,66,2,72968,34748,0.3,0.22,8,4,3.7,Other,0
37449,95,1,27381,34013,0.34,0.23,0,4,4.1,Seoul,0
37450,87,2,104705,40183,0.17,0.08,10,4,4.6,Seoul,0
37451,14,11,398341,39802,0.75,0.05,18,13,4.1,Other,0
37452,145,29,2712014,57006,0.58,0.62,67,90,3.7,Other,-1
37453,155,35,4433462,142392,0.09,0.65,31,41,3.9,Seoul,-1
37454,28,5,130614,28389,0.48,0.18,15,15,4.7,Seoul,0
37455,21,5,141878,49176,0.21,0.42,13,20,3.5,Other,0
37456,46,3,205283,53373,0.33,0.11,18,4,4.4,Metro,0
37457,18,5,172130,53660,0.21,0.06,13,6,3.8,Metro,0
37458,40,9,164617,28433,0.42,0.02,10,6,5.0,Metro,0
37459,6,20,1304903,52264,0.08,0.07,20,39,4.6,Seoul,0
37460,9,2,35686,35819,0.18,0.02,12,8,4.3,Metro,0
37461,57,3,60787,28677,0.31,0.13,0,4,4.1,Seoul,0
37462,29,7,274119,35864,0.07,0.15,14,9,4.8,Other,0
37463,13,19,1518060,59298,0.1,0.13,30,24,5.0,Seoul,0
37464,9,12,513821,45129,0.44,0.41,8,26,3.8,Metro,0
37465,17,1,46408,46120,0.18,0.69,7,11,3.7,Metro,0
37466,11,17,916448,53308,0.12,0.07,15,27,4.6,Seoul,0
37467,9,9,355347,41296,0.76,0.06,23,21,4.3,Other,0
37468,14,9,258169,33919,0.9,0.18,16,13,4.5,Seoul,0
37469,31,4,146157,51183,0.17,0.19,12,11,4.3,Metro,0
37470,24,11,571987,43779,0.49,0.1,9,8,4.2,Seoul,0
37471,7,15,916997,55474,0.67,0.08,18,8,4.8,Other,0
37472,37,6,422442,56881,0.51,0.2,6,13,4.3,Seoul,0
37473,0,3,85684,37571,0.28,0.05,7,0,4.1,Seoul,0
37474,43,3,124630,33511,0.18,0.14,5,3,4.1,Other,0
37475,69,2,52160,36832,0.19,0.15,3,1,3.4,Other,0
37476,26,6,321149,40378,0.59,0.06,7,8,3.5,Metro,0
37477,69,3,141070,45142,0.28,0.04,12,4,4.1,Other,0
37478,7,14,894919,53191,0.9,0.11,21,14,4.4,Seoul,0
37479,83,3,75657,25061,0.25,0.2,9,0,4.0,Seoul,0
37480,16,7,292399,48490,0.24,0.7,21,10,1.8,Seoul,0
37481,29,5,179289,30942,0.57,0.11,6,2,3.8,Metro,0
37482,23,5,161078,31768,0.38,0.6,7,9,3.6,Metro,0
37483,17,7,143607,36373,0.55,0.06,13,13,4.3,Metro,0
37484,13,2,75211,34808,0.31,0.17,9,6,4.9,Seoul,0
37485,4,11,432494,40766,0.76,0.05,19,16,4.4,Other,0
37486,13,6,420860,52465,0.38,0.4,15,8,3.8,Metro,0
37487,7,12,652169,46899,0.61,0.08,26,14,4.5,Seoul,0
37488,0,14,840751,52702,0.12,0.05,30,40,4.2,Seoul,0
37489,15,12,800164,56360,0.88,0.1,11,33,4.4,Metro,0
37490,12,16,1367732,70228,0.19,0.01,15,33,5.0,Metro,0
37491,17,7,409317,47456,0.21,0.32,10,10,3.6,Metro,0
37492,13,11,492479,41429,0.45,0.58,13,17,2.4,Metro,0
37493,18,5,179846,60304,0.57,0.14,1,14,4.5,Other,0
37494,12,14,624660,47392,0.05,0.04,17,44,4.5,Metro,0
37495,10,4,189962,47413,0.34,0.23,8,12,4.6,Metro,0
37496,47,11,416594,36727,0.22,0.05,11,7,4.4,Other,0
37497,12,5,208733,50658,0.95,0.14,18,8,4.4,Other,0
37498,21,10,425511,45309,0.16,0.01,13,16,4.0,Other,0
37499,25,10,293444,28314,0.19,0.08,12,15,4.3,Seoul,0
37500,2,15,982671,63643,0.17,0.05,21,37,4.9,Seoul,0
37501,11,8,277866,41195,0.3,0.18,17,3,3.5,Seoul,0
37502,50,7,150203,27937,0.44,0.16,19,0,5.0,Seoul,0
37503,12,9,437766,39848,0.8,0.25,29,18,4.9,Other,0
37504,87,3,94878,37090,0.26,0.08,6,3,3.6,Metro,0
37505,22,10,509234,47329,0.11,0.06,14,10,5.0,Seoul,0
37506,18,7,270401,41502,0.61,0.25,13,9,4.3,Metro,0
37507,13,2,109249,41768,0.46,0.2,8,3,2.9,Metro,0
37508,19,8,581026,50378,0.51,0.07,15,14,4.1,Metro,0
37509,22,9,339746,49677,0.24,0.08,11,17,4.3,Metro,0
37510,21,8,301114,38004,0.49,0.11,18,18,4.8,Metro,0
37511,9,7,247848,52133,0.17,0.14,12,20,4.3,Other,0
37512,35,8,282063,32346,0.27,0.1,11,5,3.9,Other,0
37513,0,26,1539655,45763,0.01,0.08,33,35,4.6,Other,0
37514,12,6,397082,66718,0.23,0.07,14,17,4.4,Seoul,0
37515,35,7,254394,30937,0.42,0.05,9,2,4.3,Other,0
37516,9,8,306667,49708,0.32,0.21,20,0,4.3,Other,0
37517,27,3,85299,54192,0.42,0.02,4,4,4.4,Other,0
37518,13,4,244811,44621,0.57,0.05,7,10,3.9,Metro,0
37519,120,5,154098,33272,0.28,0.03,6,3,4.3,Metro,0
37520,7,17,1328222,60238,0.17,0.04,18,34,4.8,Other,0
37521,11,18,1202450,60665,0.09,0.12,12,37,4.7,Seoul,0
37522,60,3,64273,38189,0.21,0.03,7,1,4.6,Metro,0
37523,36,2,60302,33304,0.33,0.05,1,3,3.5,Metro,0
37524,12,13,526249,41384,0.77,0.03,22,17,4.3,Metro,0
37525,26,11,252379,29977,0.82,0.19,17,17,4.5,Other,0
37526,6,9,421813,47423,0.8,0.1,22,6,4.2,Metro,0
37527,16,8,322811,33702,0.46,0.3,17,12,3.9,Other,0
37528,31,6,281838,36032,0.38,0.06,20,8,3.4,Other,0
37529,56,4,83274,28559,0.27,0.07,14,5,4.1,Metro,0
37530,5,14,641604,50700,0.96,0.04,18,18,4.8,Other,0
37531,13,13,577701,50917,0.03,0.06,14,41,4.9,Other,0
37532,4,20,945993,45260,0.08,0.04,28,39,4.7,Other,0
37533,109,3,58905,41144,0.28,0.04,6,2,4.6,Other,0
37534,14,19,606451,39237,0.09,0.08,14,32,4.6,Metro,0
37535,8,10,342961,50748,0.71,0.15,25,19,4.1,Metro,0
37536,16,8,304197,40599,0.15,0.34,11,3,3.5,Metro,0
37537,39,6,246049,33800,0.23,0.12,22,9,4.1,Seoul,0
37538,47,7,296444,42955,0.52,0.43,9,11,4.0,Seoul,0
37539,0,19,1064840,50079,0.13,0.04,29,45,4.8,Other,0
37540,64,5,3188626,80379,0.02,0.88,7,102,4.6,Other,-1
37541,33,2,77329,42406,0.24,0.37,8,14,3.4,Seoul,0
37542,75,5,218729,60171,0.2,0.12,11,4,4.6,Metro,0
37543,29,1,60288,50128,0.26,0.1,12,10,4.0,Metro,0
37544,36,4,264645,47990,0.52,0.38,7,11,4.1,Seoul,0
37545,25,6,204216,47353,0.43,0.14,14,4,4.6,Other,0
37546,18,10,575063,44466,0.68,0.09,14,21,4.7,Seoul,0
37547,13,6,218126,43500,0.26,0.11,14,11,4.9,Other,0
37548,6,17,1149067,59210,0.01,0.12,22,40,4.6,Other,0
37549,5,20,976750,46379,0.27,0.07,22,38,4.3,Metro,0
37550,12,21,1350594,55776,0.05,0.05,24,36,4.6,Seoul,0
37551,4,6,251983,30430,0.24,0.16,17,17,3.7,Seoul,0
37552,32,8,715267,58310,0.37,0.1,14,9,4.7,Metro,0
37553,18,11,374111,35015,0.67,0.2,19,25,4.1,Metro,0
37554,21,11,597569,44238,0.86,0.03,20,6,4.7,Other,0
37555,22,5,228017,41424,0.42,0.04,25,3,4.0,Other,0
37556,23,8,346013,51724,0.25,0.41,13,19,4.4,Metro,0
37557,13,13,420103,37578,0.71,0.17,20,17,3.8,Other,0
37558,11,13,479357,45676,0.71,0.04,20,33,4.1,Other,0
37559,25,9,64205,39579,0.33,0.16,18,19,4.1,Other,0
37560,20,4,175037,45076,0.37,0.03,18,10,4.0,Metro,0
37561,21,7,362492,52793,0.39,0.61,14,4,3.3,Seoul,0
37562,25,8,171903,36653,0.51,0.09,21,24,4.4,Seoul,0
37563,12,17,875611,43189,0.03,0.05,17,39,5.0,Seoul,0
37564,95,0,7851,37195,0.19,0.11,3,4,3.8,Seoul,0
37565,0,10,525314,45632,0.89,0.11,20,9,5.0,Metro,0
37566,16,8,294169,28076,0.08,0.05,8,9,3.9,Seoul,0
37567,11,16,950694,53129,0.08,0.02,23,20,4.3,Other,0
37568,33,5,184572,42478,0.43,0.03,17,18,4.7,Metro,0
37569,10,8,620958,75609,0.54,0.41,6,9,3.2,Seoul,0
37570,15,3,160468,45617,0.26,0.57,7,11,3.6,Metro,0
37571,45,9,274714,41120,0.51,0.06,18,6,3.9,Seoul,0
37572,18,11,552337,55954,0.27,0.68,7,16,4.1,Seoul,0
37573,2,20,771273,45824,0.09,0.02,15,37,4.7,Metro,0
37574,64,2,112942,32191,0.44,0.13,8,1,4.4,Metro,0
37575,10,12,706596,54376,0.06,0.05,30,48,4.7,Other,0
37576,28,5,209437,39734,0.4,0.52,7,11,3.6,Seoul,0
37577,16,10,284298,36779,0.33,0.68,13,7,4.1,Metro,0
37578,9,13,791237,50991,0.06,0.06,16,37,5.0,Metro,0
37579,0,16,1016414,45477,0.01,0.03,25,36,4.5,Metro,0
37580,65,2,78836,32167,0.5,0.14,2,3,3.8,Other,0
37581,14,13,677921,51262,0.84,0.09,14,19,4.4,Other,0
37582,11,7,336903,41459,0.31,0.19,17,12,4.8,Metro,0
37583,17,9,333624,44640,0.8,0.05,16,12,4.5,Seoul,0
37584,3,3,146847,53984,0.28,0.15,4,1,4.4,Other,0
37585,22,6,180719,31748,0.35,0.05,8,6,4.4,Metro,0
37586,41,0,11660,45478,0.17,0.15,0,3,4.3,Other,0
37587,61,11,618514,28067,0.34,0.69,1,31,1.6,Metro,0
37588,11,7,232381,40554,0.21,0.64,15,14,4.1,Seoul,0
37589,16,7,173963,42652,0.17,0.03,8,3,3.9,Other,0
37590,68,3,66742,30984,0.2,0.09,9,3,3.5,Seoul,0
37591,75,2,84860,48397,0.51,0.22,7,0,3.1,Other,0
37592,17,10,393296,37302,0.26,0.45,11,12,3.9,Other,0
37593,39,7,144434,37454,0.23,0.11,11,9,5.0,Metro,0
37594,31,7,338645,41058,0.26,0.13,11,13,4.2,Seoul,0
37595,48,5,189674,50486,0.58,0.14,28,9,3.8,Other,0
37596,38,5,277715,41842,0.36,0.23,10,13,4.1,Other,0
37597,27,5,177877,44299,0.93,0.07,17,15,4.7,Other,0
37598,26,2,114804,40529,0.23,0.04,12,10,4.1,Other,0
37599,92,0,3893,24906,0.27,0.04,4,0,4.2,Metro,0
37600,92,39,4565692,56995,0.44,0.48,2,93,3.8,Other,-1
37601,28,12,652906,55099,0.33,0.51,21,9,3.6,Metro,0
37602,25,7,309336,60894,0.3,0.46,22,4,3.1,Metro,0
37603,30,7,301087,50061,0.56,0.03,13,15,4.3,Seoul,0
37604,14,11,359842,28392,0.21,0.03,22,13,4.1,Metro,0
37605,30,6,315820,38763,0.41,0.03,15,13,3.8,Seoul,0
37606,21,13,755753,50646,0.19,0.35,4,18,3.7,Seoul,0
37607,41,7,246214,35292,0.27,0.08,11,7,3.7,Seoul,0
37608,11,19,1110643,47527,0.03,0.01,19,39,4.8,Seoul,0
37609,2,6,356854,48391,0.81,0.12,18,30,4.1,Seoul,0
37610,17,6,119964,22469,0.14,0.06,11,2,4.2,Metro,0
37611,22,8,326436,44251,0.59,0.14,17,10,3.3,Other,0
37612,33,5,189989,39204,0.43,0.07,19,15,4.9,Metro,0
37613,43,6,262839,47621,0.25,0.13,15,8,4.1,Seoul,0
37614,86,2,46307,39539,0.42,0.16,0,5,4.3,Metro,0
37615,115,4,173775,43307,0.24,0.15,5,5,4.3,Metro,0
37616,16,6,379288,47900,0.19,0.11,10,7,4.5,Metro,0
37617,11,6,322405,54392,0.82,0.16,17,24,3.5,Seoul,0
37618,28,8,315280,48536,0.14,0.04,9,12,4.1,Seoul,0
37619,25,12,612647,47563,0.33,0.29,15,1,4.7,Metro,0
37620,22,7,385562,47437,0.35,0.12,20,0,3.9,Seoul,0
37621,4,8,288339,41249,0.68,0.05,24,9,4.9,Other,0
37622,3,2,123518,51593,0.35,0.24,16,14,5.0,Seoul,0
37623,6,12,689431,44489,0.07,0.04,20,33,4.7,Metro,0
37624,2,14,953045,63662,0.21,0.07,40,45,4.5,Other,0
37625,72,4,215392,44100,0.43,0.1,7,3,3.5,Metro,0
37626,6,15,1049696,52119,0.04,0.07,22,28,4.7,Seoul,0
37627,18,9,403979,44759,0.33,0.63,15,10,3.3,Seoul,0
37628,12,8,206441,45594,0.32,0.63,4,12,4.5,Seoul,0
37629,8,16,809609,37382,0.13,0.04,17,31,4.6,Seoul,0
37630,16,3,133883,46229,0.17,0.16,11,11,4.2,Seoul,0
37631,10,9,385761,44931,0.32,0.11,11,12,3.6,Other,0
37632,23,2,59729,41495,0.28,0.2,2,11,3.9,Other,0
37633,20,7,367400,45320,0.34,0.14,18,3,4.3,Other,0
37634,11,4,192480,47678,0.32,0.04,6,6,4.0,Other,0
37635,7,15,1006560,50014,0.08,0.06,19,30,4.6,Other,0
37636,1,16,1168198,62318,0.15,0.02,13,50,4.9,Metro,0
37637,80,2,51530,43538,0.24,0.08,3,5,2.7,Metro,0
37638,16,3,176931,48243,0.46,0.42,15,15,4.1,Seoul,0
37639,22,13,566296,47416,0.39,0.1,18,8,4.7,Seoul,0
37640,75,2,60601,40128,0.33,0.09,6,0,4.3,Metro,0
37641,15,16,1211846,48909,0.17,0.1,21,33,4.8,Metro,0
37642,13,5,359353,60927,0.44,0.61,20,6,3.5,Metro,0
37643,1,7,256119,45647,0.69,0.05,13,13,4.6,Metro,0
37644,47,3,89229,41383,0.41,0.04,13,13,3.7,Other,0
37645,17,4,401225,62098,0.35,0.07,23,8,3.8,Seoul,0
37646,13,12,551967,52579,0.69,0.1,9,18,4.3,Seoul,0
37647,11,14,929991,66982,0.15,0.09,33,31,4.8,Metro,0
37648,61,4,149417,47229,0.31,0.14,4,3,4.6,Metro,0
37649,20,8,404288,46685,0.78,0.05,28,16,4.4,Other,0
37650,20,8,548387,56782,0.17,0.15,18,12,3.8,Metro,0
37651,102,3,600843,38341,0.44,0.47,26,111,2.7,Seoul,-1
37652,22,13,238496,27983,0.91,0.06,14,20,4.7,Other,0
37653,16,4,205852,42923,0.33,0.1,12,17,4.4,Seoul,0
37654,6,13,947582,48147,0.23,0.05,24,18,4.8,Metro,0
37655,10,6,200461,36991,0.82,0.04,24,13,4.4,Metro,0
37656,6,4,174791,57497,0.27,0.1,9,11,3.7,Metro,0
37657,47,4,117939,35021,0.57,0.07,13,12,4.5,Other,0
37658,3,4,97246,31873,0.26,0.09,12,12,4.5,Seoul,0
37659,6,20,1504119,59027,0.06,0.02,27,28,4.9,Metro,0
37660,4,6,452294,67082,0.38,0.14,5,0,4.2,Other,0
37661,83,0,2880,30072,0.54,0.16,2,2,3.0,Other,0
37662,10,8,411470,53924,0.42,0.3,16,16,3.5,Metro,0
37663,34,11,402564,38621,0.32,0.03,19,12,3.8,Seoul,0
37664,11,6,383887,61790,0.2,0.41,9,16,2.9,Other,0
37665,8,8,656557,63293,0.07,0.04,17,39,5.0,Metro,0
37666,69,3,115405,32847,0.5,0.03,6,1,3.7,Seoul,0
37667,0,11,273381,24819,0.25,0.02,11,9,4.3,Metro,0
37668,108,0,6521,34776,0.15,0.01,0,1,3.4,Metro,0
37669,34,11,423572,35592,0.44,0.27,11,8,3.9,Other,0
37670,35,6,274232,39139,0.3,0.21,3,12,4.3,Other,0
37671,16,8,436592,42772,0.54,0.57,20,8,3.4,Metro,0
37672,19,8,428175,47257,0.49,0.16,21,16,4.4,Seoul,0
37673,23,8,181003,43813,0.14,0.67,10,9,4.6,Metro,0
37674,59,4,243878,49868,0.28,0.09,8,6,4.0,Metro,0
37675,68,3,138306,41730,0.25,0.16,6,2,4.6,Metro,0
37676,15,8,618017,50280,0.43,0.15,10,8,3.9,Seoul,0
37677,13,9,340611,39199,0.71,0.2,14,13,5.0,Other,0
37678,19,4,207136,48004,0.44,0.65,15,7,3.8,Seoul,0
37679,17,6,69467,37578,0.11,0.49,9,10,3.5,Metro,0
37680,22,11,451364,53189,0.29,0.53,16,15,3.8,Seoul,0
37681,7,5,108958,39749,0.34,0.65,12,4,3.5,Seoul,0
37682,25,6,255502,43295,0.21,0.15,16,16,4.0,Seoul,0
37683,50,0,14031,43455,0.37,0.09,8,4,3.8,Metro,0
37684,24,4,106925,30298,0.25,0.32,8,19,3.6,Other,0
37685,2,15,921416,58602,0.12,0.14,21,39,4.6,Metro,0
37686,15,1,25303,16549,0.33,0.13,7,11,4.4,Other,0
37687,82,2,63622,36567,0.12,0.11,9,4,3.6,Other,0
37688,18,2,88897,47390,0.29,0.04,11,14,4.1,Metro,0
37689,48,3,127954,44534,0.34,0.07,5,5,4.1,Seoul,0
37690,75,0,3424,25584,0.24,0.06,0,4,2.8,Other,0
37691,8,14,788657,44004,0.03,0.02,23,30,4.9,Other,0
37692,52,2,46565,34729,0.29,0.05,5,2,4.3,Metro,0
37693,55,3,66729,36261,0.19,0.01,3,0,4.4,Other,0
37694,18,11,691174,52082,0.87,0.08,17,16,4.0,Metro,0
37695,22,12,832909,55005,0.65,0.13,17,22,4.6,Metro,0
37696,23,6,354353,43533,0.34,0.05,13,8,4.5,Other,0
37697,13,7,316215,37868,0.79,0.06,20,20,4.0,Metro,0
37698,19,3,104789,53842,0.3,0.09,17,4,4.8,Seoul,0
37699,2,18,1162163,47460,0.09,0.05,18,30,4.4,Metro,0
37700,32,4,240044,37255,0.36,0.12,18,12,4.0,Metro,0
37701,22,12,350992,34772,0.74,0.15,14,14,4.9,Seoul,0
37702,23,7,197937,40533,0.22,0.14,12,5,3.7,Other,0
37703,30,0,7892,38103,0.44,0.27,6,7,4.4,Metro,0
37704,20,10,430025,37439,0.25,0.01,9,10,4.7,Seoul,0
37705,60,0,636,34205,0.29,0.01,10,5,3.9,Metro,0
37706,33,6,184858,46405,0.11,0.09,17,9,3.8,Metro,0
37707,6,4,147173,39472,0.85,0.12,17,25,4.5,Other,0
37708,90,3,133017,35430,0.34,0.09,5,5,3.7,Metro,0
37709,73,2,93009,42375,0.39,0.05,9,8,3.8,Seoul,0
37710,36,5,209692,38834,0.45,0.03,6,10,3.9,Metro,0
37711,73,4,162347,39907,0.46,0.11,10,5,3.8,Seoul,0
37712,1,4,68960,27790,0.12,0.05,15,15,4.1,Metro,0
37713,86,2,85392,47549,0.21,0.26,4,2,3.9,Other,0
37714,19,12,462421,39068,0.83,0.08,18,24,4.2,Seoul,0
37715,21,5,224747,52753,0.77,0.05,24,18,3.9,Seoul,0
37716,7,10,578385,64361,0.04,0.0,24,50,4.2,Metro,0
37717,30,7,311753,54760,0.46,0.04,24,15,4.8,Metro,0
37718,17,4,158510,44928,0.25,0.17,17,15,3.9,Seoul,0
37719,20,9,470680,48871,0.34,0.13,14,11,4.4,Metro,0
37720,62,1,31932,21310,0.65,0.01,6,2,3.1,Other,0
37721,21,10,305216,34753,0.76,0.08,16,16,4.3,Metro,0
37722,66,31,2003081,123829,0.7,0.84,17,73,1.7,Seoul,-1
37723,2,14,725708,48563,0.34,0.09,26,57,5.0,Metro,0
37724,36,1,49041,49906,0.4,0.07,6,0,4.1,Metro,0
37725,26,4,142251,41069,0.36,0.14,14,8,4.7,Other,0
37726,53,2,49175,32802,0.22,0.12,13,1,3.7,Seoul,0
37727,3,16,657758,62805,0.27,0.09,25,44,4.6,Other,0
37728,6,12,489554,47197,0.44,0.04,13,29,4.5,Seoul,0
37729,22,6,247134,41115,0.21,0.09,10,7,4.4,Other,0
37730,13,12,879724,51715,0.93,0.04,15,28,4.7,Seoul,0
37731,33,9,369694,33237,0.32,0.08,13,11,4.5,Seoul,0
37732,69,2,138596,48528,0.38,0.06,10,0,3.9,Seoul,0
37733,16,4,174565,47735,0.85,0.09,20,9,4.1,Other,0
37734,17,8,401542,45055,0.6,0.14,9,25,4.2,Metro,0
37735,27,7,350240,50667,0.28,0.1,7,16,4.1,Seoul,0
37736,74,4,144875,34660,0.07,0.14,3,4,3.6,Seoul,0
37737,16,5,157230,28971,0.25,0.06,6,12,3.8,Seoul,0
37738,86,2,69816,40956,0.32,0.14,4,5,4.1,Metro,0
37739,14,20,1112873,51558,0.03,0.03,21,47,4.8,Seoul,0
37740,72,1,14615,29386,0.54,0.03,5,8,4.6,Other,0
37741,38,4,117764,44755,0.53,0.11,11,9,4.4,Other,0
37742,95,2,57915,28271,0.11,0.12,4,9,4.0,Seoul,0
37743,38,6,162286,47647,0.24,0.17,9,14,4.5,Seoul,0
37744,0,3,140286,33584,0.32,0.35,4,12,3.6,Metro,0
37745,25,5,121918,31088,0.21,0.06,8,10,4.0,Metro,0
37746,18,7,493484,54054,0.42,0.07,7,9,4.1,Metro,0
37747,16,5,176712,25118,0.13,0.09,11,13,4.4,Seoul,0
37748,45,4,145865,31041,0.43,0.07,8,12,3.5,Seoul,0
37749,15,11,353656,40865,0.81,0.11,24,28,4.3,Seoul,0
37750,23,9,407912,42691,0.24,0.05,12,7,4.0,Other,0
37751,27,7,411092,49416,0.55,0.21,9,3,4.2,Seoul,0
37752,24,11,784453,54943,0.79,0.09,18,22,4.2,Seoul,0
37753,4,4,254079,65291,0.37,0.31,12,13,3.6,Metro,0
37754,30,4,96541,30688,0.29,0.06,9,11,4.1,Metro,0
37755,82,1,18597,42649,0.27,0.1,5,3,3.1,Seoul,0
37756,23,9,503613,57032,0.46,0.63,18,15,4.5,Seoul,0
37757,7,17,911213,56131,0.19,0.08,29,49,4.5,Metro,0
37758,8,11,522629,43911,0.08,0.08,20,53,4.4,Metro,0
37759,5,10,346126,40283,0.83,0.12,20,15,4.2,Seoul,0
37760,0,5,203214,49512,0.41,0.1,11,8,4.4,Other,0
37761,47,3,47758,16688,0.44,0.02,4,2,3.9,Seoul,0
37762,35,5,238356,50046,0.13,0.45,21,5,2.5,Metro,0
37763,12,2,111906,48638,0.76,0.17,19,16,4.1,Other,0
37764,2,13,300456,40889,0.77,0.1,15,28,4.5,Seoul,0
37765,14,8,192663,50359,0.1,0.14,4,8,3.4,Metro,0
37766,0,14,1186698,50134,0.19,0.04,20,33,4.6,Other,0
37767,51,4,162012,39443,0.38,0.07,8,7,4.2,Seoul,0
37768,24,3,77525,28279,0.14,0.03,6,2,4.0,Metro,0
37769,15,3,141768,53081,0.23,0.45,12,9,3.2,Metro,0
37770,0,6,275271,44176,0.36,0.1,18,9,3.6,Seoul,0
37771,5,20,1354167,47998,0.12,0.09,31,28,4.8,Seoul,0
37772,9,11,516533,56805,0.11,0.07,15,50,4.6,Metro,0
37773,8,16,1059019,55746,0.1,0.08,12,27,4.6,Other,0
37774,24,6,283774,52198,0.31,0.28,20,12,2.5,Seoul,0
37775,7,5,238660,53509,0.34,0.18,15,10,4.5,Other,0
37776,55,3,143120,44133,0.19,0.13,6,2,3.9,Metro,0
37777,18,13,448389,29108,0.6,0.08,13,23,4.3,Seoul,0
37778,20,4,292070,56735,0.37,0.1,12,7,4.1,Seoul,0
37779,18,9,463196,40113,0.74,0.12,14,21,4.4,Seoul,0
37780,13,3,167755,38355,0.2,0.13,4,6,3.8,Metro,0
37781,16,6,149711,35502,0.45,0.13,7,1,3.7,Other,0
37782,37,10,282314,40906,0.76,0.06,10,32,4.5,Other,0
37783,11,4,240885,41563,0.32,0.2,11,10,4.4,Seoul,0
37784,21,11,510525,40996,0.69,0.17,20,12,4.0,Other,0
37785,78,2,29253,34685,0.23,0.11,9,8,3.5,Metro,0
37786,3,9,448686,43942,0.26,0.53,11,7,3.4,Seoul,0
37787,23,5,170426,33269,0.32,0.07,14,14,4.2,Metro,0
37788,29,8,611732,54260,0.44,0.04,9,11,4.4,Other,0
37789,30,4,165113,47399,0.36,0.14,15,3,4.1,Metro,0
37790,16,13,341384,37378,0.93,0.05,17,17,4.6,Seoul,0
37791,15,7,418220,42963,0.34,0.24,11,6,3.4,Metro,0
37792,37,8,519068,53063,0.22,0.1,16,5,4.8,Seoul,0
37793,16,10,486847,46380,0.77,0.04,10,19,4.5,Other,0
37794,82,2,34585,30942,0.11,0.01,4,0,3.9,Other,0
37795,27,6,265380,49960,0.28,0.05,14,5,4.4,Seoul,0
37796,38,7,273040,51769,0.26,0.17,16,6,4.6,Other,0
37797,12,8,354633,47160,0.81,0.1,15,17,4.5,Other,0
37798,28,4,185614,47995,0.23,0.03,12,7,3.6,Metro,0
37799,73,2,91236,50182,0.44,0.09,1,6,4.3,Other,0
37800,15,10,492201,39859,0.89,0.09,21,7,4.4,Seoul,0
37801,16,9,356820,39800,0.71,0.09,24,24,4.3,Seoul,0
37802,22,8,522966,55738,0.23,0.1,9,21,5.0,Metro,0
37803,77,2,147348,52995,0.19,0.16,5,1,3.8,Seoul,0
37804,101,2,62255,38003,0.31,0.17,4,2,4.6,Metro,0
37805,0,9,354333,34645,0.9,0.12,12,13,4.4,Metro,0
37806,22,8,237934,30666,0.12,0.11,16,7,4.5,Seoul,0
37807,29,10,469899,47701,0.61,0.19,13,0,5.0,Seoul,0
37808,15,4,194116,43781,0.78,0.11,29,13,4.4,Seoul,0
37809,100,25,2839901,92557,0.43,0.01,27,38,4.0,Seoul,-1
37810,0,16,1180518,58701,0.05,0.03,17,27,4.6,Metro,0
37811,8,14,762336,51076,0.14,0.05,24,27,4.9,Metro,0
37812,40,9,448075,57141,0.24,0.02,13,15,4.2,Other,0
37813,27,7,178956,40144,0.19,0.15,14,11,4.3,Other,0
37814,15,11,486754,51645,0.89,0.07,13,16,4.0,Seoul,0
37815,28,13,510002,37853,0.06,0.16,18,14,4.4,Seoul,0
37816,26,13,610316,51650,0.83,0.08,9,17,4.9,Seoul,0
37817,32,8,250013,39678,0.15,0.12,14,10,3.7,Other,0
37818,4,9,488920,43018,0.49,0.06,17,17,4.4,Seoul,0
37819,18,8,368929,57577,0.19,0.7,10,19,3.9,Metro,0
37820,75,4,230776,48190,0.1,0.01,10,0,3.6,Seoul,0
37821,8,5,309269,52727,0.48,0.1,0,11,4.3,Metro,0
37822,28,5,309875,43053,0.43,0.3,15,15,4.2,Seoul,0
37823,13,12,331847,37806,0.73,0.06,27,17,4.2,Other,0
37824,9,12,590099,55938,0.74,0.07,13,24,4.4,Metro,0
37825,33,8,218794,52461,0.36,0.48,14,10,3.0,Metro,0
37826,16,9,465937,39465,0.58,0.1,26,25,4.7,Seoul,0
37827,14,6,297755,53192,0.39,0.24,19,15,4.1,Other,0
37828,8,27,1446549,47558,0.24,0.04,30,34,4.9,Other,0
37829,22,3,163679,47348,0.33,0.18,17,8,4.2,Seoul,0
37830,15,9,362548,34888,0.94,0.18,15,16,4.3,Other,0
37831,19,8,305801,32255,0.21,0.4,7,10,3.2,Seoul,0
37832,25,6,198121,51433,0.23,0.17,7,11,4.8,Metro,0
37833,12,14,935911,56462,0.08,0.03,18,19,4.6,Metro,0
37834,54,6,220798,43438,0.09,0.12,9,16,4.0,Metro,0
37835,8,3,4242470,10766,0.36,0.84,3,27,2.5,Seoul,-1
37836,13,13,302544,32467,0.71,0.16,17,14,4.5,Metro,0
37837,5,12,510360,34466,0.75,0.18,11,17,3.7,Metro,0
37838,0,9,282222,31040,0.27,0.07,24,15,4.5,Other,0
37839,27,6,120447,21118,0.21,0.14,14,22,4.4,Metro,0
37840,13,13,613314,44336,0.76,0.04,24,13,3.8,Seoul,0
37841,37,5,168707,39466,0.29,0.07,30,8,4.3,Seoul,0
37842,10,7,313234,40198,0.75,0.07,24,18,4.4,Seoul,0
37843,99,32,2333230,5302,0.18,0.1,24,102,2.2,Other,-1
37844,31,10,225189,20261,0.48,0.12,11,8,4.2,Metro,0
37845,0,13,735550,63627,0.26,0.12,22,30,4.7,Other,0
37846,12,7,274233,37576,0.7,0.05,15,12,4.5,Metro,0
37847,31,2,85773,42153,0.43,0.13,18,2,3.8,Seoul,0
37848,19,8,298428,36068,0.71,0.05,18,31,4.7,Seoul,0
37849,9,6,116841,34397,0.47,0.07,21,19,4.6,Other,0
37850,16,2,137815,48951,0.4,0.15,8,5,3.7,Other,0
37851,20,7,330846,43213,0.35,0.12,14,6,4.3,Other,0
37852,15,6,88676,17562,0.33,0.04,6,12,4.0,Metro,0
37853,16,5,260511,39180,0.15,0.07,15,9,4.3,Metro,0
37854,82,2,54718,50136,0.33,0.03,9,5,3.4,Other,0
37855,12,5,211002,35771,0.67,0.06,16,15,3.9,Other,0
37856,22,1,50935,47693,0.18,0.14,9,7,4.2,Metro,0
37857,18,10,255062,49108,0.66,0.14,25,22,4.8,Seoul,0
37858,12,10,642618,54623,0.93,0.09,17,11,4.0,Seoul,0
37859,36,4,186164,54243,0.52,0.06,7,9,4.8,Other,0
37860,13,3,3634055,152883,0.99,0.4,59,73,4.8,Seoul,-1
37861,27,9,371195,42766,0.25,0.13,15,9,4.5,Seoul,0
37862,54,36,3558683,74417,0.22,0.37,30,12,4.2,Metro,-1
37863,3,19,1143107,52391,0.11,0.06,17,43,4.7,Seoul,0
37864,107,2,70926,37869,0.14,0.12,10,5,3.8,Seoul,0
37865,31,8,503892,47028,0.4,0.03,8,3,3.7,Seoul,0
37866,39,2,52559,33902,0.62,0.05,9,1,2.9,Metro,0
37867,10,14,767694,58697,0.04,0.05,34,35,4.8,Seoul,0
37868,32,10,520042,55056,0.8,0.09,15,14,4.7,Seoul,0
37869,0,4,246220,59399,0.31,0.06,9,17,4.4,Seoul,0
37870,20,5,126334,43045,0.28,0.26,4,9,4.5,Metro,0
37871,0,16,807791,54389,0.22,0.01,21,40,4.5,Seoul,0
37872,110,16,1365593,92742,0.46,0.35,78,117,4.7,Other,-1
37873,16,10,526109,46810,0.73,0.21,10,21,4.3,Metro,0
37874,13,11,678514,46509,0.09,0.07,37,33,5.0,Metro,0
37875,43,5,132824,29417,0.3,0.08,9,7,4.6,Metro,0
37876,7,20,1386873,63462,0.1,0.06,24,43,4.7,Metro,0
37877,26,4,177271,38578,0.35,0.02,9,9,4.0,Metro,0
37878,24,5,179571,36082,0.54,0.16,14,6,4.5,Seoul,0
37879,3,4,149400,32696,0.36,0.33,13,12,3.9,Metro,0
37880,13,4,153880,49877,0.44,0.56,18,20,3.8,Metro,0
37881,5,5,174435,38554,0.78,0.08,12,19,5.0,Seoul,0
37882,11,14,1093154,55671,0.02,0.04,27,39,4.7,Other,0
37883,8,8,326969,37325,0.5,0.14,21,24,4.2,Seoul,0
37884,60,6,177695,32325,0.35,0.1,13,16,4.8,Seoul,0
37885,0,6,253316,41547,0.18,0.05,32,32,4.7,Seoul,0
37886,109,2,55647,38710,0.2,0.17,0,5,3.9,Metro,0
37887,7,8,366040,47293,0.82,0.12,19,2,4.4,Seoul,0
37888,8,9,370619,40275,0.6,0.1,22,23,4.4,Other,0
37889,39,2,100257,36389,0.24,0.25,7,3,4.0,Other,0
37890,34,9,694068,67628,0.2,0.1,7,10,4.3,Metro,0
37891,24,6,182964,33593,0.27,0.12,21,18,4.4,Metro,0
37892,5,10,713861,56906,0.32,0.42,31,17,3.4,Other,0
37893,1,23,1518170,57817,0.05,0.01,26,22,4.8,Seoul,0
37894,13,13,665142,50526,0.08,0.04,28,39,4.4,Other,0
37895,24,1,27959,26364,0.42,0.05,3,5,3.7,Metro,0
37896,28,5,192211,38243,0.21,0.07,16,6,4.0,Metro,0
37897,51,2,134887,67891,0.34,0.02,17,0,4.1,Other,0
37898,7,15,877587,48004,0.13,0.08,22,25,5.0,Seoul,0
37899,21,9,475347,35257,0.44,0.52,10,14,2.4,Seoul,0
37900,18,5,213813,44883,0.91,0.13,15,15,4.3,Other,0
37901,58,1,45008,42544,0.24,0.06,2,2,4.2,Seoul,0
37902,52,8,386347,47883,0.29,0.14,12,9,4.0,Metro,0
37903,9,8,423916,55127,0.3,0.63,1,1,3.6,Other,0
37904,19,3,162919,45807,0.42,0.24,6,9,4.3,Seoul,0
37905,29,8,416520,40087,0.48,0.44,21,22,3.7,Metro,0
37906,6,6,457514,55513,0.88,0.05,10,11,4.1,Metro,0
37907,6,7,429413,47528,0.22,0.07,14,9,3.9,Other,0
37908,26,4,188479,44386,0.3,0.05,9,7,3.8,Metro,0
37909,148,30,2032020,156384,0.79,0.57,16,115,3.2,Other,-1
37910,64,5,140704,35364,0.4,0.14,11,0,3.0,Metro,0
37911,8,9,432731,49096,0.35,0.4,14,12,3.7,Metro,0
37912,7,23,976088,45841,0.31,0.14,26,38,4.9,Metro,0
37913,42,3,128911,38452,0.38,0.11,9,3,4.3,Metro,0
37914,47,3,114421,45561,0.39,0.06,8,14,4.4,Other,0
37915,9,5,322902,43722,0.19,0.57,22,0,2.8,Other,0
37916,34,10,403933,41481,0.31,0.61,7,17,3.0,Metro,0
37917,24,6,309332,47601,0.45,0.03,19,7,3.8,Seoul,0
37918,3,15,1444291,62999,0.15,0.07,22,36,4.6,Seoul,0
37919,4,6,224576,43537,0.3,0.46,26,6,4.0,Seoul,0
37920,72,2,61444,38336,0.12,0.36,7,5,4.0,Other,0
37921,21,6,171937,27437,0.31,0.05,11,11,3.7,Seoul,0
37922,74,2,35978,31220,0.17,0.01,4,1,4.7,Other,0
37923,38,6,240850,38534,0.41,0.07,12,6,3.3,Other,0
37924,14,8,207493,27361,0.2,0.25,19,20,3.8,Seoul,0
37925,22,7,255974,34540,0.35,0.03,7,15,3.7,Seoul,0
37926,135,10,1488405,176366,0.86,0.51,59,56,2.2,Other,-1
37927,22,12,484398,57945,0.76,0.17,28,15,4.2,Seoul,0
37928,90,4,152624,37713,0.18,0.07,5,5,3.8,Other,0
37929,7,15,459226,39276,0.19,0.08,22,24,4.7,Metro,0
37930,25,10,390728,47334,0.29,0.07,18,20,4.2,Other,0
37931,10,10,279463,34112,0.98,0.25,13,28,4.2,Metro,0
37932,24,2,60078,38762,0.78,0.19,10,14,4.1,Seoul,0
37933,2,11,772798,48300,0.14,0.05,23,37,4.6,Metro,0
37934,19,12,582401,45132,0.66,0.03,18,24,4.4,Metro,0
37935,40,11,633343,40480,0.29,0.08,15,4,3.7,Seoul,0
37936,2,9,458583,44196,0.94,0.08,6,28,4.5,Seoul,0
37937,11,9,254645,35111,0.82,0.07,15,17,4.2,Metro,0
37938,8,10,698694,47612,0.85,0.03,16,19,4.7,Metro,0
37939,16,8,439773,52716,0.64,0.07,20,9,4.4,Metro,0
37940,31,8,212032,18131,0.2,0.19,17,6,4.5,Metro,0
37941,7,7,423113,57419,0.91,0.02,16,9,4.4,Metro,0
37942,89,1,26766,27125,0.21,0.18,3,1,4.1,Seoul,0
37943,19,5,154771,30476,0.16,0.28,16,13,3.7,Seoul,0
37944,22,8,309319,32169,0.24,0.03,6,8,4.5,Metro,0
37945,59,10,268032,27184,0.18,0.24,10,13,3.8,Metro,0
37946,28,5,142166,44879,0.84,0.21,10,17,4.6,Other,0
37947,30,6,410538,50074,0.24,0.38,10,8,4.4,Other,0
37948,78,0,19539,34141,0.28,0.15,8,3,4.2,Other,0
37949,3,7,242612,28699,0.75,0.05,15,10,4.1,Metro,0
37950,9,12,674713,58099,0.5,0.21,13,7,4.0,Metro,0
37951,8,9,440382,44347,0.26,0.14,13,9,4.6,Other,0
37952,2,4,158005,43388,0.42,0.07,7,14,3.9,Seoul,0
37953,10,6,322571,50208,0.11,0.03,14,20,3.9,Seoul,0
37954,12,9,591900,55961,0.12,0.07,20,37,4.8,Seoul,0
37955,29,8,325839,54431,0.45,0.17,17,3,4.7,Other,0
37956,39,6,475543,55354,0.26,0.04,10,2,3.7,Other,0
37957,97,3,39256,29093,0.32,0.06,6,2,2.9,Metro,0
37958,22,12,449176,45339,0.73,0.06,17,13,4.2,Seoul,0
37959,18,15,1255299,67627,0.03,0.01,25,37,4.7,Seoul,0
37960,8,9,345104,40108,0.33,0.26,15,0,3.3,Metro,0
37961,9,17,1417675,59431,0.08,0.22,25,36,4.7,Metro,0
37962,20,13,483082,47194,0.76,0.09,13,18,4.4,Metro,0
37963,24,7,238708,46183,0.14,0.12,17,9,4.7,Metro,0
37964,18,7,395377,44711,0.18,0.15,12,10,4.1,Seoul,0
37965,16,7,239003,40354,0.69,0.05,14,26,4.7,Metro,0
37966,16,4,129623,45534,0.51,0.25,13,7,3.9,Seoul,0
37967,4,9,159112,33874,0.25,0.12,15,12,4.2,Seoul,0
37968,44,6,351580,45439,0.31,0.2,18,8,4.4,Other,0
37969,4,17,1056202,48232,0.22,0.05,27,30,4.5,Metro,0
37970,0,14,902791,67235,0.1,0.08,26,40,4.6,Other,0
37971,23,6,236780,38366,0.38,0.18,7,6,3.8,Seoul,0
37972,14,4,202712,43506,0.79,0.08,23,18,4.3,Seoul,0
37973,28,4,79790,31934,0.35,0.11,17,11,4.2,Other,0
37974,0,16,866362,44159,0.06,0.13,34,29,4.9,Seoul,0
37975,35,5,169759,26818,0.57,0.05,16,14,4.3,Seoul,0
37976,42,8,162199,21187,0.43,0.04,13,11,3.8,Metro,0
37977,22,7,392945,40690,0.48,0.06,7,20,4.5,Seoul,0
37978,27,5,243712,42081,0.16,0.5,7,10,3.4,Other,0
37979,18,9,399482,50208,0.38,0.4,12,18,3.1,Metro,0
37980,88,1,35500,30987,0.41,0.07,8,3,4.5,Seoul,0
37981,69,1,25007,19939,0.53,0.14,7,5,3.8,Metro,0
37982,14,8,187921,36862,0.58,0.13,15,8,4.5,Metro,0
37983,7,6,152470,49893,0.26,0.35,4,12,3.8,Metro,0
37984,12,7,221931,36563,0.28,0.51,18,9,4.2,Seoul,0
37985,25,6,182249,36233,0.38,0.18,14,6,4.3,Seoul,0
37986,27,12,474518,38616,0.91,0.07,15,10,4.3,Other,0
37987,2,8,148986,23754,0.25,0.45,11,8,4.0,Seoul,0
37988,3,2,49723,34051,0.22,0.37,0,10,3.9,Seoul,0
37989,23,6,246006,32586,0.44,0.04,11,11,4.3,Metro,0
37990,18,2,64840,37929,0.34,0.07,16,1,4.2,Other,0
37991,10,7,185870,33115,0.4,0.02,9,20,4.0,Seoul,0
37992,21,6,275148,40099,0.23,0.26,12,5,3.2,Seoul,0
37993,13,9,728168,57123,0.34,0.1,28,26,4.6,Seoul,0
37994,30,6,257400,43827,0.4,0.09,15,18,4.3,Seoul,0
37995,3,18,969458,58902,0.15,0.02,21,40,4.2,Other,0
37996,31,9,291973,41064,0.79,0.04,20,7,3.8,Metro,0
37997,6,17,1216169,47951,0.16,0.06,25,42,4.7,Other,0
37998,77,1,57295,34566,0.29,0.04,8,6,3.3,Other,0
37999,13,5,205572,49122,0.69,0.14,17,19,4.2,Other,0
38000,10,6,221981,44564,0.25,0.35,16,15,3.4,Seoul,0
